1,0.000,-0.500,0.000,0.000,0.000,0.000,1
2,0.000,-0.500,0.153,0.000,0.000,0.000,1
3,0.000,-0.500,0.473,0.000,0.000,0.000,1
4,0.000,-0.500,0.808,0.000,0.000,0.000,1
5,0.000,-0.500,1.088,0.000,0.000,0.000,1
6,0.000,-0.500,1.290,0.000,0.000,0.000,1
7,0.000,-0.500,1.420,0.000,0.000,0.000,1
8,0.000,-0.500,1.493,0.000,0.000,0.000,1
9,0.000,-0.500,1.522,0.000,0.000,0.000,1
10,0.000,-0.500,1.534,0.000,0.000,0.000,1
11,0.000,-0.500,1.533,0.000,0.000,0.000,1
12,-0.000,-0.500,1.527,0.000,-0.121,0.182,5.0
13,-0.000,-0.501,1.519,0.000,-0.200,0.301,5.0
14,-0.002,-0.502,1.512,0.000,-0.209,0.313,5.0
15,-0.003,-0.505,1.506,0.000,-0.161,0.242,5.0
16,-0.006,-0.508,1.507,0.000,-0.087,0.130,5.0
17,-0.008,-0.512,1.507,0.000,-0.013,0.020,5.0
18,-0.011,-0.516,1.508,0.000,0.039,-0.058,5.0
19,-0.014,-0.520,1.508,0.000,0.061,-0.089,2.0
20,-0.016,-0.524,1.509,0.000,0.056,-0.079,2.0
21,-0.018,-0.527,1.509,0.000,0.034,-0.042,2.0
22,-0.020,-0.531,1.510,0.000,0.008,0.002,2.0
23,-0.022,-0.534,1.510,0.000,-0.013,0.036,2.0
24,-0.024,-0.537,1.504,0.000,-0.023,0.052,2.0
25,-0.027,-0.541,1.503,0.000,-0.023,0.049,2.0
26,-0.029,-0.544,1.502,0.000,-0.015,0.034,2.0
27,-0.031,-0.548,1.502,0.000,-0.013,0.008,8.0
28,-0.034,-0.552,1.501,0.000,-0.009,-0.014,8.0
29,-0.036,-0.556,1.500,0.000,-0.004,-0.026,8.0
30,-0.039,-0.559,1.500,0.000,-0.000,-0.027,8.0
31,-0.041,-0.563,1.499,0.000,0.003,-0.019,8.0
32,-0.043,-0.567,1.499,0.000,0.004,-0.009,8.0
33,-0.046,-0.570,1.498,0.000,0.003,0.001,8.0
34,-0.048,-0.574,1.498,0.000,0.002,0.007,8.0
35,-0.051,-0.577,1.498,0.000,0.001,0.009,8.0
36,-0.053,-0.581,1.497,0.000,-0.000,0.007,8.0
37,-0.056,-0.585,1.497,0.000,-0.001,0.003,8.0
38,-0.058,-0.588,1.497,0.000,-0.001,-0.002,8.0
39,-0.060,-0.592,1.497,0.000,0.000,-0.005,8.0
40,-0.063,-0.596,1.496,0.000,0.001,-0.006,8.0
41,-0.065,-0.600,1.496,0.000,0.001,-0.006,8.0
42,-0.068,-0.603,1.496,0.000,0.002,-0.004,8.0
43,-0.070,-0.607,1.496,0.000,0.002,-0.003,8.0
44,-0.073,-0.610,1.496,0.000,0.002,-0.001,8.0
45,-0.075,-0.614,1.496,0.000,0.001,-0.000,8.0
46,-0.078,-0.618,1.495,0.000,0.001,-0.000,8.0
47,-0.080,-0.621,1.495,0.000,0.001,-0.001,8.0
48,-0.082,-0.625,1.495,0.000,0.001,-0.001,8.0
49,-0.085,-0.629,1.495,0.000,0.001,-0.002,8.0
50,-0.087,-0.632,1.495,0.000,0.001,-0.003,8.0
51,-0.090,-0.636,1.495,0.000,0.001,-0.003,8.0
52,-0.092,-0.640,1.495,0.000,0.001,-0.003,8.0
53,-0.095,-0.643,1.495,0.000,0.001,-0.002,8.0
54,-0.097,-0.647,1.495,0.000,0.001,-0.002,8.0
55,-0.100,-0.651,1.495,0.000,0.001,-0.002,8.0
56,-0.102,-0.654,1.495,0.000,0.001,-0.002,8.0
57,-0.104,-0.658,1.495,0.000,0.001,-0.002,8.0
58,-0.107,-0.662,1.495,0.000,0.001,-0.002,8.0
59,-0.109,-0.665,1.495,0.000,0.001,-0.002,8.0
60,-0.112,-0.669,1.494,0.000,0.001,-0.002,8.0
61,-0.114,-0.673,1.494,0.000,0.001,-0.002,8.0
62,-0.117,-0.676,1.494,0.000,0.001,-0.002,8.0
63,-0.119,-0.680,1.494,0.000,0.001,-0.002,8.0
64,-0.122,-0.684,1.494,0.000,0.001,-0.002,8.0
65,-0.124,-0.687,1.494,0.000,0.001,-0.002,8.0
66,-0.127,-0.691,1.494,0.000,0.001,-0.002,8.0
67,-0.129,-0.695,1.494,0.000,0.001,-0.002,8.0
68,-0.131,-0.698,1.494,0.000,0.001,-0.002,8.0
69,-0.134,-0.702,1.494,0.000,0.001,-0.002,8.0
70,-0.136,-0.706,1.494,0.000,0.001,-0.002,8.0
71,-0.139,-0.709,1.494,0.000,0.001,-0.002,8.0
72,-0.141,-0.713,1.494,0.000,0.001,-0.002,8.0
73,-0.144,-0.717,1.494,0.000,0.003,-0.004,8.0
74,-0.146,-0.720,1.494,0.000,0.005,-0.008,8.0
75,-0.149,-0.724,1.494,0.000,0.008,-0.012,8.0
76,-0.151,-0.727,1.494,0.000,0.010,-0.015,8.0
77,-0.153,-0.731,1.494,0.000,0.011,-0.017,8.0
78,-0.156,-0.735,1.494,0.000,0.011,-0.017,8.0
79,-0.158,-0.738,1.494,0.000,0.010,-0.016,8.0
80,-0.160,-0.741,1.494,0.000,0.010,-0.014,8.0
81,-0.162,-0.745,1.494,0.000,0.121,-0.181,8.0
82,-0.164,-0.748,1.494,0.000,0.081,-0.122,8.0
83,-0.166,-0.750,1.494,0.000,0.015,-0.024,8.0
84,-0.167,-0.752,1.494,0.000,-0.038,0.055,8.0
85,-0.169,-0.755,1.494,0.000,-0.052,0.094,2.0
86,-0.171,-0.757,1.494,0.000,-0.043,0.092,2.0
87,-0.173,-0.760,1.494,0.000,-0.021,0.061,2.0
88,-0.175,-0.764,1.494,0.000,0.286,-0.235,2.0
89,-0.176,-0.766,1.494,0.000,0.488,-0.437,2.0
90,-0.175,-0.767,1.494,0.000,0.514,-0.476,2.0
91,-0.173,-0.767,1.494,0.000,0.396,-0.390,1
92,-0.170,-0.765,1.494,0.000,0.187,-0.223,1
93,-0.165,-0.762,1.494,0.000,-0.282,0.207,8.0
94,-0.162,-0.760,1.494,0.000,-0.590,0.505,8.0
95,-0.160,-0.760,1.494,0.000,-0.654,0.584,8.0
96,-0.161,-0.761,1.494,0.000,-0.518,0.476,8.0
97,-0.163,-0.764,1.494,0.000,-0.274,0.263,8.0
98,-0.167,-0.768,1.494,0.000,-0.024,0.036,8.0
99,-0.170,-0.773,1.494,0.000,0.157,-0.134,8.0
100,-0.173,-0.777,1.495,0.000,0.234,-0.213,8.0
101,-0.176,-0.780,1.495,0.000,0.215,-0.203,8.0
102,-0.177,-0.783,1.495,0.000,0.133,-0.133,8.0
103,-0.179,-0.785,1.495,0.000,0.031,-0.041,8.0
104,-0.180,-0.787,1.495,0.000,-0.053,0.037,8.0
105,-0.181,-0.789,1.495,0.000,-0.097,0.081,8.0
106,-0.182,-0.791,1.496,0.000,-0.099,0.086,8.0
107,-0.184,-0.794,1.496,0.000,-0.070,0.062,8.0
108,-0.186,-0.796,1.496,0.000,-0.026,0.023,8.0
109,-0.189,-0.799,1.496,0.000,0.015,-0.015,8.0
110,-0.191,-0.802,1.496,0.000,0.042,-0.040,8.0
111,-0.193,-0.805,1.496,0.000,0.050,-0.049,8.0
112,-0.195,-0.808,1.496,0.000,0.043,-0.043,8.0
113,-0.196,-0.810,1.496,0.000,0.026,-0.029,8.0
114,-0.198,-0.812,1.496,0.000,0.008,-0.013,8.0
115,-0.200,-0.815,1.496,0.000,-0.005,0.000,8.0
116,-0.201,-0.817,1.496,0.000,-0.011,0.006,8.0
117,-0.203,-0.819,1.496,0.000,-0.010,0.006,8.0
118,-0.205,-0.822,1.496,0.000,-0.004,0.001,8.0
119,-0.206,-0.824,1.496,0.000,0.004,-0.006,8.0
120,-0.208,-0.826,1.496,0.000,0.010,-0.012,8.0
121,-0.210,-0.829,1.496,0.000,0.014,-0.016,8.0
122,-0.211,-0.831,1.496,0.000,0.014,-0.016,8.0
123,-0.213,-0.833,1.497,0.000,0.012,-0.015,8.0
124,-0.215,-0.835,1.497,0.000,0.009,-0.012,8.0
125,-0.216,-0.838,1.497,0.000,0.006,-0.009,8.0
126,-0.218,-0.840,1.497,0.000,0.004,-0.007,8.0
127,-0.219,-0.842,1.497,0.000,0.003,-0.006,8.0
128,-0.221,-0.844,1.497,0.000,0.004,-0.006,8.0
129,-0.222,-0.846,1.497,0.000,0.005,-0.007,8.0
130,-0.224,-0.848,1.497,0.000,0.006,-0.008,8.0
131,-0.225,-0.850,1.497,0.000,0.007,-0.009,8.0
132,-0.226,-0.852,1.497,0.000,0.007,-0.010,8.0
133,-0.228,-0.854,1.497,0.000,0.007,-0.010,8.0
134,-0.229,-0.856,1.497,0.000,0.007,-0.009,8.0
135,-0.231,-0.858,1.497,0.000,0.006,-0.008,8.0
136,-0.232,-0.859,1.497,0.000,0.006,-0.008,8.0
137,-0.233,-0.861,1.497,0.000,0.005,-0.007,8.0
138,-0.235,-0.863,1.497,0.000,0.005,-0.007,8.0
139,-0.236,-0.865,1.497,0.000,0.005,-0.007,8.0
140,-0.237,-0.867,1.497,0.000,0.005,-0.007,8.0
141,-0.238,-0.868,1.497,0.000,0.005,-0.008,8.0
142,-0.240,-0.870,1.497,0.000,0.006,-0.008,8.0
143,-0.241,-0.872,1.497,0.000,0.006,-0.008,8.0
144,-0.242,-0.874,1.497,0.000,0.005,-0.007,8.0
145,-0.243,-0.875,1.497,0.000,0.005,-0.007,8.0
146,-0.244,-0.877,1.497,0.000,0.005,-0.007,8.0
147,-0.246,-0.878,1.497,0.000,0.005,-0.007,8.0
148,-0.247,-0.880,1.497,0.000,0.005,-0.007,8.0
149,-0.248,-0.882,1.497,0.000,0.005,-0.007,8.0
150,-0.249,-0.883,1.497,0.000,0.005,-0.007,8.0
151,-0.250,-0.885,1.497,0.000,0.005,-0.007,8.0
152,-0.251,-0.886,1.497,0.000,0.005,-0.007,8.0
153,-0.252,-0.888,1.497,0.000,0.005,-0.006,8.0
154,-0.253,-0.889,1.497,0.000,0.005,-0.006,8.0
155,-0.254,-0.891,1.496,0.000,0.005,-0.006,8.0
156,-0.255,-0.892,1.496,0.000,0.004,-0.006,8.0
157,-0.256,-0.893,1.496,0.000,0.004,-0.006,8.0
158,-0.257,-0.895,1.496,0.000,0.004,-0.006,8.0
159,-0.258,-0.896,1.496,0.000,0.004,-0.006,8.0
160,-0.259,-0.898,1.496,0.000,0.004,-0.006,8.0
161,-0.260,-0.899,1.496,0.000,0.004,-0.006,8.0
162,-0.261,-0.900,1.496,0.000,0.004,-0.006,8.0
163,-0.262,-0.902,1.496,0.000,0.004,-0.006,8.0
164,-0.263,-0.903,1.496,0.000,0.004,-0.006,8.0
165,-0.264,-0.904,1.496,0.000,0.004,-0.005,8.0
166,-0.265,-0.905,1.496,0.000,0.004,-0.005,8.0
167,-0.266,-0.907,1.496,0.000,0.004,-0.005,8.0
168,-0.267,-0.908,1.496,0.000,0.004,-0.005,8.0
169,-0.268,-0.909,1.496,0.000,0.004,-0.005,8.0
170,-0.269,-0.910,1.496,0.000,0.004,-0.005,8.0
171,-0.269,-0.911,1.496,0.000,0.004,-0.005,8.0
172,-0.270,-0.913,1.496,0.000,0.004,-0.005,8.0
173,-0.271,-0.914,1.496,0.000,0.004,-0.005,8.0
174,-0.272,-0.915,1.496,0.000,0.004,-0.005,8.0
175,-0.273,-0.916,1.496,0.000,0.003,-0.005,8.0
176,-0.273,-0.917,1.496,0.000,0.003,-0.005,8.0
177,-0.274,-0.918,1.496,0.000,0.003,-0.005,8.0
178,-0.275,-0.919,1.496,0.000,0.003,-0.005,8.0
179,-0.276,-0.920,1.496,0.000,0.003,-0.005,8.0
180,-0.277,-0.921,1.496,0.000,0.003,-0.004,8.0
181,-0.277,-0.922,1.496,0.000,0.003,-0.004,8.0
182,-0.278,-0.923,1.496,0.000,0.003,-0.004,8.0
183,-0.279,-0.924,1.496,0.000,0.003,-0.004,8.0
184,-0.279,-0.925,1.496,0.000,0.003,-0.004,8.0
185,-0.280,-0.926,1.496,0.000,0.003,-0.004,8.0
186,-0.281,-0.927,1.496,0.000,0.003,-0.004,8.0
187,-0.282,-0.928,1.496,0.000,0.003,-0.004,8.0
188,-0.282,-0.929,1.496,0.000,0.003,-0.004,8.0
189,-0.283,-0.930,1.496,0.000,0.003,-0.004,8.0
190,-0.284,-0.931,1.496,0.000,0.003,-0.004,8.0
191,-0.284,-0.932,1.496,0.000,0.003,-0.004,8.0
192,-0.285,-0.933,1.496,0.000,0.003,-0.004,8.0
193,-0.285,-0.934,1.496,0.000,0.003,-0.004,8.0
194,-0.286,-0.935,1.496,0.000,0.003,-0.004,8.0
195,-0.287,-0.935,1.496,0.000,0.003,-0.004,8.0
196,-0.287,-0.936,1.496,0.000,0.003,-0.004,8.0
197,-0.288,-0.937,1.496,0.000,0.003,-0.004,8.0
198,-0.289,-0.938,1.496,0.000,0.003,-0.004,8.0
199,-0.289,-0.939,1.496,0.000,0.003,-0.004,8.0
200,-0.290,-0.940,1.496,0.000,0.002,-0.003,8.0
201,-0.290,-0.940,1.496,0.000,0.002,-0.003,8.0
202,-0.291,-0.941,1.496,0.000,0.002,-0.003,8.0
203,-0.291,-0.942,1.496,0.000,0.002,-0.003,8.0
204,-0.292,-0.943,1.496,0.000,0.002,-0.003,8.0
205,-0.292,-0.943,1.496,0.000,0.002,-0.003,8.0
206,-0.293,-0.944,1.496,0.000,0.002,-0.003,8.0
207,-0.294,-0.945,1.496,0.000,0.002,-0.003,8.0
208,-0.294,-0.946,1.496,0.000,0.002,-0.003,8.0
209,-0.295,-0.946,1.496,0.000,0.002,-0.003,8.0
210,-0.295,-0.947,1.496,0.000,0.002,-0.003,8.0
211,-0.296,-0.948,1.496,0.000,0.002,-0.003,8.0
212,-0.296,-0.948,1.496,0.000,0.002,-0.003,8.0
213,-0.297,-0.949,1.496,0.000,0.002,-0.003,8.0
214,-0.297,-0.950,1.496,0.000,0.002,-0.003,8.0
215,-0.298,-0.950,1.496,0.000,0.002,-0.003,8.0
216,-0.298,-0.951,1.496,0.000,0.002,-0.003,8.0
217,-0.298,-0.952,1.496,0.000,0.002,-0.003,8.0
218,-0.299,-0.952,1.496,0.000,0.002,-0.003,8.0
219,-0.299,-0.953,1.496,0.000,0.002,-0.003,8.0
220,-0.300,-0.954,1.496,0.000,0.002,-0.003,8.0
221,-0.300,-0.954,1.496,0.000,0.002,-0.003,8.0
222,-0.301,-0.955,1.496,0.000,0.002,-0.003,8.0
223,-0.301,-0.955,1.496,0.000,0.002,-0.003,8.0
224,-0.302,-0.956,1.496,0.000,0.002,-0.003,8.0
225,-0.302,-0.956,1.496,0.000,0.002,-0.002,8.0
226,-0.302,-0.957,1.496,0.000,0.002,-0.002,8.0
227,-0.303,-0.958,1.496,0.000,0.002,-0.002,8.0
228,-0.303,-0.958,1.496,0.000,0.002,-0.002,8.0
229,-0.304,-0.959,1.496,0.000,0.002,-0.002,8.0
230,-0.304,-0.959,1.496,0.000,0.002,-0.002,8.0
231,-0.304,-0.960,1.496,0.000,0.002,-0.002,8.0
232,-0.305,-0.960,1.496,0.000,0.002,-0.002,8.0
233,-0.305,-0.961,1.496,0.000,0.002,-0.002,8.0
234,-0.305,-0.961,1.496,0.000,0.002,-0.002,8.0
235,-0.306,-0.962,1.496,0.000,0.002,-0.002,8.0
236,-0.306,-0.962,1.496,0.000,0.002,-0.002,8.0
237,-0.307,-0.963,1.496,0.000,0.002,-0.002,8.0
238,-0.307,-0.963,1.496,0.000,0.002,-0.002,8.0
239,-0.307,-0.964,1.496,0.000,0.001,-0.002,8.0
240,-0.308,-0.964,1.496,0.000,0.001,-0.002,8.0
241,-0.308,-0.965,1.496,0.000,0.001,-0.002,8.0
242,-0.308,-0.965,1.496,0.000,0.001,-0.002,8.0
243,-0.309,-0.966,1.496,0.000,0.001,-0.002,8.0
244,-0.309,-0.966,1.496,0.000,0.001,-0.002,8.0
245,-0.309,-0.967,1.496,0.000,0.001,-0.002,8.0
246,-0.310,-0.967,1.496,0.000,0.001,-0.002,8.0
247,-0.310,-0.967,1.496,0.000,0.001,-0.002,8.0
248,-0.310,-0.968,1.496,0.000,0.001,-0.002,8.0
249,-0.310,-0.968,1.496,0.000,0.001,-0.002,8.0
250,-0.311,-0.969,1.496,0.000,0.001,-0.002,8.0
251,-0.311,-0.969,1.496,0.000,0.001,-0.002,8.0
252,-0.311,-0.970,1.496,0.000,0.001,-0.002,8.0
253,-0.312,-0.970,1.496,0.000,0.001,-0.002,8.0
254,-0.312,-0.970,1.496,0.000,0.001,-0.002,8.0
255,-0.312,-0.971,1.496,0.000,0.001,-0.002,8.0
256,-0.312,-0.971,1.496,0.000,0.001,-0.002,8.0
257,-0.313,-0.971,1.496,0.000,0.001,-0.002,8.0
258,-0.313,-0.972,1.496,0.000,0.001,-0.002,8.0
259,-0.313,-0.972,1.496,0.000,0.001,-0.002,8.0
260,-0.314,-0.973,1.496,0.000,0.001,-0.002,8.0
261,-0.314,-0.973,1.496,0.000,0.001,-0.002,8.0
262,-0.314,-0.973,1.496,0.000,0.001,-0.002,8.0
263,-0.314,-0.974,1.496,0.000,0.001,-0.002,8.0
264,-0.315,-0.974,1.496,0.000,0.001,-0.001,8.0
265,-0.315,-0.974,1.496,0.000,0.001,-0.001,8.0
266,-0.315,-0.975,1.496,0.000,0.001,-0.001,8.0
267,-0.315,-0.975,1.496,0.000,0.001,-0.001,8.0
268,-0.316,-0.975,1.496,0.000,0.001,-0.001,8.0
269,-0.316,-0.976,1.496,0.000,0.001,-0.001,8.0
270,-0.316,-0.976,1.496,0.000,0.001,-0.001,8.0
271,-0.316,-0.976,1.496,0.000,0.001,-0.001,8.0
272,-0.316,-0.977,1.496,0.000,0.001,-0.001,8.0
273,-0.317,-0.977,1.496,0.000,0.001,-0.001,8.0
274,-0.317,-0.977,1.496,0.000,0.001,-0.001,8.0
275,-0.317,-0.977,1.496,0.000,0.001,-0.001,8.0
276,-0.317,-0.978,1.496,0.000,0.001,-0.001,8.0
277,-0.318,-0.978,1.496,0.000,0.001,-0.001,8.0
278,-0.318,-0.978,1.496,0.000,0.001,-0.001,8.0
279,-0.318,-0.979,1.496,0.000,0.001,-0.001,8.0
280,-0.318,-0.979,1.496,0.000,0.001,-0.001,8.0
281,-0.318,-0.979,1.496,0.000,0.001,-0.001,8.0
282,-0.319,-0.979,1.496,0.000,0.001,-0.001,8.0
283,-0.319,-0.980,1.496,0.000,0.001,-0.001,8.0
284,-0.319,-0.980,1.496,0.000,0.001,-0.001,8.0
285,-0.319,-0.980,1.496,0.000,0.001,-0.001,8.0
286,-0.319,-0.981,1.496,0.000,0.001,-0.001,8.0
287,-0.319,-0.981,1.496,0.000,0.001,-0.001,8.0
288,-0.320,-0.981,1.496,0.000,0.001,-0.001,8.0
289,-0.320,-0.981,1.496,0.000,0.001,-0.001,8.0
290,-0.320,-0.982,1.496,0.000,0.001,-0.001,8.0
291,-0.320,-0.982,1.496,0.000,0.001,-0.001,8.0
292,-0.320,-0.982,1.496,0.000,0.001,-0.001,8.0
293,-0.321,-0.982,1.496,0.000,0.001,-0.001,8.0
294,-0.321,-0.982,1.496,0.000,0.001,-0.001,8.0
295,-0.321,-0.983,1.496,0.000,0.001,-0.001,8.0
296,-0.321,-0.983,1.496,0.000,0.001,-0.001,8.0
297,-0.321,-0.983,1.496,0.000,0.001,-0.001,8.0
298,-0.321,-0.983,1.496,0.000,0.001,-0.001,8.0
299,-0.321,-0.984,1.496,0.000,0.001,-0.001,8.0
300,-0.322,-0.984,1.496,0.000,0.001,-0.001,8.0
301,-0.322,-0.984,1.496,0.000,0.001,-0.001,8.0
302,-0.322,-0.984,1.496,0.000,0.001,-0.001,8.0
303,-0.322,-0.984,1.496,0.000,0.001,-0.001,8.0
304,-0.322,-0.985,1.496,0.000,0.001,-0.001,8.0
305,-0.322,-0.985,1.496,0.000,0.001,-0.001,8.0
306,-0.323,-0.985,1.496,0.000,0.001,-0.001,8.0
307,-0.323,-0.985,1.496,0.000,0.001,-0.001,8.0
308,-0.323,-0.985,1.496,0.000,0.001,-0.001,8.0
309,-0.323,-0.986,1.496,0.000,0.001,-0.001,8.0
310,-0.323,-0.986,1.496,0.000,0.001,-0.001,8.0
311,-0.323,-0.986,1.496,0.000,0.001,-0.001,8.0
312,-0.323,-0.986,1.496,0.000,0.001,-0.001,8.0
313,-0.323,-0.986,1.496,0.000,0.001,-0.001,8.0
314,-0.324,-0.987,1.496,0.000,0.001,-0.001,8.0
315,-0.324,-0.987,1.496,0.000,0.001,-0.001,8.0
316,-0.324,-0.987,1.496,0.000,0.001,-0.001,8.0
317,-0.324,-0.987,1.496,0.000,0.001,-0.001,8.0
318,-0.324,-0.987,1.496,0.000,0.001,-0.001,8.0
319,-0.324,-0.987,1.496,0.000,0.001,-0.001,8.0
320,-0.324,-0.988,1.496,0.000,0.001,-0.001,8.0
321,-0.324,-0.988,1.496,0.000,0.001,-0.001,8.0
322,-0.325,-0.988,1.496,0.000,0.000,-0.001,8.0
323,-0.325,-0.988,1.496,0.000,0.000,-0.001,8.0
324,-0.325,-0.988,1.496,0.000,0.000,-0.001,8.0
325,-0.325,-0.988,1.496,0.000,0.000,-0.001,8.0
326,-0.325,-0.988,1.496,0.000,0.000,-0.001,8.0
327,-0.325,-0.989,1.496,0.000,0.000,-0.001,8.0
328,-0.325,-0.989,1.496,0.000,0.000,-0.001,8.0
329,-0.325,-0.989,1.496,0.000,0.000,-0.001,8.0
330,-0.325,-0.989,1.496,0.000,0.000,-0.001,8.0
331,-0.326,-0.989,1.496,0.000,0.000,-0.001,8.0
332,-0.326,-0.989,1.496,0.000,0.000,-0.001,8.0
333,-0.326,-0.990,1.496,0.000,0.000,-0.001,8.0
334,-0.326,-0.990,1.496,0.000,0.000,-0.001,8.0
335,-0.326,-0.990,1.496,0.000,0.000,-0.001,8.0
336,-0.326,-0.990,1.496,0.000,0.000,-0.001,8.0
337,-0.326,-0.990,1.496,0.000,0.000,-0.001,8.0
338,-0.326,-0.990,1.496,0.000,0.000,-0.001,8.0
339,-0.326,-0.990,1.496,0.000,0.000,-0.001,8.0
340,-0.326,-0.990,1.496,0.000,0.000,-0.001,8.0
341,-0.327,-0.991,1.496,0.000,0.000,-0.001,8.0
342,-0.327,-0.991,1.496,0.000,0.000,-0.001,8.0
343,-0.327,-0.991,1.496,0.000,0.000,-0.001,8.0
344,-0.327,-0.991,1.496,0.000,0.000,-0.001,8.0
345,-0.327,-0.991,1.496,0.000,0.000,-0.001,8.0
346,-0.327,-0.991,1.496,0.000,0.000,-0.001,8.0
347,-0.327,-0.991,1.496,0.000,0.000,-0.000,8.0
348,-0.327,-0.991,1.496,0.000,0.000,-0.000,8.0
349,-0.327,-0.992,1.496,0.000,0.000,-0.000,8.0
350,-0.327,-0.992,1.496,0.000,0.000,-0.000,8.0
351,-0.327,-0.992,1.496,0.000,0.000,-0.000,8.0
352,-0.327,-0.992,1.496,0.000,0.000,-0.000,8.0
353,-0.328,-0.992,1.496,0.000,0.000,-0.000,8.0
354,-0.328,-0.992,1.496,0.000,0.004,-0.005,8.0
355,-0.328,-0.992,1.496,0.000,0.006,-0.009,8.0
356,-0.328,-0.992,1.496,0.000,0.006,-0.009,8.0
357,-0.328,-0.992,1.496,0.000,0.005,-0.007,8.0
358,-0.328,-0.992,1.496,0.000,0.003,-0.004,8.0
359,-0.328,-0.992,1.496,0.000,0.000,-0.000,8.0
360,-0.328,-0.992,1.496,0.000,-0.001,0.002,8.0
361,-0.328,-0.992,1.496,0.000,-0.002,0.003,8.0
362,-0.328,-0.992,1.496,0.000,-0.002,0.002,8.0
363,-0.328,-0.992,1.496,0.000,-0.001,0.001,8.0
364,-0.328,-0.992,1.496,0.000,0.000,-0.000,8.0
365,-0.328,-0.992,1.496,0.000,0.001,-0.001,8.0
366,-0.328,-0.992,1.496,0.000,0.001,-0.001,8.0
367,-0.328,-0.992,1.496,0.000,0.001,-0.001,8.0
368,-0.328,-0.992,1.496,0.000,0.001,-0.001,8.0
369,-0.328,-0.992,1.496,0.000,0.000,-0.000,8.0
370,-0.328,-0.992,1.496,0.000,-0.000,0.000,8.0
371,-0.328,-0.992,1.496,0.000,-0.000,0.000,8.0
372,-0.328,-0.992,1.496,0.000,-0.000,0.000,8.0
373,-0.328,-0.992,1.496,0.000,-0.000,0.000,8.0
374,-0.328,-0.992,1.496,0.000,-0.000,0.000,8.0
375,-0.328,-0.992,1.496,0.000,0.000,-0.000,8.0
376,-0.328,-0.992,1.496,0.000,0.000,-0.000,8.0
377,-0.328,-0.992,1.496,0.000,0.000,-0.000,8.0
378,-0.328,-0.992,1.496,0.000,0.000,-0.000,8.0
379,-0.328,-0.992,1.496,0.000,0.000,-0.000,8.0
380,-0.328,-0.992,1.496,0.000,0.000,-0.000,8.0
381,-0.328,-0.992,1.496,0.000,-0.000,0.000,8.0
382,-0.328,-0.992,1.496,0.000,-0.000,0.000,8.0
383,-0.328,-0.992,1.496,0.000,-0.000,0.000,8.0
384,-0.328,-0.992,1.496,0.000,-0.000,0.000,8.0
385,-0.328,-0.992,1.496,0.000,-0.000,0.000,8.0
386,-0.328,-0.992,1.496,0.000,0.000,-0.000,8.0
387,-0.328,-0.992,1.496,0.000,0.000,-0.000,8.0
388,-0.328,-0.992,1.496,0.000,0.000,-0.000,8.0
389,-0.328,-0.992,1.496,0.000,0.000,-0.000,8.0
390,-0.328,-0.992,1.496,0.000,0.000,-0.000,8.0
391,-0.328,-0.992,1.496,0.000,-0.000,0.000,8.0
392,-0.328,-0.992,1.496,0.000,-0.000,0.000,8.0
393,-0.328,-0.992,1.496,0.000,-0.000,0.000,8.0
394,-0.328,-0.992,1.496,0.000,-0.000,0.000,8.0
395,-0.328,-0.992,1.496,0.000,-0.000,0.000,8.0
396,-0.328,-0.992,1.496,0.000,-0.000,0.000,8.0
397,-0.328,-0.992,1.496,0.000,0.000,-0.000,8.0
398,-0.328,-0.992,1.496,0.000,0.000,-0.000,8.0
399,-0.328,-0.992,1.496,0.000,0.000,-0.000,8.0
400,-0.328,-0.992,1.496,0.000,0.000,-0.000,8.0
401,-0.328,-0.992,1.496,0.000,0.000,-0.000,8.0
402,-0.328,-0.992,1.496,0.000,-0.000,0.000,8.0
403,-0.328,-0.992,1.496,0.000,-0.000,0.000,8.0
404,-0.328,-0.992,1.496,0.000,-0.000,0.000,8.0
405,-0.328,-0.992,1.496,0.000,-0.000,0.000,8.0
406,-0.328,-0.992,1.496,0.000,-0.000,0.000,8.0
407,-0.328,-0.992,1.496,0.000,0.000,-0.000,8.0
408,-0.328,-0.992,1.496,0.000,0.000,-0.000,8.0
409,-0.328,-0.992,1.496,0.000,0.000,-0.000,8.0
410,-0.328,-0.992,1.496,0.000,0.000,-0.000,8.0
411,-0.328,-0.992,1.496,0.000,0.000,-0.000,8.0
412,-0.328,-0.992,1.496,0.000,0.000,-0.000,8.0
413,-0.328,-0.992,1.496,0.000,-0.000,0.000,8.0
414,-0.328,-0.992,1.496,0.000,-0.000,0.000,8.0
415,-0.328,-0.992,1.496,0.000,-0.000,0.000,8.0
416,-0.328,-0.992,1.496,0.000,-0.000,0.000,8.0
417,-0.328,-0.992,1.496,0.000,-0.000,0.000,8.0
418,-0.328,-0.992,1.496,0.000,0.000,-0.000,8.0
419,-0.328,-0.992,1.496,0.000,0.000,-0.000,8.0
420,-0.328,-0.992,1.496,0.000,0.000,-0.000,8.0
421,-0.328,-0.992,1.496,0.000,0.000,-0.000,8.0
422,-0.328,-0.992,1.496,0.000,0.000,-0.000,8.0
423,-0.328,-0.992,1.496,0.000,-0.000,0.000,8.0
424,-0.328,-0.992,1.496,0.000,-0.000,0.000,8.0
425,-0.328,-0.992,1.496,0.000,-0.000,0.000,8.0
426,-0.328,-0.992,1.496,0.000,-0.000,0.000,8.0
427,-0.328,-0.992,1.496,0.000,-0.000,0.000,8.0
428,-0.328,-0.992,1.496,0.000,-0.000,0.000,8.0
429,-0.328,-0.992,1.496,0.000,0.000,-0.000,8.0
430,-0.328,-0.992,1.496,0.000,0.000,-0.000,8.0
431,-0.328,-0.992,1.496,0.000,0.000,-0.000,8.0
432,-0.328,-0.992,1.496,0.000,0.000,-0.000,8.0
433,-0.328,-0.992,1.496,0.000,0.000,-0.000,8.0
434,-0.328,-0.992,1.496,0.000,-0.000,0.000,8.0
435,-0.328,-0.992,1.496,0.000,-0.000,0.000,8.0
436,-0.328,-0.992,1.496,0.000,-0.000,0.000,8.0
437,-0.328,-0.992,1.496,0.000,-0.000,0.000,8.0
438,-0.328,-0.992,1.496,0.000,-0.000,0.000,8.0
439,-0.328,-0.992,1.496,0.000,0.000,-0.000,8.0
440,-0.328,-0.992,1.496,0.000,0.000,-0.000,8.0
441,-0.328,-0.992,1.496,0.000,0.000,-0.000,8.0
442,-0.328,-0.992,1.496,0.000,0.000,-0.000,8.0
443,-0.328,-0.992,1.496,0.000,0.000,-0.000,8.0
444,-0.328,-0.992,1.496,0.000,0.000,-0.000,8.0
445,-0.328,-0.992,1.496,0.000,-0.000,0.000,8.0
446,-0.328,-0.992,1.496,0.000,-0.000,0.000,8.0
447,-0.328,-0.992,1.496,0.000,-0.000,0.000,8.0
448,-0.328,-0.992,1.496,0.000,-0.000,0.000,8.0
449,-0.328,-0.992,1.496,0.000,-0.000,0.000,8.0
450,-0.328,-0.992,1.496,0.000,0.000,-0.000,8.0
451,-0.328,-0.992,1.496,0.000,0.000,-0.000,8.0
452,-0.328,-0.992,1.496,0.000,0.000,-0.000,8.0
453,-0.328,-0.992,1.496,0.000,0.000,-0.000,8.0
454,-0.328,-0.992,1.496,0.000,0.000,-0.000,8.0
455,-0.328,-0.992,1.496,0.000,-0.000,0.000,8.0
456,-0.328,-0.992,1.496,0.000,-0.000,0.000,8.0
457,-0.328,-0.992,1.496,0.000,-0.000,0.000,8.0
458,-0.328,-0.992,1.496,0.000,-0.000,0.000,8.0
459,-0.328,-0.992,1.496,0.000,-0.000,0.000,8.0
460,-0.328,-0.992,1.496,0.000,0.003,0.007,2.0
461,-0.328,-0.992,1.496,0.000,0.006,0.012,2.0
462,-0.328,-0.992,1.496,0.000,0.006,0.013,2.0
463,-0.328,-0.992,1.496,0.000,0.218,-0.024,2.0
464,-0.327,-0.992,1.496,0.000,0.356,-0.051,2.0
465,-0.325,-0.992,1.496,0.000,0.368,-0.059,2.0
466,-0.322,-0.992,1.496,0.000,0.265,-0.048,1
467,-0.318,-0.992,1.496,0.000,0.090,-0.025,1
468,-0.313,-0.991,1.496,0.000,-0.241,0.028,8.0
469,-0.309,-0.990,1.496,0.000,-0.447,0.063,8.0
470,-0.307,-0.990,1.496,0.000,-0.476,0.072,8.0
471,-0.306,-0.990,1.496,0.000,-0.366,0.058,8.0
472,-0.307,-0.990,1.496,0.000,-0.185,0.032,8.0
473,-0.308,-0.990,1.496,0.000,-0.007,0.005,8.0
474,-0.310,-0.991,1.496,0.000,0.118,-0.016,8.0
475,-0.311,-0.991,1.496,0.000,0.166,-0.025,8.0
476,-0.311,-0.991,1.497,0.000,0.146,-0.024,8.0
477,-0.311,-0.991,1.497,0.000,0.084,-0.015,8.0
478,-0.311,-0.991,1.497,0.000,0.010,-0.004,8.0
479,-0.310,-0.991,1.497,0.000,-0.048,0.006,8.0
480,-0.310,-0.991,1.497,0.000,-0.077,0.011,8.0
481,-0.310,-0.991,1.497,0.000,-0.076,0.011,8.0
482,-0.310,-0.991,1.497,0.000,-0.053,0.008,8.0
483,-0.311,-0.992,1.497,0.000,-0.020,0.004,8.0
484,-0.311,-0.992,1.497,0.000,0.009,-0.001,8.0
485,-0.312,-0.992,1.497,0.000,0.027,-0.004,8.0
486,-0.312,-0.992,1.497,0.000,0.032,-0.005,8.0
487,-0.312,-0.992,1.497,0.000,0.025,-0.004,8.0
488,-0.312,-0.992,1.497,0.000,0.013,-0.003,8.0
489,-0.313,-0.992,1.497,0.000,0.000,-0.001,8.0
490,-0.313,-0.992,1.497,0.000,-0.009,0.001,8.0
491,-0.313,-0.992,1.497,0.000,-0.013,0.002,8.0
492,-0.313,-0.993,1.497,0.000,-0.011,0.002,8.0
493,-0.313,-0.993,1.497,0.000,-0.007,0.001,8.0
494,-0.314,-0.993,1.497,0.000,-0.001,0.000,8.0
495,-0.314,-0.993,1.497,0.000,0.004,-0.001,8.0
496,-0.314,-0.993,1.497,0.000,0.006,-0.001,8.0
497,-0.315,-0.993,1.497,0.000,0.006,-0.001,8.0
498,-0.315,-0.993,1.497,0.000,0.005,-0.001,8.0
499,-0.315,-0.993,1.497,0.000,0.003,-0.001,8.0
500,-0.315,-0.993,1.497,0.000,0.000,-0.000,8.0
501,-0.316,-0.993,1.497,0.000,-0.001,-0.000,8.0
502,-0.316,-0.993,1.497,0.000,-0.001,-0.000,8.0
503,-0.316,-0.994,1.497,0.000,-0.001,-0.000,8.0
504,-0.316,-0.994,1.497,0.000,-0.000,-0.000,8.0
505,-0.316,-0.994,1.497,0.000,0.001,-0.000,8.0
506,-0.317,-0.994,1.497,0.000,0.002,-0.000,8.0
507,-0.317,-0.994,1.497,0.000,0.002,-0.000,8.0
508,-0.317,-0.994,1.497,0.000,0.002,-0.000,8.0
509,-0.317,-0.994,1.497,0.000,0.001,-0.000,8.0
510,-0.318,-0.994,1.497,0.000,0.001,-0.000,8.0
511,-0.318,-0.994,1.497,0.000,0.001,-0.000,8.0
512,-0.318,-0.994,1.497,0.000,0.000,-0.000,8.0
513,-0.318,-0.994,1.497,0.000,0.000,-0.000,8.0
514,-0.318,-0.994,1.497,0.000,0.001,-0.000,8.0
515,-0.319,-0.994,1.497,0.000,0.001,-0.000,8.0
516,-0.319,-0.995,1.497,0.000,0.001,-0.000,8.0
517,-0.319,-0.995,1.497,0.000,0.001,-0.000,8.0
518,-0.319,-0.995,1.497,0.000,0.001,-0.000,8.0
519,-0.319,-0.995,1.497,0.000,0.001,-0.000,8.0
520,-0.319,-0.995,1.497,0.000,0.001,-0.000,8.0
521,-0.320,-0.995,1.497,0.000,0.001,-0.000,8.0
522,-0.320,-0.995,1.497,0.000,0.001,-0.000,8.0
523,-0.320,-0.995,1.497,0.000,0.001,-0.000,8.0
524,-0.320,-0.995,1.497,0.000,0.001,-0.000,8.0
525,-0.320,-0.995,1.497,0.000,0.001,-0.000,8.0
526,-0.321,-0.995,1.497,0.000,0.001,-0.000,8.0
527,-0.321,-0.995,1.497,0.000,0.001,-0.000,8.0
528,-0.321,-0.995,1.497,0.000,0.001,-0.000,8.0
529,-0.321,-0.995,1.497,0.000,0.001,-0.000,8.0
530,-0.321,-0.995,1.497,0.000,0.001,-0.000,8.0
531,-0.321,-0.996,1.497,0.000,0.001,-0.000,8.0
532,-0.322,-0.996,1.497,0.000,0.001,-0.000,8.0
533,-0.322,-0.996,1.497,0.000,0.001,-0.000,8.0
534,-0.322,-0.996,1.497,0.000,0.001,-0.000,8.0
535,-0.322,-0.996,1.497,0.000,0.001,-0.000,8.0
536,-0.322,-0.996,1.497,0.000,0.001,-0.000,8.0
537,-0.322,-0.996,1.497,0.000,0.001,-0.000,8.0
538,-0.322,-0.996,1.497,0.000,0.001,-0.000,8.0
539,-0.323,-0.996,1.497,0.000,0.001,-0.000,8.0
540,-0.323,-0.996,1.497,0.000,0.001,-0.000,8.0
541,-0.323,-0.996,1.497,0.000,0.001,-0.000,8.0
542,-0.323,-0.996,1.497,0.000,0.001,-0.000,8.0
543,-0.323,-0.996,1.497,0.000,0.001,-0.000,8.0
544,-0.323,-0.996,1.497,0.000,0.001,-0.000,8.0
545,-0.323,-0.996,1.497,0.000,0.001,-0.000,8.0
546,-0.323,-0.996,1.497,0.000,0.001,-0.000,8.0
547,-0.324,-0.996,1.497,0.000,0.001,-0.000,8.0
548,-0.324,-0.996,1.497,0.000,0.001,-0.000,8.0
549,-0.324,-0.996,1.497,0.000,0.001,-0.000,8.0
550,-0.324,-0.997,1.497,0.000,0.001,-0.000,8.0
551,-0.324,-0.997,1.497,0.000,0.006,-0.002,8.0
552,-0.324,-0.997,1.497,0.000,0.010,-0.004,8.0
553,-0.324,-0.997,1.497,0.000,0.010,-0.004,8.0
554,-0.324,-0.997,1.497,0.000,0.008,-0.003,8.0
555,-0.324,-0.997,1.497,0.000,0.004,-0.002,8.0
556,-0.324,-0.997,1.497,0.000,0.001,-0.000,8.0
557,-0.324,-0.997,1.497,0.000,-0.002,0.001,8.0
558,-0.324,-0.997,1.497,0.000,-0.003,0.001,8.0
559,-0.324,-0.997,1.497,0.000,-0.003,0.001,8.0
560,-0.324,-0.997,1.497,0.000,-0.001,0.000,8.0
561,-0.324,-0.997,1.497,0.000,0.000,-0.000,8.0
562,-0.324,-0.997,1.497,0.000,0.001,-0.000,8.0
563,-0.324,-0.997,1.497,0.000,0.002,-0.001,8.0
564,-0.324,-0.997,1.497,0.000,0.002,-0.001,8.0
565,-0.324,-0.997,1.497,0.000,0.001,-0.000,8.0
566,-0.324,-0.997,1.497,0.000,0.000,-0.000,8.0
567,-0.324,-0.997,1.497,0.000,-0.000,0.000,8.0
568,-0.324,-0.997,1.497,0.000,-0.000,0.000,8.0
569,-0.324,-0.997,1.497,0.000,-0.001,0.000,8.0
570,-0.324,-0.997,1.497,0.000,-0.000,0.000,8.0
571,-0.324,-0.997,1.497,0.000,-0.000,0.000,8.0
572,-0.324,-0.997,1.497,0.000,0.000,-0.000,8.0
573,-0.324,-0.997,1.497,0.000,0.000,-0.000,8.0
574,-0.324,-0.997,1.497,0.000,0.000,-0.000,8.0
575,-0.324,-0.997,1.497,0.000,0.000,-0.000,8.0
576,-0.324,-0.997,1.497,0.000,0.000,-0.000,8.0
577,-0.324,-0.997,1.497,0.000,0.000,-0.000,8.0
578,-0.324,-0.997,1.497,0.000,-0.000,0.000,8.0
579,-0.324,-0.997,1.497,0.000,-0.000,0.000,8.0
580,-0.324,-0.997,1.497,0.000,-0.000,0.000,8.0
581,-0.324,-0.997,1.497,0.000,-0.000,0.000,8.0
582,-0.324,-0.997,1.497,0.000,-0.000,0.000,8.0
583,-0.324,-0.997,1.497,0.000,0.000,-0.000,8.0
584,-0.324,-0.997,1.497,0.000,0.000,-0.000,8.0
585,-0.324,-0.997,1.497,0.000,0.000,-0.000,8.0
586,-0.324,-0.997,1.497,0.000,0.000,-0.000,8.0
587,-0.324,-0.997,1.497,0.000,0.000,-0.000,8.0
588,-0.324,-0.997,1.497,0.000,-0.000,0.000,8.0
589,-0.324,-0.997,1.497,0.000,-0.000,0.000,8.0
590,-0.324,-0.997,1.497,0.000,-0.000,0.000,8.0
591,-0.324,-0.997,1.497,0.000,-0.000,0.000,8.0
592,-0.324,-0.997,1.497,0.000,-0.000,0.000,8.0
593,-0.324,-0.997,1.497,0.000,-0.000,0.000,8.0
594,-0.324,-0.997,1.497,0.000,0.000,-0.000,8.0
595,-0.324,-0.997,1.497,0.000,0.000,-0.000,8.0
596,-0.324,-0.997,1.497,0.000,0.000,-0.000,8.0
597,-0.324,-0.997,1.497,0.000,0.000,-0.000,8.0
598,-0.324,-0.997,1.497,0.000,0.000,-0.000,8.0
599,-0.324,-0.997,1.497,0.000,-0.000,0.000,8.0
600,-0.324,-0.997,1.497,0.000,-0.000,0.000,8.0
601,-0.324,-0.997,1.497,0.000,-0.000,0.000,8.0
602,-0.324,-0.997,1.497,0.000,-0.000,0.000,8.0
603,-0.324,-0.997,1.497,0.000,-0.000,0.000,8.0
604,-0.324,-0.997,1.497,0.000,0.000,-0.000,8.0
605,-0.324,-0.997,1.497,0.000,0.000,-0.000,8.0
606,-0.324,-0.997,1.497,0.000,0.000,-0.000,8.0
607,-0.324,-0.997,1.497,0.000,0.000,-0.000,8.0
608,-0.324,-0.997,1.497,0.000,0.000,-0.000,8.0
609,-0.324,-0.997,1.497,0.000,0.000,-0.000,8.0
610,-0.324,-0.997,1.497,0.000,-0.000,0.000,8.0
611,-0.324,-0.997,1.497,0.000,-0.000,0.000,8.0
612,-0.324,-0.997,1.497,0.000,-0.000,0.000,8.0
613,-0.324,-0.997,1.497,0.000,-0.000,0.000,8.0
614,-0.324,-0.997,1.497,0.000,-0.000,0.000,8.0
615,-0.324,-0.997,1.497,0.000,0.000,-0.000,8.0
616,-0.324,-0.997,1.497,0.000,0.000,-0.000,8.0
617,-0.324,-0.997,1.497,0.000,0.000,-0.000,8.0
618,-0.324,-0.997,1.497,0.000,0.000,-0.000,8.0
619,-0.324,-0.997,1.497,0.000,0.000,-0.000,8.0
620,-0.324,-0.997,1.497,0.000,-0.000,0.000,8.0
621,-0.324,-0.997,1.497,0.000,-0.000,0.000,8.0
622,-0.324,-0.997,1.497,0.000,-0.000,0.000,8.0
623,-0.324,-0.997,1.497,0.000,-0.000,0.000,8.0
624,-0.324,-0.997,1.497,0.000,-0.000,0.000,8.0
625,-0.324,-0.997,1.497,0.000,-0.000,0.000,8.0
626,-0.324,-0.997,1.497,0.000,0.000,-0.000,8.0
627,-0.324,-0.997,1.497,0.000,0.000,-0.000,8.0
628,-0.324,-0.997,1.497,0.000,0.000,-0.000,8.0
629,-0.324,-0.997,1.497,0.000,0.000,-0.000,8.0
630,-0.324,-0.997,1.497,0.000,0.000,-0.000,8.0
631,-0.324,-0.997,1.497,0.000,-0.000,0.000,8.0
632,-0.324,-0.997,1.497,0.000,-0.000,0.000,8.0
633,-0.324,-0.997,1.497,0.000,-0.000,0.000,8.0
634,-0.324,-0.997,1.497,0.000,-0.000,0.000,8.0
635,-0.324,-0.997,1.497,0.000,-0.000,0.000,8.0
636,-0.324,-0.997,1.497,0.000,0.000,-0.000,8.0
637,-0.324,-0.997,1.497,0.000,0.000,-0.000,8.0
638,-0.324,-0.997,1.497,0.000,0.000,-0.000,8.0
639,-0.324,-0.997,1.497,0.000,0.000,-0.000,8.0
640,-0.324,-0.997,1.497,0.000,0.000,-0.000,8.0
641,-0.324,-0.997,1.497,0.000,0.000,-0.000,8.0
642,-0.324,-0.997,1.497,0.000,-0.000,0.000,8.0
643,-0.324,-0.997,1.497,0.000,-0.000,0.000,8.0
644,-0.324,-0.997,1.497,0.000,-0.000,0.000,8.0
645,-0.324,-0.997,1.497,0.000,-0.000,0.000,8.0
646,-0.324,-0.997,1.497,0.000,-0.000,0.000,8.0
647,-0.324,-0.997,1.497,0.000,0.000,-0.000,8.0
648,-0.324,-0.997,1.497,0.000,0.000,-0.000,8.0
649,-0.324,-0.997,1.497,0.000,0.000,-0.000,8.0
650,-0.324,-0.997,1.497,0.000,0.000,-0.000,8.0
651,-0.324,-0.997,1.497,0.000,0.000,-0.000,8.0
652,-0.324,-0.997,1.497,0.000,-0.000,0.000,8.0
653,-0.324,-0.997,1.497,0.000,-0.000,0.000,8.0
654,-0.324,-0.997,1.497,0.000,-0.000,0.000,8.0
655,-0.324,-0.997,1.497,0.000,-0.000,0.000,8.0
656,-0.324,-0.997,1.497,0.000,-0.000,0.000,8.0
657,-0.324,-0.997,1.497,0.000,-0.000,0.000,8.0
658,-0.324,-0.997,1.497,0.000,0.000,-0.000,8.0
659,-0.324,-0.997,1.497,0.000,0.000,-0.000,8.0
660,-0.324,-0.997,1.497,0.000,0.000,-0.000,8.0
661,-0.324,-0.997,1.497,0.000,0.000,-0.000,8.0
662,-0.324,-0.997,1.497,0.000,0.000,-0.000,8.0
663,-0.324,-0.997,1.497,0.000,-0.000,0.000,8.0
664,-0.324,-0.997,1.497,0.000,-0.000,0.000,8.0
665,-0.324,-0.997,1.497,0.000,-0.000,0.000,8.0
666,-0.324,-0.997,1.497,0.000,-0.000,0.000,8.0
667,-0.324,-0.997,1.497,0.000,-0.000,0.000,8.0
668,-0.324,-0.997,1.497,0.000,0.000,-0.000,8.0
669,-0.324,-0.997,1.497,0.000,0.000,-0.000,8.0
670,-0.324,-0.997,1.497,0.000,0.000,-0.000,8.0
671,-0.324,-0.997,1.497,0.000,0.000,-0.000,8.0
672,-0.324,-0.997,1.497,0.000,0.000,-0.000,8.0
673,-0.324,-0.997,1.497,0.000,0.000,-0.000,8.0
674,-0.324,-0.997,1.497,0.000,-0.000,0.000,8.0
675,-0.324,-0.997,1.497,0.000,-0.000,0.000,8.0
676,-0.324,-0.997,1.497,0.000,-0.000,0.000,8.0
677,-0.324,-0.997,1.497,0.000,-0.000,0.000,8.0
678,-0.324,-0.997,1.497,0.000,-0.000,0.000,8.0
679,-0.324,-0.997,1.497,0.000,0.000,-0.000,8.0
680,-0.324,-0.997,1.497,0.000,0.000,-0.000,8.0
681,-0.324,-0.997,1.497,0.000,0.000,-0.000,8.0
682,-0.324,-0.997,1.497,0.000,0.000,-0.000,8.0
683,-0.324,-0.997,1.497,0.000,0.000,-0.000,8.0
684,-0.324,-0.997,1.497,0.000,-0.000,0.000,8.0
685,-0.324,-0.997,1.497,0.000,-0.000,0.000,8.0
686,-0.324,-0.997,1.497,0.000,-0.000,0.000,8.0
687,-0.324,-0.997,1.497,0.000,-0.000,0.000,8.0
688,-0.324,-0.997,1.497,0.000,-0.000,0.000,8.0
689,-0.324,-0.997,1.497,0.000,-0.000,0.000,8.0
690,-0.324,-0.997,1.497,0.000,0.000,-0.000,8.0
691,-0.324,-0.997,1.497,0.000,0.000,-0.000,8.0
692,-0.324,-0.997,1.497,0.000,0.000,-0.000,8.0
693,-0.324,-0.997,1.497,0.000,0.000,-0.000,8.0
694,-0.324,-0.997,1.497,0.000,0.000,-0.000,8.0
695,-0.324,-0.997,1.497,0.000,-0.000,0.000,8.0
696,-0.324,-0.997,1.497,0.000,-0.000,0.000,8.0
697,-0.324,-0.997,1.497,0.000,-0.000,0.000,8.0
698,-0.324,-0.997,1.497,0.000,-0.000,0.000,8.0
699,-0.324,-0.997,1.497,0.000,-0.000,0.000,8.0
700,-0.324,-0.997,1.497,0.000,0.000,-0.000,8.0
701,-0.324,-0.997,1.497,0.000,0.000,-0.000,8.0
702,-0.324,-0.997,1.497,0.000,0.000,-0.000,8.0
703,-0.324,-0.997,1.497,0.000,0.000,-0.000,8.0
704,-0.324,-0.997,1.497,0.000,0.000,-0.000,8.0
705,-0.324,-0.997,1.497,0.000,0.000,-0.000,8.0
706,-0.324,-0.997,1.497,0.000,-0.000,0.000,8.0
707,-0.324,-0.997,1.497,0.000,-0.000,0.000,8.0
708,-0.324,-0.997,1.497,0.000,-0.000,0.000,8.0
709,-0.324,-0.997,1.497,0.000,-0.000,0.000,8.0
710,-0.324,-0.997,1.497,0.000,-0.000,0.000,8.0
711,-0.324,-0.997,1.497,0.000,0.000,0.000,8.0
712,-0.324,-0.997,1.497,0.000,0.000,0.000,8.0
713,-0.324,-0.997,1.497,0.000,0.000,0.000,8.0
714,-0.324,-0.997,1.497,0.000,0.000,0.000,8.0
715,-0.324,-0.997,1.497,0.000,0.000,0.000,8.0
716,-0.324,-0.997,1.497,0.000,0.000,0.000,8.0
717,-0.324,-0.997,1.497,0.000,0.000,0.000,8.0
718,-0.324,-0.997,1.497,0.000,0.000,-0.000,8.0
719,-0.324,-0.997,1.497,0.000,-0.000,-0.000,8.0
720,-0.324,-0.997,1.497,0.000,-0.000,-0.000,8.0
721,-0.324,-0.997,1.497,0.000,-0.000,-0.000,8.0
722,-0.324,-0.997,1.497,0.000,-0.000,-0.000,8.0
723,-0.324,-0.997,1.497,0.000,-0.000,-0.000,8.0
724,-0.324,-0.997,1.497,0.000,-0.000,-0.000,8.0
725,-0.324,-0.997,1.497,0.000,-0.000,-0.000,8.0
726,-0.324,-0.997,1.497,0.000,-0.000,-0.000,8.0
727,-0.324,-0.997,1.497,0.000,-0.000,-0.000,8.0
728,-0.324,-0.997,1.497,0.000,-0.000,-0.000,8.0
729,-0.324,-0.997,1.497,0.000,0.000,-0.000,8.0
730,-0.324,-0.997,1.497,0.000,0.000,-0.000,8.0
731,-0.324,-0.997,1.497,0.000,0.000,-0.000,8.0
732,-0.324,-0.997,1.497,0.000,0.000,0.000,8.0
733,-0.324,-0.997,1.497,0.000,0.000,0.000,8.0
734,-0.324,-0.997,1.497,0.000,0.000,0.000,8.0
735,-0.324,-0.997,1.497,0.000,0.000,0.000,8.0
736,-0.324,-0.997,1.497,0.000,0.000,0.000,8.0
737,-0.324,-0.997,1.497,0.000,0.000,0.000,8.0
738,-0.324,-0.997,1.497,0.000,0.000,0.000,8.0
739,-0.324,-0.997,1.497,0.000,0.000,0.000,8.0
740,-0.324,-0.997,1.497,0.000,0.000,0.000,8.0
741,-0.324,-0.997,1.497,0.000,0.000,0.000,8.0
742,-0.324,-0.997,1.497,0.000,0.000,0.000,8.0
743,-0.324,-0.997,1.497,0.000,0.000,0.000,8.0
744,-0.324,-0.997,1.497,0.000,0.000,0.000,8.0
745,-0.324,-0.997,1.497,0.000,0.000,-0.000,8.0
746,-0.324,-0.997,1.497,0.000,0.000,-0.000,8.0
747,-0.324,-0.997,1.497,0.000,0.000,-0.000,8.0
748,-0.324,-0.997,1.497,0.000,-0.000,-0.000,8.0
749,-0.324,-0.997,1.497,0.000,-0.000,-0.000,8.0
750,-0.324,-0.997,1.497,0.000,-0.000,-0.000,8.0
751,-0.324,-0.997,1.497,0.000,-0.000,-0.000,8.0
752,-0.324,-0.997,1.497,0.000,-0.000,-0.000,8.0
753,-0.324,-0.997,1.497,0.000,-0.000,-0.000,8.0
754,-0.324,-0.997,1.497,0.000,-0.000,-0.000,8.0
755,-0.324,-0.997,1.497,0.000,0.000,-0.000,8.0
756,-0.324,-0.997,1.497,0.000,0.000,-0.000,8.0
757,-0.324,-0.997,1.497,0.000,0.000,-0.000,8.0
758,-0.324,-0.997,1.497,0.000,0.000,-0.000,8.0
759,-0.324,-0.997,1.497,0.000,0.000,0.000,8.0
760,-0.324,-0.997,1.497,0.000,0.000,0.000,8.0
761,-0.324,-0.997,1.497,0.000,0.000,0.000,8.0
762,-0.324,-0.997,1.497,0.000,-0.000,0.000,8.0
763,-0.324,-0.997,1.497,0.000,-0.000,0.000,8.0
764,-0.324,-0.997,1.497,0.000,-0.000,0.000,8.0
765,-0.324,-0.997,1.497,0.000,-0.000,0.000,8.0
766,-0.324,-0.997,1.497,0.000,-0.000,0.000,8.0
767,-0.324,-0.997,1.497,0.000,0.000,0.000,8.0
768,-0.324,-0.997,1.497,0.000,0.000,0.000,8.0
769,-0.324,-0.997,1.497,0.000,0.000,0.000,8.0
770,-0.324,-0.997,1.497,0.000,0.000,0.000,8.0
771,-0.324,-0.997,1.497,0.000,-0.000,0.000,8.0
772,-0.324,-0.997,1.497,0.000,-0.000,0.000,8.0
773,-0.324,-0.997,1.497,0.000,-0.000,-0.000,8.0
774,-0.324,-0.997,1.497,0.000,-0.000,-0.000,8.0
775,-0.324,-0.997,1.497,0.000,-0.000,-0.000,8.0
776,-0.324,-0.997,1.497,0.000,-0.000,-0.000,8.0
777,-0.324,-0.997,1.497,0.000,-0.000,-0.000,8.0
778,-0.324,-0.997,1.497,0.000,0.000,-0.000,8.0
779,-0.324,-0.997,1.497,0.000,0.000,-0.000,8.0
780,-0.324,-0.997,1.497,0.000,0.000,-0.000,8.0
781,-0.324,-0.997,1.497,0.000,0.000,-0.000,8.0
782,-0.324,-0.997,1.497,0.000,0.000,-0.000,8.0
783,-0.324,-0.997,1.497,0.000,0.000,-0.000,8.0
784,-0.324,-0.997,1.497,0.000,-0.000,-0.000,8.0
785,-0.324,-0.997,1.497,0.000,-0.000,-0.000,8.0
786,-0.324,-0.997,1.497,0.000,-0.000,0.000,8.0
787,-0.324,-0.997,1.497,0.000,-0.000,0.000,8.0
788,-0.324,-0.997,1.497,0.000,-0.000,0.000,8.0
789,-0.324,-0.997,1.497,0.000,-0.000,0.000,8.0
790,-0.324,-0.997,1.497,0.000,-0.000,0.000,8.0
791,-0.324,-0.997,1.497,0.000,-0.000,0.000,8.0
792,-0.324,-0.997,1.497,0.000,0.000,0.000,8.0
793,-0.324,-0.997,1.497,0.000,0.000,0.000,8.0
794,-0.324,-0.997,1.497,0.000,0.000,0.000,8.0
795,-0.324,-0.997,1.497,0.000,0.000,0.000,8.0
796,-0.324,-0.997,1.497,0.000,0.000,0.000,8.0
797,-0.324,-0.997,1.497,0.000,0.000,0.000,8.0
798,-0.324,-0.997,1.497,0.000,0.000,0.000,8.0
799,-0.324,-0.997,1.497,0.000,0.000,0.000,8.0
800,-0.324,-0.997,1.497,0.000,-0.000,-0.000,8.0
801,-0.324,-0.997,1.497,0.000,-0.000,-0.000,8.0
802,-0.324,-0.997,1.497,0.000,-0.000,-0.000,8.0
803,-0.324,-0.997,1.497,0.000,-0.000,-0.000,8.0
804,-0.324,-0.997,1.497,0.000,-0.000,-0.000,8.0
805,-0.324,-0.997,1.497,0.000,-0.000,-0.000,8.0
806,-0.324,-0.997,1.497,0.000,-0.000,-0.000,8.0
807,-0.324,-0.997,1.497,0.000,-0.000,-0.000,8.0
808,-0.324,-0.997,1.497,0.000,-0.000,-0.000,8.0
809,-0.324,-0.997,1.497,0.000,0.000,-0.000,8.0
810,-0.324,-0.997,1.497,0.000,0.000,-0.000,8.0
811,-0.324,-0.997,1.497,0.000,0.000,-0.000,8.0
812,-0.324,-0.997,1.497,0.000,0.000,-0.000,8.0
813,-0.324,-0.997,1.497,0.000,0.000,-0.000,8.0
814,-0.324,-0.997,1.497,0.000,0.000,0.000,8.0
815,-0.324,-0.997,1.497,0.000,0.000,0.000,8.0
816,-0.324,-0.997,1.497,0.000,0.000,0.000,8.0
817,-0.324,-0.997,1.497,0.000,-0.000,0.000,8.0
818,-0.324,-0.997,1.497,0.000,-0.000,0.000,8.0
819,-0.324,-0.997,1.497,0.000,-0.000,0.000,8.0
820,-0.324,-0.997,1.497,0.000,-0.000,0.000,8.0
821,-0.324,-0.997,1.497,0.000,-0.000,0.000,8.0
822,-0.324,-0.997,1.497,0.000,-0.000,0.000,8.0
823,-0.324,-0.997,1.497,0.000,-0.000,0.000,8.0
824,-0.324,-0.997,1.497,0.000,0.000,0.000,8.0
825,-0.324,-0.997,1.497,0.000,0.000,0.000,8.0
826,-0.324,-0.997,1.497,0.000,0.000,0.000,8.0
827,-0.324,-0.997,1.497,0.000,0.000,0.000,8.0
828,-0.324,-0.997,1.497,0.000,0.000,-0.000,8.0
829,-0.324,-0.997,1.497,0.000,0.000,-0.000,8.0
830,-0.324,-0.997,1.497,0.000,-0.000,-0.000,8.0
831,-0.324,-0.997,1.497,0.000,-0.000,-0.000,8.0
832,-0.324,-0.997,1.497,0.000,-0.000,-0.000,8.0
833,-0.324,-0.997,1.497,0.000,-0.000,-0.000,8.0
834,-0.324,-0.997,1.497,0.000,-0.000,-0.000,8.0
835,-0.324,-0.997,1.497,0.000,-0.000,-0.000,8.0
836,-0.324,-0.997,1.497,0.000,-0.000,-0.000,8.0
837,-0.324,-0.997,1.497,0.000,-0.000,-0.000,8.0
838,-0.324,-0.997,1.497,0.000,0.000,-0.000,8.0
839,-0.324,-0.997,1.497,0.000,0.000,-0.000,8.0
840,-0.324,-0.997,1.497,0.000,0.000,-0.000,8.0
841,-0.324,-0.997,1.497,0.000,0.000,0.000,8.0
842,-0.324,-0.997,1.497,0.000,0.000,0.000,8.0
843,-0.324,-0.997,1.497,0.000,0.000,0.000,8.0
844,-0.324,-0.997,1.497,0.000,0.000,0.000,8.0
845,-0.324,-0.997,1.497,0.000,-0.000,0.000,8.0
846,-0.324,-0.997,1.497,0.000,-0.000,0.000,8.0
847,-0.324,-0.997,1.497,0.000,-0.000,0.000,8.0
848,-0.324,-0.997,1.497,0.000,-0.000,0.000,8.0
849,-0.324,-0.997,1.497,0.000,-0.000,0.000,8.0
850,-0.324,-0.997,1.497,0.000,-0.000,0.000,8.0
851,-0.324,-0.997,1.497,0.000,-0.000,0.000,8.0
852,-0.324,-0.997,1.497,0.000,0.000,0.000,8.0
853,-0.324,-0.997,1.497,0.000,0.000,0.000,8.0
854,-0.324,-0.997,1.497,0.000,0.000,0.000,8.0
855,-0.324,-0.997,1.497,0.000,0.000,-0.000,8.0
856,-0.324,-0.997,1.497,0.000,0.000,-0.000,8.0
857,-0.324,-0.997,1.497,0.000,0.000,-0.000,8.0
858,-0.324,-0.997,1.497,0.000,0.000,-0.000,8.0
859,-0.324,-0.997,1.497,0.000,-0.000,-0.000,8.0
860,-0.324,-0.997,1.497,0.000,-0.000,-0.000,8.0
861,-0.324,-0.997,1.497,0.000,-0.000,-0.000,8.0
862,-0.324,-0.997,1.497,0.000,-0.000,-0.000,8.0
863,-0.324,-0.997,1.497,0.000,-0.000,-0.000,8.0
864,-0.324,-0.997,1.497,0.000,0.000,-0.000,8.0
865,-0.324,-0.997,1.497,0.000,0.000,-0.000,8.0
866,-0.324,-0.997,1.497,0.000,0.000,-0.000,8.0
867,-0.324,-0.997,1.497,0.000,0.000,-0.000,8.0
868,-0.324,-0.997,1.497,0.000,-0.000,-0.000,8.0
869,-0.324,-0.997,1.497,0.000,-0.000,0.000,8.0
870,-0.324,-0.997,1.497,0.000,-0.000,0.000,8.0
871,-0.324,-0.997,1.497,0.000,-0.000,0.000,8.0
872,-0.324,-0.997,1.497,0.000,-0.000,0.000,8.0
873,-0.324,-0.997,1.497,0.000,0.000,0.000,8.0
874,-0.324,-0.997,1.497,0.000,0.000,0.000,8.0
875,-0.324,-0.997,1.497,0.000,0.000,0.000,8.0
876,-0.324,-0.997,1.497,0.000,0.000,0.000,8.0
877,-0.324,-0.997,1.497,0.000,-0.000,0.000,8.0
878,-0.324,-0.997,1.497,0.000,-0.000,0.000,8.0
879,-0.324,-0.997,1.497,0.000,-0.000,0.000,8.0
880,-0.324,-0.997,1.497,0.000,-0.000,0.000,8.0
881,-0.324,-0.997,1.497,0.000,-0.000,0.000,8.0
882,-0.324,-0.997,1.497,0.000,-0.000,-0.000,8.0
883,-0.324,-0.997,1.497,0.000,-0.000,-0.000,8.0
884,-0.324,-0.997,1.497,0.000,-0.000,-0.000,8.0
885,-0.324,-0.997,1.497,0.000,-0.000,-0.000,8.0
886,-0.324,-0.997,1.497,0.000,-0.000,-0.000,8.0
887,-0.324,-0.997,1.497,0.000,-0.000,-0.000,8.0
888,-0.324,-0.997,1.497,0.000,-0.000,-0.000,8.0
889,-0.324,-0.997,1.497,0.000,-0.000,-0.000,8.0
890,-0.324,-0.997,1.497,0.000,-0.000,-0.000,8.0
891,-0.324,-0.997,1.497,0.000,-0.000,-0.000,8.0
892,-0.324,-0.997,1.497,0.000,-0.000,-0.000,8.0
893,-0.324,-0.997,1.497,0.000,-0.000,-0.000,8.0
894,-0.324,-0.997,1.497,0.000,0.000,-0.000,8.0
895,-0.324,-0.997,1.497,0.000,0.000,-0.000,8.0
896,-0.324,-0.997,1.497,0.000,0.000,0.000,8.0
897,-0.324,-0.997,1.497,0.000,0.000,0.000,8.0
898,-0.324,-0.997,1.497,0.000,0.000,0.000,8.0
899,-0.324,-0.997,1.497,0.000,0.000,0.000,8.0
900,-0.324,-0.997,1.497,0.000,-0.000,0.000,8.0
901,-0.324,-0.997,1.497,0.000,-0.000,0.000,8.0
902,-0.324,-0.997,1.497,0.000,-0.000,0.000,8.0
903,-0.324,-0.997,1.497,0.000,-0.000,0.000,8.0
904,-0.324,-0.997,1.497,0.000,-0.000,0.000,8.0
905,-0.324,-0.997,1.497,0.000,-0.000,0.000,8.0
906,-0.324,-0.997,1.497,0.000,0.000,0.000,8.0
907,-0.324,-0.997,1.497,0.000,0.000,0.000,8.0
908,-0.324,-0.997,1.497,0.000,0.000,0.000,8.0
909,-0.324,-0.997,1.497,0.000,0.000,0.000,8.0
910,-0.324,-0.997,1.497,0.000,0.000,-0.000,8.0
911,-0.324,-0.997,1.497,0.000,-0.000,-0.000,8.0
912,-0.324,-0.997,1.497,0.000,-0.000,-0.000,8.0
913,-0.324,-0.997,1.497,0.000,-0.000,-0.000,8.0
914,-0.324,-0.997,1.497,0.000,-0.000,-0.000,8.0
915,-0.324,-0.997,1.497,0.000,-0.000,-0.000,8.0
916,-0.324,-0.997,1.497,0.000,-0.000,-0.000,8.0
917,-0.324,-0.997,1.497,0.000,0.000,-0.000,8.0
918,-0.324,-0.997,1.497,0.000,0.000,-0.000,8.0
919,-0.324,-0.997,1.497,0.000,0.000,-0.000,8.0
920,-0.324,-0.997,1.497,0.000,0.000,-0.000,8.0
921,-0.324,-0.997,1.497,0.000,0.000,-0.000,8.0
922,-0.324,-0.997,1.497,0.000,0.000,-0.000,8.0
923,-0.324,-0.997,1.497,0.000,0.000,-0.000,8.0
924,-0.324,-0.997,1.497,0.000,0.000,0.000,8.0
925,-0.324,-0.997,1.497,0.000,0.000,0.000,8.0
926,-0.324,-0.997,1.497,0.000,0.000,0.000,8.0
927,-0.324,-0.997,1.497,0.000,0.000,0.000,8.0
928,-0.324,-0.997,1.497,0.000,0.000,0.000,8.0
929,-0.324,-0.997,1.497,0.000,0.000,0.000,8.0
930,-0.324,-0.997,1.497,0.000,0.000,0.000,8.0
931,-0.324,-0.997,1.497,0.000,0.000,0.000,8.0
932,-0.324,-0.997,1.497,0.000,0.000,0.000,8.0
933,-0.324,-0.997,1.497,0.000,0.000,0.000,8.0
934,-0.324,-0.997,1.497,0.000,0.000,0.000,8.0
935,-0.324,-0.997,1.497,0.000,0.000,0.000,8.0
936,-0.324,-0.997,1.497,0.000,0.000,0.000,8.0
937,-0.324,-0.997,1.497,0.000,0.000,-0.000,8.0
938,-0.324,-0.997,1.497,0.000,0.000,-0.000,8.0
939,-0.324,-0.997,1.497,0.000,0.000,-0.000,8.0
940,-0.324,-0.997,1.497,0.000,0.000,-0.000,8.0
941,-0.324,-0.997,1.497,0.000,0.000,-0.000,8.0
942,-0.324,-0.997,1.497,0.000,0.000,-0.000,8.0
943,-0.324,-0.997,1.497,0.000,0.000,-0.000,8.0
944,-0.324,-0.997,1.497,0.000,0.000,-0.000,8.0
945,-0.324,-0.997,1.497,0.000,0.000,-0.000,8.0
946,-0.324,-0.997,1.497,0.000,0.000,-0.000,8.0
947,-0.324,-0.997,1.497,0.000,-0.000,-0.000,8.0
948,-0.324,-0.997,1.497,0.000,-0.000,-0.000,8.0
949,-0.324,-0.997,1.497,0.000,-0.000,-0.000,8.0
950,-0.324,-0.997,1.497,0.000,-0.000,-0.000,8.0
951,-0.324,-0.997,1.497,0.000,-0.000,0.000,8.0
952,-0.324,-0.997,1.497,0.000,-0.000,0.000,8.0
953,-0.324,-0.997,1.497,0.000,-0.000,0.000,8.0
954,-0.324,-0.997,1.497,0.000,-0.000,0.000,8.0
955,-0.324,-0.997,1.497,0.000,-0.000,0.000,8.0
956,-0.324,-0.997,1.497,0.000,-0.000,0.000,8.0
957,-0.324,-0.997,1.497,0.000,-0.000,0.000,8.0
958,-0.324,-0.997,1.497,0.000,-0.000,0.000,8.0
959,-0.324,-0.997,1.497,0.000,-0.000,0.000,8.0
960,-0.324,-0.997,1.497,0.000,-0.000,0.000,8.0
961,-0.324,-0.997,1.497,0.000,-0.000,0.000,8.0
962,-0.324,-0.997,1.497,0.000,-0.000,0.000,8.0
963,-0.324,-0.997,1.497,0.000,-0.000,0.000,8.0
964,-0.324,-0.997,1.497,0.000,-0.000,0.000,8.0
965,-0.324,-0.997,1.497,0.000,-0.000,-0.000,8.0
966,-0.324,-0.997,1.497,0.000,-0.000,-0.000,8.0
967,-0.324,-0.997,1.497,0.000,-0.000,-0.000,8.0
968,-0.324,-0.997,1.497,0.000,-0.000,-0.000,8.0
969,-0.324,-0.997,1.497,0.000,-0.000,-0.000,8.0
970,-0.324,-0.997,1.497,0.000,-0.000,-0.000,8.0
971,-0.324,-0.997,1.497,0.000,-0.000,-0.000,8.0
972,-0.324,-0.997,1.497,0.000,-0.000,-0.000,8.0
973,-0.324,-0.997,1.497,0.000,-0.000,-0.000,8.0
974,-0.324,-0.997,1.497,0.000,-0.000,-0.000,8.0
975,-0.324,-0.997,1.497,0.000,-0.000,-0.000,8.0
976,-0.324,-0.997,1.497,0.000,-0.000,-0.000,8.0
977,-0.324,-0.997,1.497,0.000,0.000,-0.000,8.0
978,-0.324,-0.997,1.497,0.000,0.000,0.000,8.0
979,-0.324,-0.997,1.497,0.000,0.000,0.000,8.0
980,-0.324,-0.997,1.497,0.000,0.000,0.000,8.0
981,-0.324,-0.997,1.497,0.000,0.000,0.000,8.0
982,-0.324,-0.997,1.497,0.000,-0.000,0.000,8.0
983,-0.324,-0.997,1.497,0.000,-0.000,0.000,8.0
984,-0.324,-0.997,1.497,0.000,-0.000,0.000,8.0
985,-0.324,-0.997,1.497,0.000,-0.000,0.000,8.0
986,-0.324,-0.997,1.497,0.000,0.000,0.000,8.0
987,-0.324,-0.997,1.497,0.000,0.000,0.000,8.0
988,-0.324,-0.997,1.497,0.000,0.000,0.000,8.0
989,-0.324,-0.997,1.497,0.000,0.000,0.000,8.0
990,-0.324,-0.997,1.497,0.000,0.000,0.000,8.0
991,-0.324,-0.997,1.497,0.000,0.000,0.000,8.0
992,-0.324,-0.997,1.497,0.000,0.000,-0.000,8.0
993,-0.324,-0.997,1.497,0.000,0.000,-0.000,8.0
994,-0.324,-0.997,1.497,0.000,0.000,-0.000,8.0
995,-0.324,-0.997,1.497,0.000,0.000,-0.000,8.0
996,-0.324,-0.997,1.497,0.000,0.000,-0.000,8.0
997,-0.324,-0.997,1.497,0.000,0.000,-0.000,8.0
998,-0.324,-0.997,1.497,0.000,0.000,-0.000,8.0
999,-0.324,-0.997,1.497,0.000,0.000,-0.000,8.0
1000,-0.324,-0.997,1.497,0.000,0.000,-0.000,8.0
1001,-0.324,-0.997,1.497,0.000,0.000,-0.000,8.0
1002,-0.324,-0.997,1.497,0.000,0.000,-0.000,8.0
1003,-0.324,-0.997,1.497,0.000,0.000,-0.000,8.0
1004,-0.324,-0.997,1.497,0.000,0.000,-0.000,8.0
1005,-0.324,-0.997,1.497,0.000,0.000,-0.000,8.0
1006,-0.324,-0.997,1.497,0.000,0.000,0.000,8.0
1007,-0.324,-0.997,1.497,0.000,-0.000,0.000,8.0
1008,-0.324,-0.997,1.497,0.000,-0.000,0.000,8.0
1009,-0.324,-0.997,1.497,0.000,-0.000,0.000,8.0
1010,-0.324,-0.997,1.497,0.000,-0.000,0.000,8.0
1011,-0.324,-0.997,1.497,0.000,-0.000,0.000,8.0
1012,-0.324,-0.997,1.497,0.000,-0.000,0.000,8.0
1013,-0.324,-0.997,1.497,0.000,-0.000,0.000,8.0
1014,-0.324,-0.997,1.497,0.000,-0.000,0.000,8.0
1015,-0.324,-0.997,1.497,0.000,-0.000,0.000,8.0
1016,-0.324,-0.997,1.497,0.000,-0.000,0.000,8.0
1017,-0.324,-0.997,1.497,0.000,-0.000,0.000,8.0
1018,-0.324,-0.997,1.497,0.000,-0.000,0.000,8.0
1019,-0.324,-0.997,1.497,0.000,-0.000,0.000,8.0
1020,-0.324,-0.997,1.497,0.000,-0.000,-0.000,8.0
1021,-0.324,-0.997,1.497,0.000,-0.000,-0.000,8.0
1022,-0.324,-0.997,1.497,0.000,-0.000,-0.000,8.0
1023,-0.324,-0.997,1.497,0.000,0.000,-0.000,8.0
1024,-0.324,-0.997,1.497,0.000,0.000,-0.000,8.0
1025,-0.324,-0.997,1.497,0.000,0.000,-0.000,8.0
1026,-0.324,-0.997,1.497,0.000,0.000,-0.000,8.0
1027,-0.324,-0.997,1.497,0.000,0.000,-0.000,8.0
1028,-0.324,-0.997,1.497,0.000,0.000,-0.000,8.0
1029,-0.324,-0.997,1.497,0.000,0.000,-0.000,8.0
1030,-0.324,-0.997,1.497,0.000,-0.000,-0.000,8.0
1031,-0.324,-0.997,1.497,0.000,-0.000,-0.000,8.0
1032,-0.324,-0.997,1.497,0.000,-0.000,-0.000,8.0
1033,-0.324,-0.997,1.497,0.000,-0.000,0.000,8.0
1034,-0.324,-0.997,1.497,0.000,-0.000,0.000,8.0
1035,-0.324,-0.997,1.497,0.000,-0.000,0.000,8.0
1036,-0.324,-0.997,1.497,0.000,0.000,0.000,8.0
1037,-0.324,-0.997,1.497,0.000,0.000,0.000,8.0
1038,-0.324,-0.997,1.497,0.000,0.000,0.000,8.0
1039,-0.324,-0.997,1.497,0.000,0.000,0.000,8.0
1040,-0.324,-0.997,1.497,0.000,0.000,0.000,8.0
1041,-0.324,-0.997,1.497,0.000,0.000,0.000,8.0
1042,-0.324,-0.997,1.497,0.000,0.000,0.000,8.0
1043,-0.324,-0.997,1.497,0.000,-0.000,0.000,8.0
1044,-0.324,-0.997,1.497,0.000,-0.000,0.000,8.0
1045,-0.324,-0.997,1.497,0.000,-0.000,0.000,8.0
1046,-0.324,-0.997,1.497,0.000,-0.000,0.000,8.0
1047,-0.324,-0.997,1.497,0.000,-0.000,-0.000,8.0
1048,-0.324,-0.997,1.497,0.000,-0.000,-0.000,8.0
1049,-0.324,-0.997,1.497,0.000,-0.000,-0.000,8.0
1050,-0.324,-0.997,1.497,0.000,0.000,-0.000,8.0
1051,-0.324,-0.997,1.497,0.000,0.000,-0.000,8.0
1052,-0.324,-0.997,1.497,0.000,0.000,-0.000,8.0
1053,-0.324,-0.997,1.497,0.000,0.000,-0.000,8.0
1054,-0.324,-0.997,1.497,0.000,0.000,-0.000,8.0
1055,-0.324,-0.997,1.497,0.000,-0.000,-0.000,8.0
1056,-0.324,-0.997,1.497,0.000,-0.000,-0.000,8.0
1057,-0.324,-0.997,1.497,0.000,-0.000,-0.000,8.0
1058,-0.324,-0.997,1.497,0.000,-0.000,-0.000,8.0
1059,-0.324,-0.997,1.497,0.000,0.000,-0.000,8.0
1060,-0.324,-0.997,1.497,0.000,0.000,-0.000,8.0
1061,-0.324,-0.997,1.497,0.000,0.000,0.000,8.0
1062,-0.324,-0.997,1.497,0.000,0.000,0.000,8.0
1063,-0.324,-0.997,1.497,0.000,0.000,0.000,8.0
1064,-0.324,-0.997,1.497,0.000,0.000,0.000,8.0
1065,-0.324,-0.997,1.497,0.000,-0.000,0.000,8.0
1066,-0.324,-0.997,1.497,0.000,-0.000,0.000,8.0
1067,-0.324,-0.997,1.497,0.000,-0.000,0.000,8.0
1068,-0.324,-0.997,1.497,0.000,-0.000,0.000,8.0
1069,-0.324,-0.997,1.497,0.000,-0.000,0.000,8.0
1070,-0.324,-0.997,1.497,0.000,-0.000,0.000,8.0
1071,-0.324,-0.997,1.497,0.000,0.000,0.000,8.0
1072,-0.324,-0.997,1.497,0.000,0.000,0.000,8.0
1073,-0.324,-0.997,1.497,0.000,0.000,0.000,8.0
1074,-0.324,-0.997,1.497,0.000,0.000,-0.000,8.0
1075,-0.324,-0.997,1.497,0.000,0.000,-0.000,8.0
1076,-0.324,-0.997,1.497,0.000,0.000,-0.000,8.0
1077,-0.324,-0.997,1.497,0.000,-0.000,-0.000,8.0
1078,-0.324,-0.997,1.497,0.000,-0.000,-0.000,8.0
1079,-0.324,-0.997,1.497,0.000,-0.000,-0.000,8.0
1080,-0.324,-0.997,1.497,0.000,-0.000,-0.000,8.0
1081,-0.324,-0.997,1.497,0.000,-0.000,-0.000,8.0
1082,-0.324,-0.997,1.497,0.000,-0.000,-0.000,8.0
1083,-0.324,-0.997,1.497,0.000,0.000,-0.000,8.0
1084,-0.324,-0.997,1.497,0.000,0.000,-0.000,8.0
1085,-0.324,-0.997,1.497,0.000,0.000,-0.000,8.0
1086,-0.324,-0.997,1.497,0.000,0.000,-0.000,8.0
1087,-0.324,-0.997,1.497,0.000,0.000,-0.000,8.0
1088,-0.324,-0.997,1.497,0.000,0.000,0.000,8.0
1089,-0.324,-0.997,1.497,0.000,0.000,0.000,8.0
1090,-0.324,-0.997,1.497,0.000,-0.000,0.000,8.0
1091,-0.324,-0.997,1.497,0.000,-0.000,0.000,8.0
1092,-0.324,-0.997,1.497,0.000,-0.000,0.000,8.0
1093,-0.324,-0.997,1.497,0.000,-0.000,0.000,8.0
1094,-0.324,-0.997,1.497,0.000,-0.000,0.000,8.0
1095,-0.324,-0.997,1.497,0.000,-0.000,0.000,8.0
1096,-0.324,-0.997,1.497,0.000,0.000,0.000,8.0
1097,-0.324,-0.997,1.497,0.000,0.000,0.000,8.0
1098,-0.324,-0.997,1.497,0.000,0.000,0.000,8.0
1099,-0.324,-0.997,1.497,0.000,0.000,0.000,8.0
1100,-0.324,-0.997,1.497,0.000,0.000,0.000,8.0
1101,-0.324,-0.997,1.497,0.000,0.000,0.000,8.0
1102,-0.324,-0.997,1.497,0.000,-0.000,-0.000,8.0
1103,-0.324,-0.997,1.497,0.000,-0.000,-0.000,8.0
1104,-0.324,-0.997,1.497,0.000,-0.000,-0.000,8.0
1105,-0.324,-0.997,1.497,0.000,-0.000,-0.000,8.0
1106,-0.324,-0.997,1.497,0.000,-0.000,-0.000,8.0
1107,-0.324,-0.997,1.497,0.000,-0.000,-0.000,8.0
1108,-0.324,-0.997,1.497,0.000,0.000,-0.000,8.0
1109,-0.324,-0.997,1.497,0.000,0.000,-0.000,8.0
1110,-0.324,-0.997,1.497,0.000,0.000,-0.000,8.0
1111,-0.324,-0.997,1.497,0.000,0.000,-0.000,8.0
1112,-0.324,-0.997,1.497,0.000,0.000,-0.000,8.0
1113,-0.324,-0.997,1.497,0.000,0.000,-0.000,8.0
1114,-0.324,-0.997,1.497,0.000,0.000,-0.000,8.0
1115,-0.324,-0.997,1.497,0.000,-0.000,-0.000,8.0
1116,-0.324,-0.997,1.497,0.000,-0.000,0.000,8.0
1117,-0.324,-0.997,1.497,0.000,-0.000,0.000,8.0
1118,-0.324,-0.997,1.497,0.000,-0.000,0.000,8.0
1119,-0.324,-0.997,1.497,0.000,-0.000,0.000,8.0
1120,-0.324,-0.997,1.497,0.000,-0.000,0.000,8.0
1121,-0.324,-0.997,1.497,0.000,0.000,0.000,8.0
1122,-0.324,-0.997,1.497,0.000,0.000,0.000,8.0
1123,-0.324,-0.997,1.497,0.000,0.000,0.000,8.0
1124,-0.324,-0.997,1.497,0.000,0.000,0.000,8.0
1125,-0.324,-0.997,1.497,0.000,0.000,0.000,8.0
1126,-0.324,-0.997,1.497,0.000,0.000,0.000,8.0
1127,-0.324,-0.997,1.497,0.000,0.000,0.000,8.0
1128,-0.324,-0.997,1.497,0.000,-0.000,0.000,8.0
1129,-0.324,-0.997,1.497,0.000,-0.000,-0.000,8.0
1130,-0.324,-0.997,1.497,0.000,-0.000,-0.000,8.0
1131,-0.324,-0.997,1.497,0.000,-0.000,-0.000,8.0
1132,-0.324,-0.997,1.497,0.000,-0.000,-0.000,8.0
1133,-0.324,-0.997,1.497,0.000,-0.000,-0.000,8.0
1134,-0.324,-0.997,1.497,0.000,-0.000,-0.000,8.0
1135,-0.324,-0.997,1.497,0.000,0.000,-0.000,8.0
1136,-0.324,-0.997,1.497,0.000,0.000,-0.000,8.0
1137,-0.324,-0.997,1.497,0.000,0.000,-0.000,8.0
1138,-0.324,-0.997,1.497,0.000,0.000,-0.000,8.0
1139,-0.324,-0.997,1.497,0.000,0.000,-0.000,8.0
1140,-0.324,-0.997,1.497,0.000,0.000,-0.000,8.0
1141,-0.324,-0.997,1.497,0.000,0.000,-0.000,8.0
1142,-0.324,-0.997,1.497,0.000,0.000,-0.000,8.0
1143,-0.324,-0.997,1.497,0.000,0.000,0.000,8.0
1144,-0.324,-0.997,1.497,0.000,0.000,0.000,8.0
1145,-0.324,-0.997,1.497,0.000,0.000,0.000,8.0
1146,-0.324,-0.997,1.497,0.000,0.000,0.000,8.0
1147,-0.324,-0.997,1.497,0.000,0.000,0.000,8.0
1148,-0.324,-0.997,1.497,0.000,0.000,0.000,8.0
1149,-0.324,-0.997,1.497,0.000,0.000,0.000,8.0
1150,-0.324,-0.997,1.497,0.000,0.000,0.000,8.0
1151,-0.324,-0.997,1.497,0.000,0.000,0.000,8.0
1152,-0.324,-0.997,1.497,0.000,0.000,0.000,8.0
1153,-0.324,-0.997,1.497,0.000,0.000,0.000,8.0
1154,-0.324,-0.997,1.497,0.000,0.000,0.000,8.0
1155,-0.324,-0.997,1.497,0.000,0.000,0.000,8.0
1156,-0.324,-0.997,1.497,0.000,0.000,0.000,8.0
1157,-0.324,-0.997,1.497,0.000,0.000,-0.000,8.0
1158,-0.324,-0.997,1.497,0.000,0.000,-0.000,8.0
1159,-0.324,-0.997,1.497,0.000,0.000,-0.000,8.0
1160,-0.324,-0.997,1.497,0.000,0.000,-0.000,8.0
1161,-0.324,-0.997,1.497,0.000,0.000,-0.000,8.0
1162,-0.324,-0.997,1.497,0.000,0.000,-0.000,8.0
1163,-0.324,-0.997,1.497,0.000,0.000,-0.000,8.0
1164,-0.324,-0.997,1.497,0.000,0.000,-0.000,8.0
1165,-0.324,-0.997,1.497,0.000,-0.000,-0.000,8.0
1166,-0.324,-0.997,1.497,0.000,-0.000,-0.000,8.0
1167,-0.324,-0.997,1.497,0.000,-0.000,-0.000,8.0
1168,-0.324,-0.997,1.497,0.000,-0.000,-0.000,8.0
1169,-0.324,-0.997,1.497,0.000,-0.000,-0.000,8.0
1170,-0.324,-0.997,1.497,0.000,-0.000,0.000,8.0
1171,-0.324,-0.997,1.497,0.000,-0.000,0.000,8.0
1172,-0.324,-0.997,1.497,0.000,-0.000,0.000,8.0
1173,-0.324,-0.997,1.497,0.000,-0.000,0.000,8.0
1174,-0.324,-0.997,1.497,0.000,-0.000,0.000,8.0
1175,-0.324,-0.997,1.497,0.000,-0.000,0.000,8.0
1176,-0.324,-0.997,1.497,0.000,-0.000,0.000,8.0
1177,-0.324,-0.997,1.497,0.000,-0.000,0.000,8.0
1178,-0.324,-0.997,1.497,0.000,0.000,0.000,8.0
1179,-0.324,-0.997,1.497,0.000,0.000,0.000,8.0
1180,-0.324,-0.997,1.497,0.000,0.000,0.000,8.0
1181,-0.324,-0.997,1.497,0.000,0.000,0.000,8.0
1182,-0.324,-0.997,1.497,0.000,0.000,0.000,8.0
1183,-0.324,-0.997,1.497,0.000,-0.000,0.000,8.0
1184,-0.324,-0.997,1.497,0.000,-0.000,-0.000,8.0
1185,-0.324,-0.997,1.497,0.000,-0.000,-0.000,8.0
1186,-0.324,-0.997,1.497,0.000,-0.000,-0.000,8.0
1187,-0.324,-0.997,1.497,0.000,-0.000,-0.000,8.0
1188,-0.324,-0.997,1.497,0.000,-0.000,-0.000,8.0
1189,-0.324,-0.997,1.497,0.000,0.000,-0.000,8.0
1190,-0.324,-0.997,1.497,0.000,0.000,-0.000,8.0
1191,-0.324,-0.997,1.497,0.000,0.000,-0.000,8.0
1192,-0.324,-0.997,1.497,0.000,0.000,-0.000,8.0
1193,-0.324,-0.997,1.497,0.000,0.000,-0.000,8.0
1194,-0.324,-0.997,1.497,0.000,0.000,-0.000,8.0
1195,-0.324,-0.997,1.497,0.000,-0.000,-0.000,8.0
1196,-0.324,-0.997,1.497,0.000,-0.000,-0.000,8.0
1197,-0.324,-0.997,1.497,0.000,-0.000,-0.000,8.0
1198,-0.324,-0.997,1.497,0.000,-0.000,0.000,8.0
1199,-0.324,-0.997,1.497,0.000,-0.000,0.000,8.0
1200,-0.324,-0.997,1.497,0.000,0.000,0.000,8.0
