1,-4.000,0.500,0.000,0.000,0.000,0.000,1
2,-4.000,0.500,0.153,0.000,0.000,0.000,1
3,-4.000,0.500,0.473,0.000,0.000,0.000,1
4,-4.000,0.500,0.808,0.000,0.000,0.000,1
5,-4.000,0.500,1.088,0.000,0.000,0.000,1
6,-4.000,0.500,1.290,0.000,0.000,0.000,1
7,-4.000,0.500,1.420,0.000,0.000,0.000,1
8,-4.000,0.500,1.493,0.000,0.000,0.000,1
9,-4.000,0.500,1.522,0.000,0.000,0.000,1
10,-4.000,0.500,1.534,0.000,0.000,0.000,1
11,-4.000,0.500,1.533,0.000,0.000,0.000,1
12,-4.000,0.500,1.527,0.000,0.000,0.000,1
13,-4.000,0.500,1.519,0.000,0.000,0.000,1
14,-4.000,0.500,1.512,0.000,0.000,0.000,1
15,-4.000,0.500,1.506,0.000,0.000,0.000,1
16,-4.000,0.500,1.506,0.000,0.000,0.000,1
17,-4.000,0.500,1.507,0.000,0.000,0.000,1
18,-4.000,0.500,1.507,0.000,0.000,0.000,1
19,-4.000,0.500,1.508,0.000,0.000,0.000,1
20,-4.000,0.500,1.508,0.000,0.000,0.000,1
21,-4.000,0.500,1.509,0.000,0.000,0.000,1
22,-4.000,0.500,1.509,0.000,0.000,0.000,1
23,-4.000,0.500,1.509,0.000,0.000,0.000,1
24,-4.000,0.500,1.509,0.000,0.000,0.000,1
25,-4.000,0.500,1.510,0.000,0.000,0.000,1
26,-4.000,0.500,1.510,0.000,0.000,0.000,1
27,-4.000,0.500,1.510,0.000,0.000,0.000,1
28,-4.000,0.500,1.510,0.000,0.000,0.000,1
29,-4.000,0.500,1.504,0.000,0.000,0.000,1
30,-4.000,0.500,1.503,0.000,0.000,0.000,1
31,-4.000,0.500,1.502,0.000,0.000,0.000,1
32,-4.000,0.500,1.501,0.000,0.000,0.000,1
33,-4.000,0.500,1.500,0.000,0.000,0.000,1
34,-4.000,0.500,1.499,0.000,0.000,0.000,1
35,-4.000,0.500,1.499,0.000,0.000,0.000,1
36,-4.000,0.500,1.498,0.000,0.000,0.000,1
37,-4.000,0.500,1.498,0.000,0.000,0.000,1
38,-4.000,0.500,1.498,0.000,0.000,0.000,1
39,-4.000,0.500,1.498,-0.000,0.014,0.011,28.0
40,-4.000,0.500,1.497,-0.000,0.027,0.019,28.0
41,-4.000,0.500,1.497,-0.000,0.033,0.022,28.0
42,-4.000,0.500,1.497,-0.000,0.031,0.018,28.0
43,-3.999,0.499,1.497,-0.000,0.025,0.011,28.0
44,-3.999,0.499,1.496,-0.000,0.017,0.004,28.0
45,-3.998,0.499,1.496,-0.000,0.009,-0.001,28.0
46,-3.998,0.499,1.496,-0.000,0.005,-0.004,28.0
47,-3.997,0.498,1.496,-0.000,0.004,-0.004,28.0
48,-3.997,0.498,1.496,-0.000,0.006,-0.002,28.0
49,-3.996,0.498,1.496,-0.000,0.010,0.001,28.0
50,-3.995,0.497,1.496,-0.000,0.013,0.004,28.0
51,-3.995,0.497,1.496,-0.000,0.016,0.005,28.0
52,-3.994,0.497,1.496,-0.000,0.017,0.006,28.0
53,-3.993,0.497,1.496,-0.000,0.016,0.005,28.0
54,-3.992,0.496,1.496,-0.000,0.015,0.004,28.0
55,-3.991,0.496,1.496,-0.000,0.013,0.002,28.0
56,-3.990,0.496,1.496,-0.000,0.011,0.001,28.0
57,-3.989,0.495,1.496,-0.000,0.010,0.001,28.0
58,-3.988,0.495,1.496,-0.000,0.010,0.001,28.0
59,-3.987,0.494,1.496,-0.000,0.010,0.001,28.0
60,-3.986,0.494,1.497,-0.000,0.011,0.002,28.0
61,-3.985,0.494,1.497,-0.000,0.011,0.002,28.0
62,-3.984,0.493,1.497,-0.000,0.012,0.002,28.0
63,-3.983,0.493,1.497,-0.000,0.012,0.002,28.0
64,-3.981,0.492,1.497,-0.000,0.012,0.002,28.0
65,-3.980,0.492,1.497,-0.000,0.011,0.002,28.0
66,-3.979,0.492,1.497,-0.000,0.004,-0.007,25.0
67,-3.977,0.491,1.498,-0.000,-0.001,-0.013,25.0
68,-3.976,0.491,1.498,-0.000,-0.002,-0.014,25.0
69,-3.975,0.491,1.498,-0.000,0.000,-0.011,25.0
70,-3.973,0.490,1.498,-0.000,0.003,-0.005,25.0
71,-3.972,0.490,1.498,-0.000,0.005,0.001,25.0
72,-3.971,0.490,1.498,-0.000,0.005,0.006,25.0
73,-3.969,0.489,1.499,-0.000,0.003,0.007,25.0
74,-3.968,0.489,1.499,-0.000,-0.070,-0.010,22.0
75,-3.967,0.489,1.499,-0.000,-0.119,-0.023,22.0
76,-3.966,0.489,1.499,-0.000,-0.125,-0.027,22.0
77,-3.965,0.489,1.499,-0.000,-0.097,-0.023,22.0
78,-3.965,0.489,1.499,-0.000,-0.045,-0.011,22.0
79,-3.965,0.489,1.499,-0.000,0.006,0.002,22.0
80,-3.966,0.489,1.499,-0.000,0.038,0.011,22.0
81,-3.966,0.488,1.499,-0.000,0.039,0.009,19.0
82,-3.965,0.488,1.499,-0.000,0.025,0.004,19.0
83,-3.965,0.488,1.499,-0.000,0.005,-0.002,19.0
84,-3.965,0.488,1.499,-0.000,-0.013,-0.006,19.0
85,-3.965,0.488,1.499,-0.000,-0.017,-0.005,19.0
86,-3.965,0.488,1.499,-0.000,-0.012,-0.000,19.0
87,-3.964,0.488,1.499,-0.000,-0.004,0.006,19.0
88,-3.964,0.488,1.500,-0.000,0.003,0.010,19.0
89,-3.964,0.488,1.500,-0.000,0.007,0.009,19.0
90,-3.964,0.488,1.500,-0.000,-0.000,-0.000,16.0
91,-3.964,0.488,1.500,-0.000,-0.007,-0.008,16.0
92,-3.964,0.488,1.500,-0.000,-0.011,-0.012,16.0
93,-3.964,0.488,1.500,-0.000,-0.005,-0.009,16.0
94,-3.964,0.488,1.500,-0.000,0.005,-0.003,16.0
95,-3.964,0.488,1.500,-0.000,0.012,0.004,16.0
96,-3.964,0.488,1.500,-0.000,0.015,0.009,16.0
97,-3.963,0.488,1.500,-0.000,0.012,0.010,16.0
98,-3.963,0.487,1.500,-0.000,0.006,0.008,16.0
99,-3.963,0.487,1.500,-0.000,-0.009,-0.001,13.0
100,-3.963,0.487,1.500,-0.000,-0.019,-0.008,13.0
101,-3.963,0.487,1.500,-0.000,-0.016,-0.009,13.0
102,-3.963,0.487,1.500,-0.000,-0.005,-0.006,13.0
103,-3.963,0.487,1.500,-0.000,0.007,-0.001,13.0
104,-3.962,0.487,1.500,-0.000,0.016,0.005,13.0
105,-3.962,0.487,1.500,-0.000,0.018,0.011,13.0
106,-3.962,0.487,1.500,-0.000,0.014,0.014,13.0
107,-3.962,0.487,1.500,-0.000,0.007,0.014,13.0
108,-3.962,0.487,1.500,-0.000,0.001,0.010,13.0
109,-3.961,0.486,1.500,-0.000,-0.016,-0.006,10.0
110,-3.961,0.486,1.500,-0.000,-0.026,-0.018,10.0
111,-3.961,0.486,1.500,-0.000,-0.026,-0.021,10.0
112,-3.961,0.486,1.500,-0.000,-0.019,-0.018,10.0
113,-3.961,0.486,1.500,-0.000,-0.001,-0.008,10.0
114,-3.961,0.486,1.500,-0.000,0.016,0.004,10.0
115,-3.961,0.486,1.500,-0.000,0.023,0.012,10.0
116,-3.961,0.486,1.500,-0.000,0.022,0.014,10.0
117,-3.961,0.486,1.500,-0.000,0.005,0.006,7.0
118,-3.960,0.486,1.500,-0.000,-0.011,-0.002,7.0
119,-3.960,0.486,1.500,-0.000,-0.019,-0.008,7.0
120,-3.960,0.486,1.500,-0.000,-0.020,-0.010,7.0
121,-3.960,0.486,1.500,-0.000,-0.007,-0.006,7.0
122,-3.960,0.486,1.500,-0.000,0.008,0.001,7.0
123,-3.960,0.486,1.500,-0.000,0.017,0.007,7.0
124,-3.960,0.486,1.500,-0.000,0.018,0.009,7.0
125,-3.960,0.486,1.500,-0.000,0.005,0.003,4.0
126,-3.960,0.485,1.500,-0.000,-0.008,-0.003,4.0
127,-3.960,0.485,1.500,-0.000,-0.016,-0.007,4.0
128,-3.959,0.485,1.500,-0.000,-0.017,-0.008,4.0
129,-3.959,0.485,1.500,-0.000,-0.005,-0.003,4.0
130,-3.959,0.485,1.500,-0.000,0.008,0.003,4.0
131,-3.959,0.485,1.500,-0.000,0.215,0.068,4.0
132,-3.959,0.485,1.500,-0.000,0.346,0.108,1
133,-3.957,0.484,1.500,-0.000,0.348,0.108,1
134,-3.954,0.483,1.500,-0.000,0.038,0.235,1
135,-3.950,0.482,1.500,-0.000,-0.238,0.295,1
136,-3.948,0.479,1.500,-0.000,-0.407,0.251,1
137,-3.947,0.475,1.500,-0.000,-0.445,0.129,1
138,-3.947,0.471,1.500,-0.000,-0.279,-0.170,1
139,-3.948,0.468,1.500,0.000,-0.196,-0.547,36.0
140,-3.950,0.466,1.500,0.000,-0.109,-0.707,36.0
141,-3.953,0.466,1.500,0.000,-0.027,-0.637,36.0
142,-3.955,0.469,1.500,0.000,0.156,-0.236,36.0
143,-3.957,0.473,1.501,0.000,0.134,-0.030,36.0
144,-3.959,0.477,1.501,0.000,0.052,0.088,36.0
145,-3.960,0.480,1.501,0.000,-0.032,0.130,36.0
146,-3.962,0.483,1.501,0.000,-0.090,0.107,36.0
147,-3.964,0.486,1.501,0.000,-0.109,0.047,36.0
148,-3.966,0.489,1.501,0.000,-0.094,-0.018,36.0
149,-3.968,0.491,1.501,0.000,-0.057,-0.066,36.0
150,-3.971,0.494,1.501,0.000,-0.016,-0.085,36.0
151,-3.974,0.498,1.502,0.000,0.017,-0.076,36.0
152,-3.976,0.501,1.502,0.000,0.035,-0.049,36.0
153,-3.979,0.505,1.502,0.000,0.035,-0.017,36.0
154,-3.982,0.508,1.502,0.000,0.024,0.010,36.0
155,-3.984,0.512,1.502,0.000,0.008,0.025,36.0
156,-3.986,0.516,1.502,0.000,-0.006,0.027,36.0
157,-3.989,0.519,1.502,0.000,-0.015,0.020,36.0
158,-3.991,0.523,1.502,0.000,-0.017,0.008,36.0
159,-3.994,0.526,1.502,0.000,-0.013,-0.003,36.0
160,-3.996,0.530,1.502,0.000,-0.006,-0.010,36.0
161,-3.999,0.533,1.502,0.000,0.001,-0.012,36.0
162,-4.002,0.537,1.503,0.000,0.006,-0.009,36.0
163,-4.004,0.540,1.503,0.000,0.008,-0.004,36.0
164,-4.007,0.544,1.503,0.000,0.007,0.001,36.0
165,-4.009,0.547,1.503,0.000,0.005,0.005,36.0
166,-4.012,0.551,1.503,0.000,0.002,0.007,36.0
167,-4.014,0.555,1.503,0.000,-0.000,0.006,36.0
168,-4.017,0.558,1.503,0.000,-0.002,0.005,36.0
169,-4.019,0.562,1.503,0.000,-0.002,0.003,36.0
170,-4.022,0.565,1.503,0.000,-0.001,0.001,36.0
171,-4.025,0.569,1.503,0.000,0.001,-0.000,36.0
172,-4.027,0.572,1.503,0.000,0.002,-0.000,36.0
173,-4.030,0.576,1.503,0.000,0.002,0.000,36.0
174,-4.032,0.580,1.503,0.000,0.003,0.001,36.0
175,-4.035,0.583,1.503,0.000,0.002,0.002,36.0
176,-4.037,0.587,1.503,0.000,0.002,0.003,36.0
177,-4.040,0.590,1.503,0.000,0.001,0.003,36.0
178,-4.043,0.594,1.503,0.000,0.001,0.003,36.0
179,-4.045,0.598,1.503,0.000,0.001,0.002,36.0
180,-4.048,0.601,1.503,0.000,0.001,0.002,36.0
181,-4.050,0.605,1.503,0.000,0.001,0.002,36.0
182,-4.053,0.608,1.503,0.000,0.001,0.002,36.0
183,-4.055,0.612,1.503,0.000,0.001,0.002,36.0
184,-4.058,0.615,1.503,0.000,0.002,0.002,36.0
185,-4.060,0.619,1.503,0.000,0.002,0.002,36.0
186,-4.063,0.623,1.503,0.000,0.002,0.002,36.0
187,-4.066,0.626,1.503,0.000,0.001,0.002,36.0
188,-4.068,0.630,1.503,0.000,0.001,0.002,36.0
189,-4.071,0.633,1.503,0.000,0.001,0.002,36.0
190,-4.073,0.637,1.503,0.000,0.001,0.002,36.0
191,-4.076,0.641,1.503,0.000,0.000,0.003,36.0
192,-4.078,0.644,1.503,0.000,0.000,0.002,36.0
193,-4.081,0.648,1.503,0.000,0.001,0.002,36.0
194,-4.084,0.651,1.503,0.000,0.002,0.001,36.0
195,-4.086,0.655,1.503,0.000,0.002,0.001,36.0
196,-4.089,0.658,1.503,0.000,0.002,0.001,36.0
197,-4.091,0.662,1.503,0.000,0.002,0.002,36.0
198,-4.094,0.666,1.503,0.000,0.002,0.002,36.0
199,-4.096,0.669,1.503,0.000,0.001,0.002,36.0
200,-4.099,0.673,1.503,0.000,0.001,0.002,36.0
201,-4.102,0.676,1.503,0.000,-0.000,0.003,36.0
202,-4.104,0.680,1.503,0.000,0.000,0.003,36.0
203,-4.107,0.683,1.503,0.000,0.001,0.002,36.0
204,-4.109,0.687,1.503,0.000,0.002,0.002,36.0
205,-4.112,0.691,1.503,0.000,0.002,0.001,36.0
206,-4.114,0.694,1.503,0.000,0.002,0.001,36.0
207,-4.117,0.698,1.503,0.000,0.002,0.001,36.0
208,-4.120,0.701,1.503,0.000,0.002,0.002,36.0
209,-4.122,0.705,1.503,0.000,0.001,0.002,36.0
210,-4.125,0.709,1.503,0.000,-0.000,0.003,36.0
211,-4.127,0.712,1.503,0.000,0.000,0.003,36.0
212,-4.130,0.716,1.503,0.000,0.001,0.002,36.0
213,-4.132,0.719,1.503,0.000,0.002,0.002,36.0
214,-4.135,0.723,1.503,0.000,0.004,0.004,36.0
215,-4.137,0.726,1.503,0.000,0.007,0.007,36.0
216,-4.140,0.730,1.503,0.000,0.009,0.011,36.0
217,-4.143,0.733,1.503,0.000,0.011,0.015,36.0
218,-4.145,0.737,1.503,0.000,0.012,0.016,36.0
219,-4.147,0.740,1.503,0.000,0.010,0.016,36.0
220,-4.150,0.744,1.503,0.000,0.009,0.015,36.0
221,-4.152,0.747,1.503,0.000,0.010,0.014,36.0
222,-4.155,0.750,1.503,0.000,0.010,0.013,36.0
223,-4.157,0.754,1.503,0.000,0.010,0.012,36.0
224,-4.159,0.757,1.503,0.000,0.010,0.012,36.0
225,-4.162,0.760,1.503,0.000,0.010,0.012,36.0
226,-4.164,0.763,1.503,0.000,0.010,0.013,36.0
227,-4.166,0.766,1.503,0.000,0.009,0.013,36.0
228,-4.168,0.769,1.503,0.000,0.009,0.013,36.0
229,-4.170,0.772,1.503,0.000,0.008,0.013,36.0
230,-4.173,0.775,1.503,0.000,0.008,0.013,36.0
231,-4.175,0.778,1.503,0.000,0.009,0.013,36.0
232,-4.177,0.781,1.503,0.000,0.010,0.012,36.0
233,-4.179,0.784,1.503,0.000,0.010,0.012,36.0
234,-4.181,0.787,1.503,0.000,0.010,0.012,36.0
235,-4.183,0.790,1.503,0.000,0.009,0.012,36.0
236,-4.185,0.792,1.503,0.000,0.009,0.012,36.0
237,-4.187,0.795,1.503,0.000,0.007,0.012,36.0
238,-4.189,0.798,1.503,0.000,0.007,0.012,36.0
239,-4.191,0.800,1.503,0.000,0.008,0.011,36.0
240,-4.192,0.803,1.503,0.000,0.008,0.011,36.0
241,-4.194,0.806,1.503,0.000,0.009,0.011,36.0
242,-4.196,0.808,1.503,0.000,0.009,0.011,36.0
243,-4.198,0.811,1.503,0.000,0.009,0.011,36.0
244,-4.200,0.813,1.503,0.000,0.008,0.011,36.0
245,-4.201,0.816,1.503,0.000,0.006,0.011,36.0
246,-4.203,0.818,1.503,0.000,0.006,0.010,36.0
247,-4.205,0.820,1.502,0.000,0.007,0.010,36.0
248,-4.207,0.823,1.502,0.000,0.007,0.010,36.0
249,-4.208,0.825,1.502,0.000,0.008,0.010,36.0
250,-4.210,0.827,1.502,0.000,0.008,0.010,36.0
251,-4.211,0.830,1.502,0.000,0.008,0.010,36.0
252,-4.213,0.832,1.502,0.000,0.007,0.010,36.0
253,-4.215,0.834,1.502,0.000,0.007,0.010,36.0
254,-4.216,0.836,1.502,0.000,0.007,0.009,36.0
255,-4.218,0.838,1.502,0.000,0.005,0.009,36.0
256,-4.219,0.840,1.502,0.000,0.005,0.009,36.0
257,-4.221,0.843,1.502,0.000,0.006,0.009,36.0
258,-4.222,0.845,1.502,0.000,0.007,0.009,36.0
259,-4.224,0.847,1.502,0.000,0.007,0.009,36.0
260,-4.225,0.849,1.502,0.000,0.007,0.009,36.0
261,-4.227,0.851,1.502,0.000,0.007,0.009,36.0
262,-4.228,0.853,1.502,0.000,0.006,0.008,36.0
263,-4.229,0.854,1.502,0.000,0.072,0.100,36.0
264,-4.230,0.856,1.502,0.000,0.049,0.068,36.0
265,-4.231,0.857,1.502,0.000,0.010,0.014,36.0
266,-4.232,0.859,1.502,0.000,-0.021,-0.029,36.0
267,-4.233,0.860,1.502,0.000,-0.037,-0.051,36.0
268,-4.234,0.862,1.502,0.000,-0.036,-0.050,36.0
269,-4.236,0.864,1.502,0.000,-0.024,-0.033,36.0
270,-4.237,0.865,1.502,0.000,-0.007,-0.009,36.0
271,-4.238,0.867,1.502,0.000,0.009,0.012,36.0
272,-4.240,0.869,1.502,0.000,0.019,0.026,36.0
273,-4.241,0.871,1.502,0.000,0.021,0.030,36.0
274,-4.242,0.873,1.502,0.000,0.018,0.025,36.0
275,-4.243,0.874,1.502,0.000,0.011,0.016,36.0
276,-4.245,0.876,1.502,0.000,0.005,0.007,36.0
277,-4.246,0.877,1.502,0.000,-0.000,-0.000,36.0
278,-4.247,0.879,1.502,0.000,-0.002,-0.003,36.0
279,-4.248,0.880,1.502,0.000,-0.002,-0.003,36.0
280,-4.249,0.882,1.502,0.000,0.001,0.001,36.0
281,-4.250,0.884,1.502,0.000,0.004,0.005,36.0
282,-4.251,0.885,1.502,0.000,0.006,0.008,36.0
283,-4.252,0.887,1.502,0.000,0.007,0.010,36.0
284,-4.253,0.888,1.502,0.000,0.007,0.010,36.0
285,-4.254,0.890,1.502,0.000,0.007,0.009,36.0
286,-4.255,0.891,1.502,0.000,0.005,0.007,36.0
287,-4.256,0.893,1.502,0.000,0.004,0.006,36.0
288,-4.257,0.894,1.502,0.000,0.003,0.005,36.0
289,-4.258,0.895,1.502,0.000,0.003,0.004,36.0
290,-4.259,0.897,1.502,0.000,0.003,0.004,36.0
291,-4.260,0.898,1.502,0.000,0.004,0.005,36.0
292,-4.261,0.899,1.502,0.000,0.004,0.006,36.0
293,-4.262,0.901,1.502,0.000,0.004,0.006,36.0
294,-4.263,0.902,1.502,0.000,0.005,0.006,36.0
295,-4.264,0.903,1.502,0.000,0.004,0.006,36.0
296,-4.265,0.905,1.502,0.000,0.004,0.006,36.0
297,-4.266,0.906,1.502,0.000,0.004,0.006,36.0
298,-4.267,0.907,1.502,0.000,0.004,0.005,36.0
299,-4.268,0.908,1.502,0.000,0.004,0.005,36.0
300,-4.269,0.909,1.502,0.000,0.003,0.005,36.0
301,-4.269,0.911,1.502,0.000,0.003,0.005,36.0
302,-4.270,0.912,1.502,0.000,0.004,0.005,36.0
303,-4.271,0.913,1.502,0.000,0.004,0.005,36.0
304,-4.272,0.914,1.502,0.000,0.004,0.005,36.0
305,-4.273,0.915,1.502,0.000,0.004,0.005,36.0
306,-4.273,0.916,1.502,0.000,0.004,0.005,36.0
307,-4.274,0.917,1.502,0.000,0.003,0.005,36.0
308,-4.275,0.918,1.502,0.000,0.003,0.005,36.0
309,-4.276,0.920,1.502,0.000,0.003,0.005,36.0
310,-4.277,0.921,1.502,0.000,0.003,0.004,36.0
311,-4.277,0.922,1.502,0.000,0.003,0.004,36.0
312,-4.278,0.923,1.502,0.000,0.003,0.004,36.0
313,-4.279,0.924,1.502,0.000,0.003,0.004,36.0
314,-4.279,0.925,1.502,0.000,0.003,0.004,36.0
315,-4.280,0.926,1.502,0.000,0.003,0.004,36.0
316,-4.281,0.927,1.502,0.000,0.003,0.004,36.0
317,-4.282,0.928,1.502,0.000,0.003,0.004,36.0
318,-4.282,0.929,1.502,0.000,0.003,0.004,36.0
319,-4.283,0.929,1.502,0.000,0.003,0.004,36.0
320,-4.284,0.930,1.502,0.000,0.003,0.004,36.0
321,-4.284,0.931,1.502,0.000,0.003,0.004,36.0
322,-4.285,0.932,1.502,0.000,0.003,0.004,36.0
323,-4.285,0.933,1.502,0.000,0.003,0.004,36.0
324,-4.286,0.934,1.502,0.000,0.003,0.004,36.0
325,-4.287,0.935,1.502,0.000,0.003,0.004,36.0
326,-4.287,0.936,1.502,0.000,0.003,0.004,36.0
327,-4.288,0.937,1.502,0.000,0.003,0.004,36.0
328,-4.289,0.937,1.502,0.000,0.003,0.004,36.0
329,-4.289,0.938,1.502,0.000,0.003,0.004,36.0
330,-4.290,0.939,1.502,0.000,0.002,0.003,36.0
331,-4.290,0.940,1.502,0.000,0.002,0.003,36.0
332,-4.291,0.941,1.502,0.000,0.002,0.003,36.0
333,-4.291,0.941,1.502,0.000,0.002,0.003,36.0
334,-4.292,0.942,1.502,0.000,0.002,0.003,36.0
335,-4.292,0.943,1.502,0.000,0.002,0.003,36.0
336,-4.293,0.944,1.502,0.000,0.002,0.003,36.0
337,-4.294,0.944,1.502,0.000,0.002,0.003,36.0
338,-4.294,0.945,1.502,0.000,0.002,0.003,36.0
339,-4.295,0.946,1.502,0.000,0.002,0.003,36.0
340,-4.295,0.947,1.502,0.000,0.002,0.003,36.0
341,-4.296,0.947,1.502,0.000,0.002,0.003,36.0
342,-4.296,0.948,1.502,0.000,0.002,0.003,36.0
343,-4.297,0.949,1.502,0.000,0.002,0.003,36.0
344,-4.297,0.949,1.502,0.000,0.002,0.003,36.0
345,-4.298,0.950,1.502,0.000,0.002,0.003,36.0
346,-4.298,0.951,1.502,0.000,0.002,0.003,36.0
347,-4.298,0.951,1.502,0.000,0.002,0.003,36.0
348,-4.299,0.952,1.502,0.000,0.002,0.003,36.0
349,-4.299,0.952,1.502,0.000,0.002,0.003,36.0
350,-4.300,0.953,1.502,0.000,0.002,0.003,36.0
351,-4.300,0.954,1.502,0.000,0.002,0.003,36.0
352,-4.301,0.954,1.502,0.000,0.002,0.003,36.0
353,-4.301,0.955,1.502,0.000,0.002,0.003,36.0
354,-4.302,0.956,1.502,0.000,0.002,0.003,36.0
355,-4.302,0.956,1.502,0.000,0.002,0.003,36.0
356,-4.302,0.957,1.502,0.000,0.002,0.002,36.0
357,-4.303,0.957,1.502,0.000,0.002,0.002,36.0
358,-4.303,0.958,1.502,0.000,0.002,0.002,36.0
359,-4.304,0.958,1.502,0.000,0.002,0.002,36.0
360,-4.304,0.959,1.502,0.000,0.002,0.002,36.0
361,-4.304,0.959,1.502,0.000,0.002,0.002,36.0
362,-4.305,0.960,1.502,0.000,0.002,0.002,36.0
363,-4.305,0.960,1.502,0.000,0.002,0.002,36.0
364,-4.305,0.961,1.502,0.000,0.002,0.002,36.0
365,-4.306,0.962,1.502,0.000,0.002,0.002,36.0
366,-4.306,0.962,1.502,0.000,0.002,0.002,36.0
367,-4.307,0.963,1.502,0.000,0.002,0.002,36.0
368,-4.307,0.963,1.502,0.000,0.002,0.002,36.0
369,-4.307,0.964,1.502,0.000,0.001,0.002,36.0
370,-4.308,0.964,1.502,0.000,0.001,0.002,36.0
371,-4.308,0.964,1.502,0.000,0.001,0.002,36.0
372,-4.308,0.965,1.502,0.000,0.001,0.002,36.0
373,-4.309,0.965,1.502,0.000,0.001,0.002,36.0
374,-4.309,0.966,1.502,0.000,0.001,0.002,36.0
375,-4.309,0.966,1.502,0.000,0.001,0.002,36.0
376,-4.310,0.967,1.502,0.000,0.001,0.002,36.0
377,-4.310,0.967,1.502,0.000,0.001,0.002,36.0
378,-4.310,0.968,1.502,0.000,0.001,0.002,36.0
379,-4.310,0.968,1.502,0.000,0.001,0.002,36.0
380,-4.311,0.968,1.502,0.000,0.001,0.002,36.0
381,-4.311,0.969,1.502,0.000,0.001,0.002,36.0
382,-4.311,0.969,1.502,0.000,0.001,0.002,36.0
383,-4.312,0.970,1.502,0.000,0.001,0.002,36.0
384,-4.312,0.970,1.502,0.000,0.001,0.002,36.0
385,-4.312,0.970,1.502,0.000,0.001,0.002,36.0
386,-4.312,0.971,1.502,0.000,0.001,0.002,36.0
387,-4.313,0.971,1.502,0.000,0.001,0.002,36.0
388,-4.313,0.972,1.502,0.000,0.001,0.002,36.0
389,-4.313,0.972,1.502,0.000,0.001,0.002,36.0
390,-4.314,0.972,1.502,0.000,0.001,0.002,36.0
391,-4.314,0.973,1.502,0.000,0.001,0.002,36.0
392,-4.314,0.973,1.502,0.000,0.001,0.002,36.0
393,-4.314,0.973,1.502,0.000,0.001,0.002,36.0
394,-4.315,0.974,1.502,0.000,0.001,0.002,36.0
395,-4.315,0.974,1.502,0.000,0.001,0.001,36.0
396,-4.315,0.974,1.502,0.000,0.001,0.001,36.0
397,-4.315,0.975,1.502,0.000,0.001,0.001,36.0
398,-4.316,0.975,1.502,0.000,0.001,0.001,36.0
399,-4.316,0.975,1.502,0.000,0.001,0.001,36.0
400,-4.316,0.976,1.502,0.000,0.001,0.001,36.0
401,-4.316,0.976,1.502,0.000,0.001,0.001,36.0
402,-4.316,0.976,1.502,0.000,0.001,0.001,36.0
403,-4.317,0.977,1.502,0.000,0.001,0.001,36.0
404,-4.317,0.977,1.502,0.000,0.001,0.001,36.0
405,-4.317,0.977,1.502,0.000,0.001,0.001,36.0
406,-4.317,0.978,1.502,0.000,0.001,0.001,36.0
407,-4.318,0.978,1.502,0.000,0.001,0.001,36.0
408,-4.318,0.978,1.502,0.000,0.001,0.001,36.0
409,-4.318,0.978,1.502,0.000,0.001,0.001,36.0
410,-4.318,0.979,1.502,0.000,0.001,0.001,36.0
411,-4.318,0.979,1.502,0.000,0.001,0.001,36.0
412,-4.319,0.979,1.502,0.000,0.001,0.001,36.0
413,-4.319,0.980,1.502,0.000,0.001,0.001,36.0
414,-4.319,0.980,1.502,0.000,0.001,0.001,36.0
415,-4.319,0.980,1.502,0.000,0.001,0.001,36.0
416,-4.319,0.980,1.502,0.000,0.001,0.001,36.0
417,-4.319,0.981,1.502,0.000,0.001,0.001,36.0
418,-4.320,0.981,1.502,0.000,0.001,0.001,36.0
419,-4.320,0.981,1.502,0.000,0.001,0.001,36.0
420,-4.320,0.981,1.502,0.000,0.001,0.001,36.0
421,-4.320,0.982,1.502,0.000,0.001,0.001,36.0
422,-4.320,0.982,1.502,0.000,0.001,0.001,36.0
423,-4.321,0.982,1.502,0.000,0.001,0.001,36.0
424,-4.321,0.982,1.502,0.000,0.001,0.001,36.0
425,-4.321,0.983,1.502,0.000,0.001,0.001,36.0
426,-4.321,0.983,1.502,0.000,0.001,0.001,36.0
427,-4.321,0.983,1.502,0.000,0.001,0.001,36.0
428,-4.321,0.983,1.502,0.000,0.001,0.001,36.0
429,-4.321,0.983,1.502,0.000,0.001,0.001,36.0
430,-4.322,0.984,1.502,0.000,0.001,0.001,36.0
431,-4.322,0.984,1.502,0.000,0.001,0.001,36.0
432,-4.322,0.984,1.502,0.000,0.001,0.001,36.0
433,-4.322,0.984,1.502,0.000,0.001,0.001,36.0
434,-4.322,0.984,1.502,0.000,0.001,0.001,36.0
435,-4.322,0.985,1.502,0.000,0.001,0.001,36.0
436,-4.323,0.985,1.502,0.000,0.001,0.001,36.0
437,-4.323,0.985,1.502,0.000,0.001,0.001,36.0
438,-4.323,0.985,1.502,0.000,0.001,0.001,36.0
439,-4.323,0.985,1.502,0.000,0.001,0.001,36.0
440,-4.323,0.986,1.502,0.000,0.001,0.001,36.0
441,-4.323,0.986,1.502,0.000,0.001,0.001,36.0
442,-4.323,0.986,1.502,0.000,0.001,0.001,36.0
443,-4.323,0.986,1.502,0.000,0.001,0.001,36.0
444,-4.324,0.986,1.502,0.000,0.001,0.001,36.0
445,-4.324,0.987,1.502,0.000,0.001,0.001,36.0
446,-4.324,0.987,1.502,0.000,0.001,0.001,36.0
447,-4.324,0.987,1.502,0.000,0.001,0.001,36.0
448,-4.324,0.987,1.502,0.000,0.001,0.001,36.0
449,-4.324,0.987,1.502,0.000,0.001,0.001,36.0
450,-4.324,0.987,1.502,0.000,0.001,0.001,36.0
451,-4.324,0.988,1.502,0.000,0.001,0.001,36.0
452,-4.325,0.988,1.502,0.000,0.000,0.001,36.0
453,-4.325,0.988,1.502,0.000,0.000,0.001,36.0
454,-4.325,0.988,1.502,0.000,0.000,0.001,36.0
455,-4.325,0.988,1.502,0.000,0.000,0.001,36.0
456,-4.325,0.988,1.502,0.000,0.000,0.001,36.0
457,-4.325,0.989,1.502,0.000,0.000,0.001,36.0
458,-4.325,0.989,1.502,0.000,0.000,0.001,36.0
459,-4.325,0.989,1.502,0.000,0.000,0.001,36.0
460,-4.325,0.989,1.502,0.000,0.000,0.001,36.0
461,-4.326,0.989,1.502,0.000,0.000,0.001,36.0
462,-4.326,0.989,1.502,0.000,0.000,0.001,36.0
463,-4.326,0.989,1.502,0.000,0.000,0.001,36.0
464,-4.326,0.990,1.502,0.000,0.000,0.001,36.0
465,-4.326,0.990,1.502,0.000,0.000,0.001,36.0
466,-4.326,0.990,1.502,0.000,0.000,0.001,36.0
467,-4.326,0.990,1.502,0.000,0.000,0.001,36.0
468,-4.326,0.990,1.502,0.000,0.000,0.001,36.0
469,-4.326,0.990,1.502,0.000,0.000,0.001,36.0
470,-4.326,0.990,1.502,0.000,0.000,0.001,36.0
471,-4.327,0.990,1.502,0.000,0.000,0.001,36.0
472,-4.327,0.991,1.502,0.000,0.000,0.001,36.0
473,-4.327,0.991,1.502,0.000,0.000,0.001,36.0
474,-4.327,0.991,1.502,0.000,0.000,0.001,36.0
475,-4.327,0.991,1.502,0.000,0.000,0.001,36.0
476,-4.327,0.991,1.502,0.000,0.000,0.001,36.0
477,-4.327,0.991,1.502,0.000,0.000,0.001,36.0
478,-4.327,0.991,1.502,0.000,0.000,0.000,36.0
479,-4.327,0.991,1.502,0.000,0.000,0.000,36.0
480,-4.327,0.992,1.502,0.000,0.000,0.000,36.0
481,-4.327,0.992,1.502,0.000,0.000,0.000,36.0
482,-4.327,0.992,1.502,0.000,0.000,0.000,36.0
483,-4.328,0.992,1.502,0.000,0.000,0.000,36.0
484,-4.328,0.992,1.502,0.000,0.004,0.006,36.0
485,-4.328,0.992,1.502,0.000,0.006,0.009,36.0
486,-4.328,0.992,1.502,0.000,0.006,0.009,36.0
487,-4.328,0.992,1.502,0.000,0.005,0.007,36.0
488,-4.328,0.992,1.502,0.000,0.003,0.004,36.0
489,-4.328,0.992,1.502,0.000,0.000,0.000,36.0
490,-4.328,0.992,1.502,0.000,-0.001,-0.002,36.0
491,-4.328,0.992,1.502,0.000,-0.002,-0.003,36.0
492,-4.328,0.992,1.502,0.000,-0.002,-0.002,36.0
493,-4.328,0.992,1.502,0.000,-0.001,-0.001,36.0
494,-4.328,0.992,1.502,0.000,0.000,0.000,36.0
495,-4.328,0.992,1.502,0.000,0.001,0.001,36.0
496,-4.328,0.992,1.502,0.000,0.001,0.001,36.0
497,-4.328,0.992,1.502,0.000,0.001,0.001,36.0
498,-4.328,0.992,1.502,0.000,0.001,0.001,36.0
499,-4.328,0.992,1.502,0.000,0.000,0.000,36.0
500,-4.328,0.992,1.502,0.000,-0.000,-0.000,36.0
501,-4.328,0.992,1.502,0.000,-0.000,-0.000,36.0
502,-4.328,0.992,1.502,0.000,-0.000,-0.000,36.0
503,-4.328,0.992,1.502,0.000,-0.000,-0.000,36.0
504,-4.328,0.992,1.502,0.000,-0.000,-0.000,36.0
505,-4.328,0.992,1.502,0.000,0.000,0.000,36.0
506,-4.328,0.992,1.502,0.000,0.000,0.000,36.0
507,-4.328,0.992,1.502,0.000,0.000,0.000,36.0
508,-4.328,0.992,1.502,0.000,0.000,0.000,36.0
509,-4.328,0.992,1.502,0.000,0.000,0.000,36.0
510,-4.328,0.992,1.502,0.000,0.000,0.000,36.0
511,-4.328,0.992,1.502,0.000,-0.000,-0.000,36.0
512,-4.328,0.992,1.502,0.000,-0.000,-0.000,36.0
513,-4.328,0.992,1.502,0.000,-0.000,-0.000,36.0
514,-4.328,0.992,1.502,0.000,-0.000,-0.000,36.0
515,-4.328,0.992,1.502,0.000,-0.000,-0.000,36.0
516,-4.328,0.992,1.502,0.000,0.000,0.000,36.0
517,-4.328,0.992,1.502,0.000,0.000,0.000,36.0
518,-4.328,0.992,1.502,0.000,0.000,0.000,36.0
519,-4.328,0.992,1.502,0.000,0.000,0.000,36.0
520,-4.328,0.992,1.502,0.000,0.000,0.000,36.0
521,-4.328,0.992,1.502,0.000,-0.000,-0.000,36.0
522,-4.328,0.992,1.502,0.000,-0.000,-0.000,36.0
523,-4.328,0.992,1.502,0.000,-0.000,-0.000,36.0
524,-4.328,0.992,1.502,0.000,-0.000,-0.000,36.0
525,-4.328,0.992,1.502,0.000,-0.000,-0.000,36.0
526,-4.328,0.992,1.502,0.000,-0.000,-0.000,36.0
527,-4.328,0.992,1.502,0.000,0.000,0.000,36.0
528,-4.328,0.992,1.502,0.000,0.000,0.000,36.0
529,-4.328,0.992,1.502,0.000,0.000,0.000,36.0
530,-4.328,0.992,1.502,0.000,0.000,0.000,36.0
531,-4.328,0.992,1.502,0.000,0.000,0.000,36.0
532,-4.328,0.992,1.502,0.000,-0.000,-0.000,36.0
533,-4.328,0.992,1.502,0.000,-0.000,-0.000,36.0
534,-4.328,0.992,1.502,0.000,-0.000,-0.000,36.0
535,-4.328,0.992,1.502,0.000,-0.000,-0.000,36.0
536,-4.328,0.992,1.502,0.000,-0.000,-0.000,36.0
537,-4.328,0.992,1.502,0.000,0.002,-0.007,18.0
538,-4.328,0.992,1.502,0.000,0.004,-0.011,18.0
539,-4.328,0.992,1.502,0.000,0.004,-0.011,18.0
540,-4.328,0.992,1.502,0.000,0.177,0.128,18.0
541,-4.327,0.992,1.502,0.000,0.287,0.222,1
542,-4.325,0.991,1.502,0.000,0.292,0.233,1
543,-4.323,0.989,1.502,0.000,0.050,0.052,1
544,-4.320,0.987,1.502,0.000,-0.182,-0.123,36.0
545,-4.318,0.985,1.502,-0.000,-0.301,-0.221,36.0
546,-4.317,0.984,1.502,-0.000,-0.303,-0.231,36.0
547,-4.316,0.984,1.502,-0.000,-0.220,-0.173,36.0
548,-4.317,0.985,1.502,-0.000,-0.097,-0.082,36.0
549,-4.318,0.985,1.502,-0.000,0.017,0.005,36.0
550,-4.319,0.986,1.502,-0.000,0.090,0.064,36.0
551,-4.319,0.987,1.502,-0.000,0.114,0.085,36.0
552,-4.320,0.987,1.502,-0.000,0.093,0.073,36.0
553,-4.320,0.987,1.502,-0.000,0.049,0.040,36.0
554,-4.319,0.987,1.502,-0.000,0.000,0.004,36.0
555,-4.319,0.987,1.502,-0.000,-0.036,-0.025,36.0
556,-4.319,0.986,1.502,-0.000,-0.052,-0.038,36.0
557,-4.319,0.987,1.502,-0.000,-0.048,-0.037,36.0
558,-4.319,0.987,1.502,-0.000,-0.031,-0.025,36.0
559,-4.319,0.987,1.502,-0.000,-0.010,-0.009,36.0
560,-4.320,0.987,1.502,-0.000,0.009,0.006,36.0
561,-4.320,0.987,1.502,-0.000,0.019,0.014,36.0
562,-4.320,0.988,1.502,-0.000,0.021,0.016,36.0
563,-4.321,0.988,1.502,-0.000,0.016,0.013,36.0
564,-4.321,0.988,1.502,-0.000,0.007,0.006,36.0
565,-4.321,0.988,1.502,-0.000,-0.001,-0.000,36.0
566,-4.321,0.988,1.502,-0.000,-0.007,-0.005,36.0
567,-4.321,0.988,1.502,-0.000,-0.009,-0.006,36.0
568,-4.321,0.988,1.502,-0.000,-0.007,-0.005,36.0
569,-4.321,0.989,1.502,-0.000,-0.004,-0.003,36.0
570,-4.321,0.989,1.502,-0.000,-0.000,-0.000,36.0
571,-4.322,0.989,1.502,-0.000,0.003,0.002,36.0
572,-4.322,0.989,1.502,-0.000,0.004,0.003,36.0
573,-4.322,0.989,1.502,-0.000,0.004,0.003,36.0
574,-4.322,0.989,1.502,-0.000,0.003,0.002,36.0
575,-4.322,0.990,1.502,-0.000,0.001,0.001,36.0
576,-4.322,0.990,1.502,-0.000,0.000,0.000,36.0
577,-4.323,0.990,1.502,-0.000,-0.001,-0.000,36.0
578,-4.323,0.990,1.502,-0.000,-0.001,-0.001,36.0
579,-4.323,0.990,1.502,-0.000,-0.001,-0.000,36.0
580,-4.323,0.990,1.502,-0.000,-0.000,0.000,36.0
581,-4.323,0.990,1.502,-0.000,0.001,0.001,36.0
582,-4.323,0.990,1.502,-0.000,0.001,0.001,36.0
583,-4.323,0.991,1.502,-0.000,0.001,0.001,36.0
584,-4.323,0.991,1.502,-0.000,-0.002,0.001,36.0
585,-4.324,0.991,1.502,-0.000,-0.001,0.001,36.0
586,-4.324,0.991,1.502,-0.000,0.000,0.001,36.0
587,-4.324,0.991,1.502,-0.000,0.001,0.000,36.0
588,-4.324,0.991,1.502,-0.000,0.002,0.000,36.0
589,-4.324,0.991,1.502,-0.000,0.002,0.000,36.0
590,-4.324,0.991,1.502,-0.000,0.002,0.000,36.0
591,-4.324,0.991,1.502,-0.000,0.001,0.000,36.0
592,-4.325,0.992,1.502,-0.000,0.000,0.000,36.0
593,-4.325,0.992,1.502,-0.000,0.000,0.001,36.0
594,-4.325,0.992,1.502,-0.000,-0.000,0.001,36.0
595,-4.325,0.992,1.502,-0.000,0.000,0.001,36.0
596,-4.325,0.992,1.502,-0.000,0.000,0.000,36.0
597,-4.325,0.992,1.502,-0.000,0.000,0.000,36.0
598,-4.325,0.992,1.502,-0.000,0.001,0.000,36.0
599,-4.325,0.992,1.502,-0.000,0.001,0.000,36.0
600,-4.325,0.992,1.502,-0.000,0.001,0.000,36.0
601,-4.325,0.993,1.502,-0.000,0.001,0.000,36.0
602,-4.326,0.993,1.502,-0.000,0.000,0.000,36.0
603,-4.326,0.993,1.502,-0.000,0.000,0.000,36.0
604,-4.326,0.993,1.502,-0.000,0.000,0.000,36.0
605,-4.326,0.993,1.502,-0.000,0.000,0.000,36.0
606,-4.326,0.993,1.502,-0.000,0.000,0.000,36.0
607,-4.326,0.993,1.502,-0.000,0.000,0.000,36.0
608,-4.326,0.993,1.502,-0.000,0.005,0.005,36.0
609,-4.326,0.993,1.502,-0.000,0.008,0.007,36.0
610,-4.326,0.993,1.502,-0.000,0.008,0.008,36.0
611,-4.326,0.993,1.502,-0.000,0.006,0.006,36.0
612,-4.326,0.993,1.502,-0.000,0.003,0.003,36.0
613,-4.326,0.993,1.502,-0.000,0.000,0.000,36.0
614,-4.326,0.993,1.502,-0.000,-0.002,-0.001,36.0
615,-4.326,0.993,1.502,-0.000,-0.002,-0.002,36.0
616,-4.326,0.993,1.502,-0.000,-0.002,-0.002,36.0
617,-4.326,0.993,1.502,-0.000,-0.001,-0.001,36.0
618,-4.326,0.993,1.502,-0.000,0.000,0.000,36.0
619,-4.326,0.993,1.502,-0.000,0.001,0.001,36.0
620,-4.326,0.993,1.502,-0.000,0.001,0.001,36.0
621,-4.326,0.993,1.502,-0.000,0.001,0.001,36.0
622,-4.326,0.993,1.502,-0.000,0.001,0.001,36.0
623,-4.326,0.993,1.502,-0.000,0.000,0.000,36.0
624,-4.326,0.993,1.502,-0.000,-0.000,-0.000,36.0
625,-4.326,0.993,1.502,-0.000,-0.000,-0.000,36.0
626,-4.326,0.993,1.502,-0.000,-0.000,-0.000,36.0
627,-4.326,0.993,1.502,-0.000,-0.000,-0.000,36.0
628,-4.326,0.993,1.502,-0.000,-0.000,-0.000,36.0
629,-4.326,0.993,1.502,-0.000,0.000,0.000,36.0
630,-4.326,0.993,1.502,-0.000,0.000,0.000,36.0
631,-4.326,0.993,1.502,-0.000,0.000,0.000,36.0
632,-4.326,0.993,1.502,-0.000,0.000,0.000,36.0
633,-4.326,0.993,1.502,-0.000,0.000,0.000,36.0
634,-4.326,0.993,1.502,-0.000,0.000,0.000,36.0
635,-4.326,0.993,1.502,-0.000,-0.000,-0.000,36.0
636,-4.326,0.993,1.502,-0.000,-0.000,-0.000,36.0
637,-4.326,0.993,1.502,-0.000,-0.000,-0.000,36.0
638,-4.326,0.993,1.502,-0.000,-0.000,-0.000,36.0
639,-4.326,0.993,1.502,-0.000,-0.000,-0.000,36.0
640,-4.326,0.993,1.502,-0.000,0.000,0.000,36.0
641,-4.326,0.993,1.502,-0.000,0.000,0.000,36.0
642,-4.326,0.993,1.502,-0.000,0.000,0.000,36.0
643,-4.326,0.993,1.502,-0.000,0.000,0.000,36.0
644,-4.326,0.993,1.502,-0.000,0.000,0.000,36.0
645,-4.326,0.993,1.502,-0.000,-0.000,-0.000,36.0
646,-4.326,0.993,1.502,-0.000,-0.000,-0.000,36.0
647,-4.326,0.993,1.502,-0.000,-0.000,-0.000,36.0
648,-4.326,0.993,1.502,-0.000,-0.000,-0.000,36.0
649,-4.326,0.993,1.502,-0.000,-0.000,-0.000,36.0
650,-4.326,0.993,1.502,-0.000,-0.000,-0.000,36.0
651,-4.326,0.993,1.502,-0.000,0.000,0.000,36.0
652,-4.326,0.993,1.502,-0.000,0.000,0.000,36.0
653,-4.326,0.993,1.502,-0.000,0.000,0.000,36.0
654,-4.326,0.993,1.502,-0.000,0.000,0.000,36.0
655,-4.326,0.993,1.502,-0.000,0.000,0.000,36.0
656,-4.326,0.993,1.502,-0.000,-0.000,-0.000,36.0
657,-4.326,0.993,1.502,-0.000,-0.000,-0.000,36.0
658,-4.326,0.993,1.502,-0.000,-0.000,-0.000,36.0
659,-4.326,0.993,1.502,-0.000,-0.000,-0.000,36.0
660,-4.326,0.993,1.502,-0.000,-0.000,-0.000,36.0
661,-4.326,0.993,1.502,-0.000,0.000,0.000,36.0
662,-4.326,0.993,1.502,-0.000,0.000,0.000,36.0
663,-4.326,0.993,1.502,-0.000,0.000,0.000,36.0
664,-4.326,0.993,1.502,-0.000,0.000,0.000,36.0
665,-4.326,0.993,1.502,-0.000,0.000,0.000,36.0
666,-4.326,0.993,1.502,-0.000,0.000,0.000,36.0
667,-4.326,0.993,1.502,-0.000,-0.000,-0.000,36.0
668,-4.326,0.993,1.502,-0.000,-0.000,-0.000,36.0
669,-4.326,0.993,1.502,-0.000,-0.000,-0.000,36.0
670,-4.326,0.993,1.502,-0.000,-0.000,-0.000,36.0
671,-4.326,0.993,1.502,-0.000,-0.000,-0.000,36.0
672,-4.326,0.993,1.502,-0.000,0.000,0.000,36.0
673,-4.326,0.993,1.502,-0.000,0.000,0.000,36.0
674,-4.326,0.993,1.502,-0.000,0.000,0.000,36.0
675,-4.326,0.993,1.502,-0.000,0.000,0.000,36.0
676,-4.326,0.993,1.502,-0.000,0.000,0.000,36.0
677,-4.326,0.993,1.502,-0.000,-0.000,-0.000,36.0
678,-4.326,0.993,1.502,-0.000,-0.000,-0.000,36.0
679,-4.326,0.993,1.502,-0.000,-0.000,-0.000,36.0
680,-4.326,0.993,1.502,-0.000,-0.000,-0.000,36.0
681,-4.326,0.993,1.502,-0.000,-0.000,-0.000,36.0
682,-4.326,0.993,1.502,-0.000,-0.000,-0.000,36.0
683,-4.326,0.993,1.502,-0.000,0.000,0.000,36.0
684,-4.326,0.993,1.502,-0.000,0.000,0.000,36.0
685,-4.326,0.993,1.502,-0.000,0.000,0.000,36.0
686,-4.326,0.993,1.502,-0.000,0.000,0.000,36.0
687,-4.326,0.993,1.502,-0.000,0.000,0.000,36.0
688,-4.326,0.993,1.502,-0.000,-0.000,-0.000,36.0
689,-4.326,0.993,1.502,-0.000,-0.000,-0.000,36.0
690,-4.326,0.993,1.502,-0.000,-0.000,-0.000,36.0
691,-4.326,0.993,1.502,-0.000,-0.000,-0.000,36.0
692,-4.326,0.993,1.502,-0.000,-0.000,-0.000,36.0
693,-4.326,0.993,1.502,-0.000,0.000,0.000,36.0
694,-4.326,0.993,1.502,-0.000,0.000,0.000,36.0
695,-4.326,0.993,1.502,-0.000,0.000,0.000,36.0
696,-4.326,0.993,1.502,-0.000,0.000,0.000,36.0
697,-4.326,0.993,1.502,-0.000,0.000,0.000,36.0
698,-4.326,0.993,1.502,-0.000,0.000,0.000,36.0
699,-4.326,0.993,1.502,-0.000,-0.000,-0.000,36.0
700,-4.326,0.993,1.502,-0.000,-0.000,-0.000,36.0
701,-4.326,0.993,1.502,-0.000,-0.000,-0.000,36.0
702,-4.326,0.993,1.502,-0.000,-0.000,-0.000,36.0
703,-4.326,0.993,1.502,-0.000,-0.000,-0.000,36.0
704,-4.326,0.993,1.502,-0.000,0.000,0.000,36.0
705,-4.326,0.993,1.502,-0.000,0.000,0.000,36.0
706,-4.326,0.993,1.502,-0.000,0.000,0.000,36.0
707,-4.326,0.993,1.502,-0.000,0.000,0.000,36.0
708,-4.326,0.993,1.502,-0.000,0.000,0.000,36.0
709,-4.326,0.993,1.502,-0.000,-0.000,-0.000,36.0
710,-4.326,0.993,1.502,-0.000,-0.000,-0.000,36.0
711,-4.326,0.993,1.502,-0.000,-0.000,-0.000,36.0
712,-4.326,0.993,1.502,-0.000,-0.000,-0.000,36.0
713,-4.326,0.993,1.502,-0.000,-0.000,-0.000,36.0
714,-4.326,0.993,1.502,-0.000,-0.000,-0.000,36.0
715,-4.326,0.993,1.502,-0.000,0.000,0.000,36.0
716,-4.326,0.993,1.502,-0.000,0.000,0.000,36.0
717,-4.326,0.993,1.502,-0.000,0.000,0.000,36.0
718,-4.326,0.993,1.502,-0.000,0.000,0.000,36.0
719,-4.326,0.993,1.502,-0.000,0.000,0.000,36.0
720,-4.326,0.993,1.502,-0.000,-0.000,-0.000,36.0
721,-4.326,0.993,1.502,-0.000,-0.000,-0.000,36.0
722,-4.326,0.993,1.502,-0.000,-0.000,-0.000,36.0
723,-4.326,0.993,1.502,-0.000,-0.000,-0.000,36.0
724,-4.326,0.993,1.502,-0.000,-0.000,-0.000,36.0
725,-4.326,0.993,1.502,-0.000,0.000,0.000,36.0
726,-4.326,0.993,1.502,-0.000,0.000,0.000,36.0
727,-4.326,0.993,1.502,-0.000,0.000,0.000,36.0
728,-4.326,0.993,1.502,-0.000,0.000,0.000,36.0
729,-4.326,0.993,1.502,-0.000,0.000,0.000,36.0
730,-4.326,0.993,1.502,-0.000,0.000,0.000,36.0
731,-4.326,0.993,1.502,-0.000,-0.000,-0.000,36.0
732,-4.326,0.993,1.502,-0.000,-0.000,-0.000,36.0
733,-4.326,0.993,1.502,-0.000,-0.000,-0.000,36.0
734,-4.326,0.993,1.502,-0.000,-0.000,-0.000,36.0
735,-4.326,0.993,1.502,-0.000,-0.000,-0.000,36.0
736,-4.326,0.993,1.502,-0.000,0.000,0.000,36.0
737,-4.326,0.993,1.502,-0.000,0.000,0.000,36.0
738,-4.326,0.993,1.502,-0.000,0.000,0.000,36.0
739,-4.326,0.993,1.502,-0.000,0.000,0.000,36.0
740,-4.326,0.993,1.502,-0.000,0.000,0.000,36.0
741,-4.326,0.993,1.502,-0.000,-0.000,-0.000,36.0
742,-4.326,0.993,1.502,-0.000,-0.000,-0.000,36.0
743,-4.326,0.993,1.502,-0.000,-0.000,-0.000,36.0
744,-4.326,0.993,1.502,-0.000,-0.000,-0.000,36.0
745,-4.326,0.993,1.502,-0.000,-0.000,-0.000,36.0
746,-4.326,0.993,1.502,-0.000,-0.000,-0.000,36.0
747,-4.326,0.993,1.502,-0.000,0.000,0.000,36.0
748,-4.326,0.993,1.502,-0.000,0.000,0.000,36.0
749,-4.326,0.993,1.502,-0.000,0.000,0.000,36.0
750,-4.326,0.993,1.502,-0.000,0.000,0.000,36.0
751,-4.326,0.993,1.502,-0.000,0.000,0.000,36.0
752,-4.326,0.993,1.502,-0.000,-0.000,-0.000,36.0
753,-4.326,0.993,1.502,-0.000,-0.000,-0.000,36.0
754,-4.326,0.993,1.502,-0.000,-0.000,-0.000,36.0
755,-4.326,0.993,1.502,-0.000,-0.000,-0.000,36.0
756,-4.326,0.993,1.502,-0.000,-0.000,-0.000,36.0
757,-4.326,0.993,1.502,-0.000,0.000,0.000,36.0
758,-4.326,0.993,1.502,-0.000,0.000,0.000,36.0
759,-4.326,0.993,1.502,-0.000,0.000,0.000,36.0
760,-4.326,0.993,1.502,-0.000,0.000,0.000,36.0
761,-4.326,0.993,1.502,-0.000,0.000,0.000,36.0
762,-4.326,0.993,1.502,-0.000,0.000,0.000,36.0
763,-4.326,0.993,1.502,-0.000,-0.000,-0.000,36.0
764,-4.326,0.993,1.502,-0.000,-0.000,-0.000,36.0
765,-4.326,0.993,1.502,-0.000,-0.000,-0.000,36.0
766,-4.326,0.993,1.502,-0.000,-0.000,-0.000,36.0
767,-4.326,0.993,1.502,-0.000,-0.000,-0.000,36.0
768,-4.326,0.993,1.502,-0.000,-0.000,-0.000,36.0
769,-4.326,0.993,1.502,-0.000,0.000,0.000,36.0
770,-4.326,0.993,1.502,-0.000,0.000,0.000,36.0
771,-4.326,0.993,1.502,-0.000,0.000,0.000,36.0
772,-4.326,0.993,1.502,-0.000,0.000,0.000,36.0
773,-4.326,0.993,1.502,-0.000,0.000,0.000,36.0
774,-4.326,0.993,1.502,-0.000,0.000,0.000,36.0
775,-4.326,0.993,1.502,-0.000,0.000,0.000,36.0
776,-4.326,0.993,1.502,-0.000,0.000,0.000,36.0
777,-4.326,0.993,1.502,-0.000,0.000,0.000,36.0
778,-4.326,0.993,1.502,-0.000,0.000,0.000,36.0
779,-4.326,0.993,1.502,-0.000,-0.000,0.000,36.0
780,-4.326,0.993,1.502,-0.000,-0.000,-0.000,36.0
781,-4.326,0.993,1.502,-0.000,-0.000,-0.000,36.0
782,-4.326,0.993,1.502,-0.000,-0.000,-0.000,36.0
783,-4.326,0.993,1.502,-0.000,-0.000,-0.000,36.0
784,-4.326,0.993,1.502,-0.000,-0.000,-0.000,36.0
785,-4.326,0.993,1.502,-0.000,-0.000,-0.000,36.0
786,-4.326,0.993,1.502,-0.000,-0.000,-0.000,36.0
787,-4.326,0.993,1.502,-0.000,-0.000,-0.000,36.0
788,-4.326,0.993,1.502,-0.000,-0.000,-0.000,36.0
789,-4.326,0.993,1.502,-0.000,-0.000,-0.000,36.0
790,-4.326,0.993,1.502,-0.000,-0.000,-0.000,36.0
791,-4.326,0.993,1.502,-0.000,-0.000,-0.000,36.0
792,-4.326,0.993,1.502,-0.000,-0.000,-0.000,36.0
793,-4.326,0.993,1.502,-0.000,0.000,-0.000,36.0
794,-4.326,0.993,1.502,-0.000,0.000,0.000,36.0
795,-4.326,0.993,1.502,-0.000,0.000,0.000,36.0
796,-4.326,0.993,1.502,-0.000,0.000,0.000,36.0
797,-4.326,0.993,1.502,-0.000,0.000,0.000,36.0
798,-4.326,0.993,1.502,-0.000,0.000,0.000,36.0
799,-4.326,0.993,1.502,-0.000,0.000,0.000,36.0
800,-4.326,0.993,1.502,-0.000,0.000,0.000,36.0
801,-4.326,0.993,1.502,-0.000,0.000,0.000,36.0
802,-4.326,0.993,1.502,-0.000,0.000,0.000,36.0
803,-4.326,0.993,1.502,-0.000,0.000,0.000,36.0
804,-4.326,0.993,1.502,-0.000,0.000,0.000,36.0
805,-4.326,0.993,1.502,-0.000,0.000,0.000,36.0
806,-4.326,0.993,1.502,-0.000,-0.000,0.000,36.0
807,-4.326,0.993,1.502,-0.000,-0.000,0.000,36.0
808,-4.326,0.993,1.502,-0.000,-0.000,-0.000,36.0
809,-4.326,0.993,1.502,-0.000,-0.000,-0.000,36.0
810,-4.326,0.993,1.502,-0.000,-0.000,-0.000,36.0
811,-4.326,0.993,1.502,-0.000,-0.000,-0.000,36.0
812,-4.326,0.993,1.502,-0.000,-0.000,-0.000,36.0
813,-4.326,0.993,1.502,-0.000,-0.000,-0.000,36.0
814,-4.326,0.993,1.502,-0.000,-0.000,-0.000,36.0
815,-4.326,0.993,1.502,-0.000,-0.000,-0.000,36.0
816,-4.326,0.993,1.502,-0.000,-0.000,-0.000,36.0
817,-4.326,0.993,1.502,-0.000,-0.000,-0.000,36.0
818,-4.326,0.993,1.502,-0.000,-0.000,-0.000,36.0
819,-4.326,0.993,1.502,-0.000,-0.000,-0.000,36.0
820,-4.326,0.993,1.502,-0.000,0.000,-0.000,36.0
821,-4.326,0.993,1.502,-0.000,0.000,-0.000,36.0
822,-4.326,0.993,1.502,-0.000,0.000,0.000,36.0
823,-4.326,0.993,1.502,-0.000,0.000,0.000,36.0
824,-4.326,0.993,1.502,-0.000,0.000,0.000,36.0
825,-4.326,0.993,1.502,-0.000,0.000,0.000,36.0
826,-4.326,0.993,1.502,-0.000,0.000,0.000,36.0
827,-4.326,0.993,1.502,-0.000,0.000,0.000,36.0
828,-4.326,0.993,1.502,-0.000,0.000,0.000,36.0
829,-4.326,0.993,1.502,-0.000,0.000,0.000,36.0
830,-4.326,0.993,1.502,-0.000,0.000,0.000,36.0
831,-4.326,0.993,1.502,-0.000,0.000,0.000,36.0
832,-4.326,0.993,1.502,-0.000,0.000,0.000,36.0
833,-4.326,0.993,1.502,-0.000,0.000,0.000,36.0
834,-4.326,0.993,1.502,-0.000,-0.000,0.000,36.0
835,-4.326,0.993,1.502,-0.000,-0.000,0.000,36.0
836,-4.326,0.993,1.502,-0.000,-0.000,0.000,36.0
837,-4.326,0.993,1.502,-0.000,-0.000,-0.000,36.0
838,-4.326,0.993,1.502,-0.000,-0.000,-0.000,36.0
839,-4.326,0.993,1.502,-0.000,-0.000,-0.000,36.0
840,-4.326,0.993,1.502,-0.000,-0.000,-0.000,36.0
841,-4.326,0.993,1.502,-0.000,-0.000,-0.000,36.0
842,-4.326,0.993,1.502,-0.000,-0.000,-0.000,36.0
843,-4.326,0.993,1.502,-0.000,-0.000,-0.000,36.0
844,-4.326,0.993,1.502,-0.000,-0.000,-0.000,36.0
845,-4.326,0.993,1.502,-0.000,-0.000,-0.000,36.0
846,-4.326,0.993,1.502,-0.000,-0.000,-0.000,36.0
847,-4.326,0.993,1.502,-0.000,0.000,-0.000,36.0
848,-4.326,0.993,1.502,-0.000,0.000,-0.000,36.0
849,-4.326,0.993,1.502,-0.000,0.000,-0.000,36.0
850,-4.326,0.993,1.502,-0.000,0.000,-0.000,36.0
851,-4.326,0.993,1.502,-0.000,0.000,0.000,36.0
852,-4.326,0.993,1.502,-0.000,0.000,0.000,36.0
853,-4.326,0.993,1.502,-0.000,0.000,0.000,36.0
854,-4.326,0.993,1.502,-0.000,0.000,0.000,36.0
855,-4.326,0.993,1.502,-0.000,0.000,0.000,36.0
856,-4.326,0.993,1.502,-0.000,0.000,0.000,36.0
857,-4.326,0.993,1.502,-0.000,0.000,0.000,36.0
858,-4.326,0.993,1.502,-0.000,0.000,0.000,36.0
859,-4.326,0.993,1.502,-0.000,0.000,0.000,36.0
860,-4.326,0.993,1.502,-0.000,0.000,0.000,36.0
861,-4.326,0.993,1.502,-0.000,-0.000,0.000,36.0
862,-4.326,0.993,1.502,-0.000,-0.000,0.000,36.0
863,-4.326,0.993,1.502,-0.000,-0.000,0.000,36.0
864,-4.326,0.993,1.502,-0.000,-0.000,0.000,36.0
865,-4.326,0.993,1.502,-0.000,-0.000,-0.000,36.0
866,-4.326,0.993,1.502,-0.000,-0.000,-0.000,36.0
867,-4.326,0.993,1.502,-0.000,-0.000,-0.000,36.0
868,-4.326,0.993,1.502,-0.000,-0.000,-0.000,36.0
869,-4.326,0.993,1.502,-0.000,-0.000,-0.000,36.0
870,-4.326,0.993,1.502,-0.000,-0.000,-0.000,36.0
871,-4.326,0.993,1.502,-0.000,-0.000,-0.000,36.0
872,-4.326,0.993,1.502,-0.000,-0.000,-0.000,36.0
873,-4.326,0.993,1.502,-0.000,-0.000,-0.000,36.0
874,-4.326,0.993,1.502,-0.000,-0.000,-0.000,36.0
875,-4.326,0.993,1.502,-0.000,0.000,-0.000,36.0
876,-4.326,0.993,1.502,-0.000,0.000,-0.000,36.0
877,-4.326,0.993,1.502,-0.000,0.000,-0.000,36.0
878,-4.326,0.993,1.502,-0.000,0.000,-0.000,36.0
879,-4.326,0.993,1.502,-0.000,0.000,0.000,36.0
880,-4.326,0.993,1.502,-0.000,0.000,0.000,36.0
881,-4.326,0.993,1.502,-0.000,0.000,0.000,36.0
882,-4.326,0.993,1.502,-0.000,0.000,0.000,36.0
883,-4.326,0.993,1.502,-0.000,0.000,0.000,36.0
884,-4.326,0.993,1.502,-0.000,0.000,0.000,36.0
885,-4.326,0.993,1.502,-0.000,0.000,0.000,36.0
886,-4.326,0.993,1.502,-0.000,0.000,0.000,36.0
887,-4.326,0.993,1.502,-0.000,0.000,0.000,36.0
888,-4.326,0.993,1.502,-0.000,-0.000,0.000,36.0
889,-4.326,0.993,1.502,-0.000,-0.000,0.000,36.0
890,-4.326,0.993,1.502,-0.000,-0.000,0.000,36.0
891,-4.326,0.993,1.502,-0.000,-0.000,0.000,36.0
892,-4.326,0.993,1.502,-0.000,-0.000,0.000,36.0
893,-4.326,0.993,1.502,-0.000,-0.000,-0.000,36.0
894,-4.326,0.993,1.502,-0.000,-0.000,-0.000,36.0
895,-4.326,0.993,1.502,-0.000,-0.000,-0.000,36.0
896,-4.326,0.993,1.502,-0.000,-0.000,-0.000,36.0
897,-4.326,0.993,1.502,-0.000,-0.000,-0.000,36.0
898,-4.326,0.993,1.502,-0.000,-0.000,-0.000,36.0
899,-4.326,0.993,1.502,-0.000,-0.000,-0.000,36.0
900,-4.326,0.993,1.502,-0.000,-0.000,-0.000,36.0
901,-4.326,0.993,1.502,-0.000,-0.000,-0.000,36.0
902,-4.326,0.993,1.502,-0.000,0.000,-0.000,36.0
903,-4.326,0.993,1.502,-0.000,0.000,-0.000,36.0
904,-4.326,0.993,1.502,-0.000,0.000,-0.000,36.0
905,-4.326,0.993,1.502,-0.000,0.000,-0.000,36.0
906,-4.326,0.993,1.502,-0.000,0.000,-0.000,36.0
907,-4.326,0.993,1.502,-0.000,0.000,-0.000,36.0
908,-4.326,0.993,1.502,-0.000,0.000,0.000,36.0
909,-4.326,0.993,1.502,-0.000,0.000,0.000,36.0
910,-4.326,0.993,1.502,-0.000,0.000,0.000,36.0
911,-4.326,0.993,1.502,-0.000,0.000,0.000,36.0
912,-4.326,0.993,1.502,-0.000,0.000,0.000,36.0
913,-4.326,0.993,1.502,-0.000,0.000,0.000,36.0
914,-4.326,0.993,1.502,-0.000,0.000,0.000,36.0
915,-4.326,0.993,1.502,-0.000,0.000,0.000,36.0
916,-4.326,0.993,1.502,-0.000,-0.000,0.000,36.0
917,-4.326,0.993,1.502,-0.000,-0.000,0.000,36.0
918,-4.326,0.993,1.502,-0.000,-0.000,0.000,36.0
919,-4.326,0.993,1.502,-0.000,-0.000,0.000,36.0
920,-4.326,0.993,1.502,-0.000,-0.000,0.000,36.0
921,-4.326,0.993,1.502,-0.000,-0.000,0.000,36.0
922,-4.326,0.993,1.502,-0.000,-0.000,-0.000,36.0
923,-4.326,0.993,1.502,-0.000,-0.000,-0.000,36.0
924,-4.326,0.993,1.502,-0.000,-0.000,-0.000,36.0
925,-4.326,0.993,1.502,-0.000,-0.000,-0.000,36.0
926,-4.326,0.993,1.502,-0.000,-0.000,-0.000,36.0
927,-4.326,0.993,1.502,-0.000,-0.000,-0.000,36.0
928,-4.326,0.993,1.502,-0.000,-0.000,-0.000,36.0
929,-4.326,0.993,1.502,-0.000,0.000,-0.000,36.0
930,-4.326,0.993,1.502,-0.000,0.000,-0.000,36.0
931,-4.326,0.993,1.502,-0.000,0.000,-0.000,36.0
932,-4.326,0.993,1.502,-0.000,0.000,-0.000,36.0
933,-4.326,0.993,1.502,-0.000,0.000,-0.000,36.0
934,-4.326,0.993,1.502,-0.000,0.000,-0.000,36.0
935,-4.326,0.993,1.502,-0.000,0.000,-0.000,36.0
936,-4.326,0.993,1.502,-0.000,0.000,0.000,36.0
937,-4.326,0.993,1.502,-0.000,0.000,0.000,36.0
938,-4.326,0.993,1.502,-0.000,0.000,0.000,36.0
939,-4.326,0.993,1.502,-0.000,0.000,0.000,36.0
940,-4.326,0.993,1.502,-0.000,0.000,0.000,36.0
941,-4.326,0.993,1.502,-0.000,0.000,0.000,36.0
942,-4.326,0.993,1.502,-0.000,0.000,0.000,36.0
943,-4.326,0.993,1.502,-0.000,-0.000,0.000,36.0
944,-4.326,0.993,1.502,-0.000,-0.000,0.000,36.0
945,-4.326,0.993,1.502,-0.000,-0.000,0.000,36.0
946,-4.326,0.993,1.502,-0.000,-0.000,0.000,36.0
947,-4.326,0.993,1.502,-0.000,-0.000,0.000,36.0
948,-4.326,0.993,1.502,-0.000,-0.000,0.000,36.0
949,-4.326,0.993,1.502,-0.000,-0.000,0.000,36.0
950,-4.326,0.993,1.502,-0.000,-0.000,-0.000,36.0
951,-4.326,0.993,1.502,-0.000,-0.000,-0.000,36.0
952,-4.326,0.993,1.502,-0.000,-0.000,-0.000,36.0
953,-4.326,0.993,1.502,-0.000,-0.000,-0.000,36.0
954,-4.326,0.993,1.502,-0.000,-0.000,-0.000,36.0
955,-4.326,0.993,1.502,-0.000,-0.000,-0.000,36.0
956,-4.326,0.993,1.502,-0.000,-0.000,-0.000,36.0
957,-4.326,0.993,1.502,-0.000,0.000,-0.000,36.0
958,-4.326,0.993,1.502,-0.000,0.000,-0.000,36.0
959,-4.326,0.993,1.502,-0.000,0.000,-0.000,36.0
960,-4.326,0.993,1.502,-0.000,0.000,-0.000,36.0
961,-4.326,0.993,1.502,-0.000,0.000,-0.000,36.0
962,-4.326,0.993,1.502,-0.000,0.000,-0.000,36.0
963,-4.326,0.993,1.502,-0.000,0.000,-0.000,36.0
964,-4.326,0.993,1.502,-0.000,0.000,0.000,36.0
965,-4.326,0.993,1.502,-0.000,0.000,0.000,36.0
966,-4.326,0.993,1.502,-0.000,0.000,0.000,36.0
967,-4.326,0.993,1.502,-0.000,0.000,0.000,36.0
968,-4.326,0.993,1.502,-0.000,0.000,0.000,36.0
969,-4.326,0.993,1.502,-0.000,0.000,0.000,36.0
970,-4.326,0.993,1.502,-0.000,-0.000,0.000,36.0
971,-4.326,0.993,1.502,-0.000,-0.000,0.000,36.0
972,-4.326,0.993,1.502,-0.000,-0.000,0.000,36.0
973,-4.326,0.993,1.502,-0.000,-0.000,0.000,36.0
974,-4.326,0.993,1.502,-0.000,-0.000,0.000,36.0
975,-4.326,0.993,1.502,-0.000,-0.000,0.000,36.0
976,-4.326,0.993,1.502,-0.000,-0.000,0.000,36.0
977,-4.326,0.993,1.502,-0.000,-0.000,0.000,36.0
978,-4.326,0.993,1.502,-0.000,-0.000,-0.000,36.0
979,-4.326,0.993,1.502,-0.000,-0.000,-0.000,36.0
980,-4.326,0.993,1.502,-0.000,-0.000,-0.000,36.0
981,-4.326,0.993,1.502,-0.000,-0.000,-0.000,36.0
982,-4.326,0.993,1.502,-0.000,-0.000,-0.000,36.0
983,-4.326,0.993,1.502,-0.000,-0.000,-0.000,36.0
984,-4.326,0.993,1.502,-0.000,0.000,-0.000,36.0
985,-4.326,0.993,1.502,-0.000,0.000,-0.000,36.0
986,-4.326,0.993,1.502,-0.000,0.000,-0.000,36.0
987,-4.326,0.993,1.502,-0.000,0.000,-0.000,36.0
988,-4.326,0.993,1.502,-0.000,0.000,-0.000,36.0
989,-4.326,0.993,1.502,-0.000,0.000,-0.000,36.0
990,-4.326,0.993,1.502,-0.000,0.000,-0.000,36.0
991,-4.326,0.993,1.502,-0.000,0.000,-0.000,36.0
992,-4.326,0.993,1.502,-0.000,0.000,-0.000,36.0
993,-4.326,0.993,1.502,-0.000,0.000,0.000,36.0
994,-4.326,0.993,1.502,-0.000,0.000,0.000,36.0
995,-4.326,0.993,1.502,-0.000,0.000,0.000,36.0
996,-4.326,0.993,1.502,-0.000,0.000,0.000,36.0
997,-4.326,0.993,1.502,-0.000,0.000,0.000,36.0
998,-4.326,0.993,1.502,-0.000,-0.000,0.000,36.0
999,-4.326,0.993,1.502,-0.000,-0.000,0.000,36.0
1000,-4.326,0.993,1.502,-0.000,-0.000,0.000,36.0
1001,-4.326,0.993,1.502,-0.000,-0.000,0.000,36.0
1002,-4.326,0.993,1.502,-0.000,-0.000,0.000,36.0
1003,-4.326,0.993,1.502,-0.000,-0.000,0.000,36.0
1004,-4.326,0.993,1.502,-0.000,-0.000,0.000,36.0
1005,-4.326,0.993,1.502,-0.000,-0.000,0.000,36.0
1006,-4.326,0.993,1.502,-0.000,-0.000,0.000,36.0
1007,-4.326,0.993,1.502,-0.000,-0.000,-0.000,36.0
1008,-4.326,0.993,1.502,-0.000,-0.000,-0.000,36.0
1009,-4.326,0.993,1.502,-0.000,-0.000,-0.000,36.0
1010,-4.326,0.993,1.502,-0.000,-0.000,-0.000,36.0
1011,-4.326,0.993,1.502,-0.000,0.000,-0.000,36.0
1012,-4.326,0.993,1.502,-0.000,0.000,-0.000,36.0
1013,-4.326,0.993,1.502,-0.000,0.000,-0.000,36.0
1014,-4.326,0.993,1.502,-0.000,0.000,-0.000,36.0
1015,-4.326,0.993,1.502,-0.000,0.000,-0.000,36.0
1016,-4.326,0.993,1.502,-0.000,0.000,-0.000,36.0
1017,-4.326,0.993,1.502,-0.000,0.000,-0.000,36.0
1018,-4.326,0.993,1.502,-0.000,0.000,-0.000,36.0
1019,-4.326,0.993,1.502,-0.000,0.000,-0.000,36.0
1020,-4.326,0.993,1.502,-0.000,0.000,-0.000,36.0
1021,-4.326,0.993,1.502,-0.000,0.000,0.000,36.0
1022,-4.326,0.993,1.502,-0.000,0.000,0.000,36.0
1023,-4.326,0.993,1.502,-0.000,0.000,0.000,36.0
1024,-4.326,0.993,1.502,-0.000,0.000,0.000,36.0
1025,-4.326,0.993,1.502,-0.000,-0.000,0.000,36.0
1026,-4.326,0.993,1.502,-0.000,-0.000,0.000,36.0
1027,-4.326,0.993,1.502,-0.000,-0.000,0.000,36.0
1028,-4.326,0.993,1.502,-0.000,-0.000,0.000,36.0
1029,-4.326,0.993,1.502,-0.000,-0.000,0.000,36.0
1030,-4.326,0.993,1.502,-0.000,-0.000,0.000,36.0
1031,-4.326,0.993,1.502,-0.000,-0.000,0.000,36.0
1032,-4.326,0.993,1.502,-0.000,-0.000,0.000,36.0
1033,-4.326,0.993,1.502,-0.000,-0.000,0.000,36.0
1034,-4.326,0.993,1.502,-0.000,-0.000,0.000,36.0
1035,-4.326,0.993,1.502,-0.000,-0.000,-0.000,36.0
1036,-4.326,0.993,1.502,-0.000,-0.000,-0.000,36.0
1037,-4.326,0.993,1.502,-0.000,-0.000,-0.000,36.0
1038,-4.326,0.993,1.502,-0.000,-0.000,-0.000,36.0
1039,-4.326,0.993,1.502,-0.000,0.000,-0.000,36.0
1040,-4.326,0.993,1.502,-0.000,0.000,-0.000,36.0
1041,-4.326,0.993,1.502,-0.000,0.000,-0.000,36.0
1042,-4.326,0.993,1.502,-0.000,0.000,-0.000,36.0
1043,-4.326,0.993,1.502,-0.000,0.000,-0.000,36.0
1044,-4.326,0.993,1.502,-0.000,0.000,-0.000,36.0
1045,-4.326,0.993,1.502,-0.000,0.000,-0.000,36.0
1046,-4.326,0.993,1.502,-0.000,0.000,-0.000,36.0
1047,-4.326,0.993,1.502,-0.000,0.000,-0.000,36.0
1048,-4.326,0.993,1.502,-0.000,0.000,-0.000,36.0
1049,-4.326,0.993,1.502,-0.000,0.000,-0.000,36.0
1050,-4.326,0.993,1.502,-0.000,0.000,0.000,36.0
1051,-4.326,0.993,1.502,-0.000,0.000,0.000,36.0
1052,-4.326,0.993,1.502,-0.000,-0.000,0.000,36.0
1053,-4.326,0.993,1.502,-0.000,-0.000,0.000,36.0
1054,-4.326,0.993,1.502,-0.000,-0.000,0.000,36.0
1055,-4.326,0.993,1.502,-0.000,-0.000,0.000,36.0
1056,-4.326,0.993,1.502,-0.000,-0.000,0.000,36.0
1057,-4.326,0.993,1.502,-0.000,-0.000,0.000,36.0
1058,-4.326,0.993,1.502,-0.000,-0.000,0.000,36.0
1059,-4.326,0.993,1.502,-0.000,-0.000,0.000,36.0
1060,-4.326,0.993,1.502,-0.000,-0.000,0.000,36.0
1061,-4.326,0.993,1.502,-0.000,-0.000,0.000,36.0
1062,-4.326,0.993,1.502,-0.000,-0.000,0.000,36.0
1063,-4.326,0.993,1.502,-0.000,-0.000,0.000,36.0
1064,-4.326,0.993,1.502,-0.000,-0.000,-0.000,36.0
1065,-4.326,0.993,1.502,-0.000,-0.000,-0.000,36.0
1066,-4.326,0.993,1.502,-0.000,0.000,-0.000,36.0
1067,-4.326,0.993,1.502,-0.000,0.000,-0.000,36.0
1068,-4.326,0.993,1.502,-0.000,0.000,-0.000,36.0
1069,-4.326,0.993,1.502,-0.000,0.000,-0.000,36.0
1070,-4.326,0.993,1.502,-0.000,0.000,-0.000,36.0
1071,-4.326,0.993,1.502,-0.000,0.000,-0.000,36.0
1072,-4.326,0.993,1.502,-0.000,0.000,-0.000,36.0
1073,-4.326,0.993,1.502,-0.000,0.000,-0.000,36.0
1074,-4.326,0.993,1.502,-0.000,0.000,-0.000,36.0
1075,-4.326,0.993,1.502,-0.000,0.000,-0.000,36.0
1076,-4.326,0.993,1.502,-0.000,0.000,-0.000,36.0
1077,-4.326,0.993,1.502,-0.000,0.000,-0.000,36.0
1078,-4.326,0.993,1.502,-0.000,0.000,0.000,36.0
1079,-4.326,0.993,1.502,-0.000,0.000,0.000,36.0
1080,-4.326,0.993,1.502,-0.000,-0.000,0.000,36.0
1081,-4.326,0.993,1.502,-0.000,-0.000,0.000,36.0
1082,-4.326,0.993,1.502,-0.000,-0.000,0.000,36.0
1083,-4.326,0.993,1.502,-0.000,-0.000,0.000,36.0
1084,-4.326,0.993,1.502,-0.000,-0.000,0.000,36.0
1085,-4.326,0.993,1.502,-0.000,-0.000,0.000,36.0
1086,-4.326,0.993,1.502,-0.000,-0.000,0.000,36.0
1087,-4.326,0.993,1.502,-0.000,-0.000,0.000,36.0
1088,-4.326,0.993,1.502,-0.000,-0.000,0.000,36.0
1089,-4.326,0.993,1.502,-0.000,-0.000,0.000,36.0
1090,-4.326,0.993,1.502,-0.000,-0.000,0.000,36.0
1091,-4.326,0.993,1.502,-0.000,-0.000,0.000,36.0
1092,-4.326,0.993,1.502,-0.000,-0.000,-0.000,36.0
1093,-4.326,0.993,1.502,-0.000,0.000,-0.000,36.0
1094,-4.326,0.993,1.502,-0.000,0.000,-0.000,36.0
1095,-4.326,0.993,1.502,-0.000,0.000,-0.000,36.0
1096,-4.326,0.993,1.502,-0.000,0.000,-0.000,36.0
1097,-4.326,0.993,1.502,-0.000,0.000,-0.000,36.0
1098,-4.326,0.993,1.502,-0.000,0.000,-0.000,36.0
1099,-4.326,0.993,1.502,-0.000,0.000,-0.000,36.0
1100,-4.326,0.993,1.502,-0.000,0.000,-0.000,36.0
1101,-4.326,0.993,1.502,-0.000,0.000,-0.000,36.0
1102,-4.326,0.993,1.502,-0.000,0.000,-0.000,36.0
1103,-4.326,0.993,1.502,-0.000,0.000,-0.000,36.0
1104,-4.326,0.993,1.502,-0.000,0.000,-0.000,36.0
1105,-4.326,0.993,1.502,-0.000,0.000,-0.000,36.0
1106,-4.326,0.993,1.502,-0.000,0.000,0.000,36.0
1107,-4.326,0.993,1.502,-0.000,-0.000,0.000,36.0
1108,-4.326,0.993,1.502,-0.000,-0.000,0.000,36.0
1109,-4.326,0.993,1.502,-0.000,-0.000,0.000,36.0
1110,-4.326,0.993,1.502,-0.000,-0.000,0.000,36.0
1111,-4.326,0.993,1.502,-0.000,-0.000,0.000,36.0
1112,-4.326,0.993,1.502,-0.000,-0.000,0.000,36.0
1113,-4.326,0.993,1.502,-0.000,-0.000,0.000,36.0
1114,-4.326,0.993,1.502,-0.000,-0.000,0.000,36.0
1115,-4.326,0.993,1.502,-0.000,-0.000,0.000,36.0
1116,-4.326,0.993,1.502,-0.000,-0.000,0.000,36.0
1117,-4.326,0.993,1.502,-0.000,-0.000,0.000,36.0
1118,-4.326,0.993,1.502,-0.000,-0.000,0.000,36.0
1119,-4.326,0.993,1.502,-0.000,-0.000,0.000,36.0
1120,-4.326,0.993,1.502,-0.000,-0.000,-0.000,36.0
1121,-4.326,0.993,1.502,-0.000,0.000,-0.000,36.0
1122,-4.326,0.993,1.502,-0.000,0.000,-0.000,36.0
1123,-4.326,0.993,1.502,-0.000,0.000,-0.000,36.0
1124,-4.326,0.993,1.502,-0.000,0.000,-0.000,36.0
1125,-4.326,0.993,1.502,-0.000,0.000,-0.000,36.0
1126,-4.326,0.993,1.502,-0.000,0.000,-0.000,36.0
1127,-4.326,0.993,1.502,-0.000,0.000,-0.000,36.0
1128,-4.326,0.993,1.502,-0.000,0.000,-0.000,36.0
1129,-4.326,0.993,1.502,-0.000,0.000,-0.000,36.0
1130,-4.326,0.993,1.502,-0.000,0.000,-0.000,36.0
1131,-4.326,0.993,1.502,-0.000,0.000,-0.000,36.0
1132,-4.326,0.993,1.502,-0.000,0.000,-0.000,36.0
1133,-4.326,0.993,1.502,-0.000,0.000,-0.000,36.0
1134,-4.326,0.993,1.502,-0.000,-0.000,-0.000,36.0
1135,-4.326,0.993,1.502,-0.000,-0.000,0.000,36.0
1136,-4.326,0.993,1.502,-0.000,-0.000,0.000,36.0
1137,-4.326,0.993,1.502,-0.000,-0.000,0.000,36.0
1138,-4.326,0.993,1.502,-0.000,-0.000,0.000,36.0
1139,-4.326,0.993,1.502,-0.000,-0.000,0.000,36.0
1140,-4.326,0.993,1.502,-0.000,-0.000,0.000,36.0
1141,-4.326,0.993,1.502,-0.000,-0.000,0.000,36.0
1142,-4.326,0.993,1.502,-0.000,-0.000,0.000,36.0
1143,-4.326,0.993,1.502,-0.000,-0.000,0.000,36.0
1144,-4.326,0.993,1.502,-0.000,-0.000,0.000,36.0
1145,-4.326,0.993,1.502,-0.000,-0.000,0.000,36.0
1146,-4.326,0.993,1.502,-0.000,-0.000,0.000,36.0
1147,-4.326,0.993,1.502,-0.000,-0.000,0.000,36.0
1148,-4.326,0.993,1.502,-0.000,0.000,0.000,36.0
1149,-4.326,0.993,1.502,-0.000,0.000,-0.000,36.0
1150,-4.326,0.993,1.502,-0.000,0.000,-0.000,36.0
1151,-4.326,0.993,1.502,-0.000,0.000,-0.000,36.0
1152,-4.326,0.993,1.502,-0.000,0.000,-0.000,36.0
1153,-4.326,0.993,1.502,-0.000,0.000,-0.000,36.0
1154,-4.326,0.993,1.502,-0.000,0.000,-0.000,36.0
1155,-4.326,0.993,1.502,-0.000,0.000,-0.000,36.0
1156,-4.326,0.993,1.502,-0.000,0.000,-0.000,36.0
1157,-4.326,0.993,1.502,-0.000,0.000,-0.000,36.0
1158,-4.326,0.993,1.502,-0.000,0.000,-0.000,36.0
1159,-4.326,0.993,1.502,-0.000,0.000,-0.000,36.0
1160,-4.326,0.993,1.502,-0.000,0.000,-0.000,36.0
1161,-4.326,0.993,1.502,-0.000,0.000,-0.000,36.0
1162,-4.326,0.993,1.502,-0.000,-0.000,-0.000,36.0
1163,-4.326,0.993,1.502,-0.000,-0.000,0.000,36.0
1164,-4.326,0.993,1.502,-0.000,-0.000,0.000,36.0
1165,-4.326,0.993,1.502,-0.000,-0.000,0.000,36.0
1166,-4.326,0.993,1.502,-0.000,-0.000,0.000,36.0
1167,-4.326,0.993,1.502,-0.000,-0.000,0.000,36.0
1168,-4.326,0.993,1.502,-0.000,-0.000,0.000,36.0
1169,-4.326,0.993,1.502,-0.000,-0.000,0.000,36.0
1170,-4.326,0.993,1.502,-0.000,-0.000,0.000,36.0
1171,-4.326,0.993,1.502,-0.000,-0.000,0.000,36.0
1172,-4.326,0.993,1.502,-0.000,-0.000,0.000,36.0
1173,-4.326,0.993,1.502,-0.000,-0.000,0.000,36.0
1174,-4.326,0.993,1.502,-0.000,-0.000,0.000,36.0
1175,-4.326,0.993,1.502,-0.000,0.000,0.000,36.0
1176,-4.326,0.993,1.502,-0.000,0.000,0.000,36.0
1177,-4.326,0.993,1.502,-0.000,0.000,-0.000,36.0
1178,-4.326,0.993,1.502,-0.000,0.000,-0.000,36.0
1179,-4.326,0.993,1.502,-0.000,0.000,-0.000,36.0
1180,-4.326,0.993,1.502,-0.000,0.000,-0.000,36.0
1181,-4.326,0.993,1.502,-0.000,0.000,-0.000,36.0
1182,-4.326,0.993,1.502,-0.000,0.000,-0.000,36.0
1183,-4.326,0.993,1.502,-0.000,0.000,-0.000,36.0
1184,-4.326,0.993,1.502,-0.000,0.000,-0.000,36.0
1185,-4.326,0.993,1.502,-0.000,0.000,-0.000,36.0
1186,-4.326,0.993,1.502,-0.000,0.000,-0.000,36.0
1187,-4.326,0.993,1.502,-0.000,0.000,-0.000,36.0
1188,-4.326,0.993,1.502,-0.000,0.000,-0.000,36.0
1189,-4.326,0.993,1.502,-0.000,-0.000,-0.000,36.0
1190,-4.326,0.993,1.502,-0.000,-0.000,-0.000,36.0
1191,-4.326,0.993,1.502,-0.000,-0.000,0.000,36.0
1192,-4.326,0.993,1.502,-0.000,-0.000,0.000,36.0
1193,-4.326,0.993,1.502,-0.000,-0.000,0.000,36.0
1194,-4.326,0.993,1.502,-0.000,-0.000,0.000,36.0
1195,-4.326,0.993,1.502,-0.000,-0.000,0.000,36.0
1196,-4.326,0.993,1.502,-0.000,-0.000,0.000,36.0
1197,-4.326,0.993,1.502,-0.000,-0.000,0.000,36.0
1198,-4.326,0.993,1.502,-0.000,-0.000,0.000,36.0
1199,-4.326,0.993,1.502,-0.000,-0.000,0.000,36.0
1200,-4.326,0.993,1.502,-0.000,-0.000,0.000,36.0
1201,-4.326,0.993,1.502,-0.000,-0.000,0.000,36.0
1202,-4.326,0.993,1.502,-0.000,-0.000,0.000,36.0
1203,-4.326,0.993,1.502,-0.000,0.000,0.000,36.0
1204,-4.326,0.993,1.502,-0.000,0.000,0.000,36.0
1205,-4.326,0.993,1.502,-0.000,0.000,-0.000,36.0
1206,-4.326,0.993,1.502,-0.000,0.000,-0.000,36.0
1207,-4.326,0.993,1.502,-0.000,0.000,-0.000,36.0
1208,-4.326,0.993,1.502,-0.000,0.000,-0.000,36.0
1209,-4.326,0.993,1.502,-0.000,0.000,-0.000,36.0
1210,-4.326,0.993,1.502,-0.000,0.000,-0.000,36.0
1211,-4.326,0.993,1.502,-0.000,0.000,-0.000,36.0
1212,-4.326,0.993,1.502,-0.000,0.000,-0.000,36.0
1213,-4.326,0.993,1.502,-0.000,0.000,-0.000,36.0
1214,-4.326,0.993,1.502,-0.000,0.000,-0.000,36.0
1215,-4.326,0.993,1.502,-0.000,0.000,-0.000,36.0
1216,-4.326,0.993,1.502,-0.000,-0.000,-0.000,36.0
1217,-4.326,0.993,1.502,-0.000,-0.000,-0.000,36.0
1218,-4.326,0.993,1.502,-0.000,-0.000,-0.000,36.0
1219,-4.326,0.993,1.502,-0.000,-0.000,-0.000,36.0
1220,-4.326,0.993,1.502,-0.000,-0.000,0.000,36.0
1221,-4.326,0.993,1.502,-0.000,-0.000,0.000,36.0
1222,-4.326,0.993,1.502,-0.000,-0.000,0.000,36.0
1223,-4.326,0.993,1.502,-0.000,-0.000,0.000,36.0
1224,-4.326,0.993,1.502,-0.000,-0.000,0.000,36.0
1225,-4.326,0.993,1.502,-0.000,-0.000,0.000,36.0
1226,-4.326,0.993,1.502,-0.000,-0.000,0.000,36.0
1227,-4.326,0.993,1.502,-0.000,-0.000,0.000,36.0
1228,-4.326,0.993,1.502,-0.000,-0.000,0.000,36.0
1229,-4.326,0.993,1.502,-0.000,-0.000,0.000,36.0
1230,-4.326,0.993,1.502,-0.000,0.000,0.000,36.0
1231,-4.326,0.993,1.502,-0.000,0.000,0.000,36.0
1232,-4.326,0.993,1.502,-0.000,0.000,0.000,36.0
1233,-4.326,0.993,1.502,-0.000,0.000,0.000,36.0
1234,-4.326,0.993,1.502,-0.000,0.000,-0.000,36.0
1235,-4.326,0.993,1.502,-0.000,0.000,-0.000,36.0
1236,-4.326,0.993,1.502,-0.000,0.000,-0.000,36.0
1237,-4.326,0.993,1.502,-0.000,0.000,-0.000,36.0
1238,-4.326,0.993,1.502,-0.000,0.000,-0.000,36.0
1239,-4.326,0.993,1.502,-0.000,0.000,-0.000,36.0
1240,-4.326,0.993,1.502,-0.000,0.000,-0.000,36.0
1241,-4.326,0.993,1.502,-0.000,0.000,-0.000,36.0
1242,-4.326,0.993,1.502,-0.000,0.000,-0.000,36.0
1243,-4.326,0.993,1.502,-0.000,0.000,-0.000,36.0
1244,-4.326,0.993,1.502,-0.000,-0.000,-0.000,36.0
1245,-4.326,0.993,1.502,-0.000,-0.000,-0.000,36.0
1246,-4.326,0.993,1.502,-0.000,-0.000,-0.000,36.0
1247,-4.326,0.993,1.502,-0.000,-0.000,-0.000,36.0
1248,-4.326,0.993,1.502,-0.000,-0.000,0.000,36.0
1249,-4.326,0.993,1.502,-0.000,-0.000,0.000,36.0
1250,-4.326,0.993,1.502,-0.000,-0.000,0.000,36.0
1251,-4.326,0.993,1.502,-0.000,-0.000,0.000,36.0
1252,-4.326,0.993,1.502,-0.000,-0.000,0.000,36.0
1253,-4.326,0.993,1.502,-0.000,-0.000,0.000,36.0
1254,-4.326,0.993,1.502,-0.000,-0.000,0.000,36.0
1255,-4.326,0.993,1.502,-0.000,-0.000,0.000,36.0
1256,-4.326,0.993,1.502,-0.000,-0.000,0.000,36.0
1257,-4.326,0.993,1.502,-0.000,0.000,0.000,36.0
1258,-4.326,0.993,1.502,-0.000,0.000,0.000,36.0
1259,-4.326,0.993,1.502,-0.000,0.000,0.000,36.0
1260,-4.326,0.993,1.502,-0.000,0.000,0.000,36.0
1261,-4.326,0.993,1.502,-0.000,0.000,0.000,36.0
1262,-4.326,0.993,1.502,-0.000,0.000,-0.000,36.0
1263,-4.326,0.993,1.502,-0.000,0.000,-0.000,36.0
1264,-4.326,0.993,1.502,-0.000,0.000,-0.000,36.0
1265,-4.326,0.993,1.502,-0.000,0.000,-0.000,36.0
1266,-4.326,0.993,1.502,-0.000,0.000,-0.000,36.0
1267,-4.326,0.993,1.502,-0.000,0.000,-0.000,36.0
1268,-4.326,0.993,1.502,-0.000,0.000,-0.000,36.0
1269,-4.326,0.993,1.502,-0.000,0.000,-0.000,36.0
1270,-4.326,0.993,1.502,-0.000,0.000,-0.000,36.0
1271,-4.326,0.993,1.502,-0.000,-0.000,-0.000,36.0
1272,-4.326,0.993,1.502,-0.000,-0.000,-0.000,36.0
1273,-4.326,0.993,1.502,-0.000,-0.000,-0.000,36.0
1274,-4.326,0.993,1.502,-0.000,-0.000,-0.000,36.0
1275,-4.326,0.993,1.502,-0.000,-0.000,-0.000,36.0
1276,-4.326,0.993,1.502,-0.000,-0.000,0.000,36.0
1277,-4.326,0.993,1.502,-0.000,-0.000,0.000,36.0
1278,-4.326,0.993,1.502,-0.000,-0.000,0.000,36.0
1279,-4.326,0.993,1.502,-0.000,-0.000,0.000,36.0
1280,-4.326,0.993,1.502,-0.000,-0.000,0.000,36.0
1281,-4.326,0.993,1.502,-0.000,-0.000,0.000,36.0
1282,-4.326,0.993,1.502,-0.000,-0.000,0.000,36.0
1283,-4.326,0.993,1.502,-0.000,-0.000,0.000,36.0
1284,-4.326,0.993,1.502,-0.000,-0.000,0.000,36.0
1285,-4.326,0.993,1.502,-0.000,0.000,0.000,36.0
1286,-4.326,0.993,1.502,-0.000,0.000,0.000,36.0
1287,-4.326,0.993,1.502,-0.000,0.000,0.000,36.0
1288,-4.326,0.993,1.502,-0.000,0.000,0.000,36.0
1289,-4.326,0.993,1.502,-0.000,0.000,0.000,36.0
1290,-4.326,0.993,1.502,-0.000,0.000,-0.000,36.0
1291,-4.326,0.993,1.502,-0.000,0.000,-0.000,36.0
1292,-4.326,0.993,1.502,-0.000,0.000,-0.000,36.0
1293,-4.326,0.993,1.502,-0.000,0.000,-0.000,36.0
1294,-4.326,0.993,1.502,-0.000,0.000,-0.000,36.0
1295,-4.326,0.993,1.502,-0.000,0.000,-0.000,36.0
1296,-4.326,0.993,1.502,-0.000,0.000,-0.000,36.0
1297,-4.326,0.993,1.502,-0.000,0.000,-0.000,36.0
1298,-4.326,0.993,1.502,-0.000,-0.000,-0.000,36.0
1299,-4.326,0.993,1.502,-0.000,-0.000,-0.000,36.0
1300,-4.326,0.993,1.502,-0.000,-0.000,-0.000,36.0
1301,-4.326,0.993,1.502,-0.000,-0.000,-0.000,36.0
1302,-4.326,0.993,1.502,-0.000,-0.000,-0.000,36.0
1303,-4.326,0.993,1.502,-0.000,-0.000,-0.000,36.0
1304,-4.326,0.993,1.502,-0.000,-0.000,-0.000,36.0
1305,-4.326,0.993,1.502,-0.000,-0.000,0.000,36.0
1306,-4.326,0.993,1.502,-0.000,-0.000,0.000,36.0
1307,-4.326,0.993,1.502,-0.000,-0.000,0.000,36.0
1308,-4.326,0.993,1.502,-0.000,-0.000,0.000,36.0
1309,-4.326,0.993,1.502,-0.000,-0.000,0.000,36.0
1310,-4.326,0.993,1.502,-0.000,-0.000,0.000,36.0
1311,-4.326,0.993,1.502,-0.000,-0.000,0.000,36.0
1312,-4.326,0.993,1.502,-0.000,0.000,0.000,36.0
1313,-4.326,0.993,1.502,-0.000,0.000,0.000,36.0
1314,-4.326,0.993,1.502,-0.000,0.000,0.000,36.0
1315,-4.326,0.993,1.502,-0.000,0.000,0.000,36.0
1316,-4.326,0.993,1.502,-0.000,0.000,0.000,36.0
1317,-4.326,0.993,1.502,-0.000,0.000,0.000,36.0
1318,-4.326,0.993,1.502,-0.000,0.000,0.000,36.0
1319,-4.326,0.993,1.502,-0.000,0.000,-0.000,36.0
1320,-4.326,0.993,1.502,-0.000,0.000,-0.000,36.0
1321,-4.326,0.993,1.502,-0.000,0.000,-0.000,36.0
1322,-4.326,0.993,1.502,-0.000,0.000,-0.000,36.0
1323,-4.326,0.993,1.502,-0.000,0.000,-0.000,36.0
1324,-4.326,0.993,1.502,-0.000,0.000,-0.000,36.0
1325,-4.326,0.993,1.502,-0.000,-0.000,-0.000,36.0
1326,-4.326,0.993,1.502,-0.000,-0.000,-0.000,36.0
1327,-4.326,0.993,1.502,-0.000,-0.000,-0.000,36.0
1328,-4.326,0.993,1.502,-0.000,-0.000,-0.000,36.0
1329,-4.326,0.993,1.502,-0.000,-0.000,-0.000,36.0
1330,-4.326,0.993,1.502,-0.000,-0.000,-0.000,36.0
1331,-4.326,0.993,1.502,-0.000,-0.000,-0.000,36.0
1332,-4.326,0.993,1.502,-0.000,-0.000,-0.000,36.0
1333,-4.326,0.993,1.502,-0.000,-0.000,0.000,36.0
1334,-4.326,0.993,1.502,-0.000,-0.000,0.000,36.0
1335,-4.326,0.993,1.502,-0.000,-0.000,0.000,36.0
1336,-4.326,0.993,1.502,-0.000,-0.000,0.000,36.0
1337,-4.326,0.993,1.502,-0.000,-0.000,0.000,36.0
1338,-4.326,0.993,1.502,-0.000,-0.000,0.000,36.0
1339,-4.326,0.993,1.502,-0.000,0.000,0.000,36.0
1340,-4.326,0.993,1.502,-0.000,0.000,0.000,36.0
1341,-4.326,0.993,1.502,-0.000,0.000,0.000,36.0
1342,-4.326,0.993,1.502,-0.000,0.000,0.000,36.0
1343,-4.326,0.993,1.502,-0.000,0.000,0.000,36.0
1344,-4.326,0.993,1.502,-0.000,0.000,0.000,36.0
1345,-4.326,0.993,1.502,-0.000,0.000,0.000,36.0
1346,-4.326,0.993,1.502,-0.000,0.000,0.000,36.0
1347,-4.326,0.993,1.502,-0.000,0.000,-0.000,36.0
1348,-4.326,0.993,1.502,-0.000,0.000,-0.000,36.0
1349,-4.326,0.993,1.502,-0.000,0.000,-0.000,36.0
1350,-4.326,0.993,1.502,-0.000,0.000,-0.000,36.0
1351,-4.326,0.993,1.502,-0.000,0.000,-0.000,36.0
1352,-4.326,0.993,1.502,-0.000,0.000,-0.000,36.0
1353,-4.326,0.993,1.502,-0.000,-0.000,-0.000,36.0
1354,-4.326,0.993,1.502,-0.000,-0.000,-0.000,36.0
1355,-4.326,0.993,1.502,-0.000,-0.000,-0.000,36.0
1356,-4.326,0.993,1.502,-0.000,-0.000,-0.000,36.0
1357,-4.326,0.993,1.502,-0.000,-0.000,-0.000,36.0
1358,-4.326,0.993,1.502,-0.000,-0.000,-0.000,36.0
1359,-4.326,0.993,1.502,-0.000,-0.000,-0.000,36.0
1360,-4.326,0.993,1.502,-0.000,-0.000,-0.000,36.0
1361,-4.326,0.993,1.502,-0.000,-0.000,-0.000,36.0
1362,-4.326,0.993,1.502,-0.000,-0.000,0.000,36.0
1363,-4.326,0.993,1.502,-0.000,-0.000,0.000,36.0
1364,-4.326,0.993,1.502,-0.000,-0.000,0.000,36.0
1365,-4.326,0.993,1.502,-0.000,-0.000,0.000,36.0
1366,-4.326,0.993,1.502,-0.000,0.000,0.000,36.0
1367,-4.326,0.993,1.502,-0.000,0.000,0.000,36.0
1368,-4.326,0.993,1.502,-0.000,0.000,0.000,36.0
1369,-4.326,0.993,1.502,-0.000,0.000,0.000,36.0
1370,-4.326,0.993,1.502,-0.000,0.000,0.000,36.0
1371,-4.326,0.993,1.502,-0.000,0.000,0.000,36.0
1372,-4.326,0.993,1.502,-0.000,0.000,0.000,36.0
1373,-4.326,0.993,1.502,-0.000,0.000,0.000,36.0
1374,-4.326,0.993,1.502,-0.000,0.000,0.000,36.0
1375,-4.326,0.993,1.502,-0.000,0.000,0.000,36.0
1376,-4.326,0.993,1.502,-0.000,0.000,-0.000,36.0
1377,-4.326,0.993,1.502,-0.000,0.000,-0.000,36.0
1378,-4.326,0.993,1.502,-0.000,0.000,-0.000,36.0
1379,-4.326,0.993,1.502,-0.000,0.000,-0.000,36.0
1380,-4.326,0.993,1.502,-0.000,-0.000,-0.000,36.0
1381,-4.326,0.993,1.502,-0.000,-0.000,-0.000,36.0
1382,-4.326,0.993,1.502,-0.000,-0.000,-0.000,36.0
1383,-4.326,0.993,1.502,-0.000,-0.000,-0.000,36.0
1384,-4.326,0.993,1.502,-0.000,-0.000,-0.000,36.0
1385,-4.326,0.993,1.502,-0.000,-0.000,-0.000,36.0
1386,-4.326,0.993,1.502,-0.000,-0.000,-0.000,36.0
1387,-4.326,0.993,1.502,-0.000,-0.000,-0.000,36.0
1388,-4.326,0.993,1.502,-0.000,-0.000,-0.000,36.0
1389,-4.326,0.993,1.502,-0.000,-0.000,-0.000,36.0
1390,-4.326,0.993,1.502,-0.000,-0.000,0.000,36.0
1391,-4.326,0.993,1.502,-0.000,-0.000,0.000,36.0
1392,-4.326,0.993,1.502,-0.000,-0.000,0.000,36.0
1393,-4.326,0.993,1.502,-0.000,-0.000,0.000,36.0
1394,-4.326,0.993,1.502,-0.000,0.000,0.000,36.0
1395,-4.326,0.993,1.502,-0.000,0.000,0.000,36.0
1396,-4.326,0.993,1.502,-0.000,0.000,0.000,36.0
1397,-4.326,0.993,1.502,-0.000,0.000,0.000,36.0
1398,-4.326,0.993,1.502,-0.000,0.000,0.000,36.0
1399,-4.326,0.993,1.502,-0.000,0.000,0.000,36.0
1400,-4.326,0.993,1.502,-0.000,0.000,0.000,36.0
1401,-4.326,0.993,1.502,-0.000,0.000,0.000,36.0
1402,-4.326,0.993,1.502,-0.000,0.000,0.000,36.0
1403,-4.326,0.993,1.502,-0.000,0.000,0.000,36.0
1404,-4.326,0.993,1.502,-0.000,0.000,-0.000,36.0
1405,-4.326,0.993,1.502,-0.000,0.000,-0.000,36.0
1406,-4.326,0.993,1.502,-0.000,0.000,-0.000,36.0
1407,-4.326,0.993,1.502,-0.000,-0.000,-0.000,36.0
1408,-4.326,0.993,1.502,-0.000,-0.000,-0.000,36.0
1409,-4.326,0.993,1.502,-0.000,-0.000,-0.000,36.0
1410,-4.326,0.993,1.502,-0.000,-0.000,-0.000,36.0
1411,-4.326,0.993,1.502,-0.000,-0.000,-0.000,36.0
1412,-4.326,0.993,1.502,-0.000,-0.000,-0.000,36.0
1413,-4.326,0.993,1.502,-0.000,-0.000,-0.000,36.0
1414,-4.326,0.993,1.502,-0.000,-0.000,-0.000,36.0
1415,-4.326,0.993,1.502,-0.000,-0.000,-0.000,36.0
1416,-4.326,0.993,1.502,-0.000,-0.000,-0.000,36.0
1417,-4.326,0.993,1.502,-0.000,-0.000,-0.000,36.0
1418,-4.326,0.993,1.502,-0.000,-0.000,0.000,36.0
1419,-4.326,0.993,1.502,-0.000,-0.000,0.000,36.0
1420,-4.326,0.993,1.502,-0.000,-0.000,0.000,36.0
1421,-4.326,0.993,1.502,-0.000,0.000,0.000,36.0
1422,-4.326,0.993,1.502,-0.000,0.000,0.000,36.0
1423,-4.326,0.993,1.502,-0.000,0.000,0.000,36.0
1424,-4.326,0.993,1.502,-0.000,0.000,0.000,36.0
1425,-4.326,0.993,1.502,-0.000,0.000,0.000,36.0
1426,-4.326,0.993,1.502,-0.000,0.000,0.000,36.0
1427,-4.326,0.993,1.502,-0.000,0.000,0.000,36.0
1428,-4.326,0.993,1.502,-0.000,0.000,0.000,36.0
1429,-4.326,0.993,1.502,-0.000,0.000,0.000,36.0
1430,-4.326,0.993,1.502,-0.000,0.000,0.000,36.0
1431,-4.326,0.993,1.502,-0.000,0.000,0.000,36.0
1432,-4.326,0.993,1.502,-0.000,0.000,-0.000,36.0
1433,-4.326,0.993,1.502,-0.000,0.000,-0.000,36.0
1434,-4.326,0.993,1.502,-0.000,0.000,-0.000,36.0
1435,-4.326,0.993,1.502,-0.000,-0.000,-0.000,36.0
1436,-4.326,0.993,1.502,-0.000,-0.000,-0.000,36.0
1437,-4.326,0.993,1.502,-0.000,-0.000,-0.000,36.0
1438,-4.326,0.993,1.502,-0.000,-0.000,-0.000,36.0
1439,-4.326,0.993,1.502,-0.000,-0.000,-0.000,36.0
1440,-4.326,0.993,1.502,-0.000,-0.000,-0.000,36.0
1441,-4.326,0.993,1.502,-0.000,-0.000,-0.000,36.0
1442,-4.326,0.993,1.502,-0.000,-0.000,-0.000,36.0
1443,-4.326,0.993,1.502,-0.000,-0.000,-0.000,36.0
1444,-4.326,0.993,1.502,-0.000,-0.000,-0.000,36.0
1445,-4.326,0.993,1.502,-0.000,-0.000,-0.000,36.0
1446,-4.326,0.993,1.502,-0.000,-0.000,-0.000,36.0
1447,-4.326,0.993,1.502,-0.000,-0.000,0.000,36.0
1448,-4.326,0.993,1.502,-0.000,0.000,0.000,36.0
1449,-4.326,0.993,1.502,-0.000,0.000,0.000,36.0
1450,-4.326,0.993,1.502,-0.000,0.000,0.000,36.0
1451,-4.326,0.993,1.502,-0.000,0.000,0.000,36.0
1452,-4.326,0.993,1.502,-0.000,0.000,0.000,36.0
1453,-4.326,0.993,1.502,-0.000,0.000,0.000,36.0
1454,-4.326,0.993,1.502,-0.000,0.000,0.000,36.0
1455,-4.326,0.993,1.502,-0.000,0.000,0.000,36.0
1456,-4.326,0.993,1.502,-0.000,0.000,0.000,36.0
1457,-4.326,0.993,1.502,-0.000,0.000,0.000,36.0
1458,-4.326,0.993,1.502,-0.000,0.000,0.000,36.0
1459,-4.326,0.993,1.502,-0.000,0.000,0.000,36.0
1460,-4.326,0.993,1.502,-0.000,0.000,0.000,36.0
1461,-4.326,0.993,1.502,-0.000,0.000,-0.000,36.0
1462,-4.326,0.993,1.502,-0.000,-0.000,-0.000,36.0
1463,-4.326,0.993,1.502,-0.000,-0.000,-0.000,36.0
1464,-4.326,0.993,1.502,-0.000,-0.000,-0.000,36.0
1465,-4.326,0.993,1.502,-0.000,-0.000,-0.000,36.0
1466,-4.326,0.993,1.502,-0.000,-0.000,-0.000,36.0
1467,-4.326,0.993,1.502,-0.000,-0.000,-0.000,36.0
1468,-4.326,0.993,1.502,-0.000,-0.000,-0.000,36.0
1469,-4.326,0.993,1.502,-0.000,-0.000,-0.000,36.0
1470,-4.326,0.993,1.502,-0.000,-0.000,-0.000,36.0
1471,-4.326,0.993,1.502,-0.000,-0.000,-0.000,36.0
1472,-4.326,0.993,1.502,-0.000,-0.000,-0.000,36.0
1473,-4.326,0.993,1.502,-0.000,-0.000,-0.000,36.0
1474,-4.326,0.993,1.502,-0.000,-0.000,-0.000,36.0
1475,-4.326,0.993,1.502,-0.000,-0.000,0.000,36.0
1476,-4.326,0.993,1.502,-0.000,0.000,0.000,36.0
1477,-4.326,0.993,1.502,-0.000,0.000,0.000,36.0
1478,-4.326,0.993,1.502,-0.000,0.000,0.000,36.0
1479,-4.326,0.993,1.502,-0.000,0.000,0.000,36.0
1480,-4.326,0.993,1.502,-0.000,0.000,0.000,36.0
1481,-4.326,0.993,1.502,-0.000,0.000,0.000,36.0
1482,-4.326,0.993,1.502,-0.000,0.000,0.000,36.0
1483,-4.326,0.993,1.502,-0.000,0.000,0.000,36.0
1484,-4.326,0.993,1.502,-0.000,0.000,0.000,36.0
1485,-4.326,0.993,1.502,-0.000,0.000,0.000,36.0
1486,-4.326,0.993,1.502,-0.000,0.000,0.000,36.0
1487,-4.326,0.993,1.502,-0.000,0.000,0.000,36.0
1488,-4.326,0.993,1.502,-0.000,0.000,0.000,36.0
1489,-4.326,0.993,1.502,-0.000,-0.000,-0.000,36.0
1490,-4.326,0.993,1.502,-0.000,-0.000,-0.000,36.0
1491,-4.326,0.993,1.502,-0.000,-0.000,-0.000,36.0
1492,-4.326,0.993,1.502,-0.000,-0.000,-0.000,36.0
1493,-4.326,0.993,1.502,-0.000,-0.000,-0.000,36.0
1494,-4.326,0.993,1.502,-0.000,-0.000,-0.000,36.0
1495,-4.326,0.993,1.502,-0.000,-0.000,-0.000,36.0
1496,-4.326,0.993,1.502,-0.000,-0.000,-0.000,36.0
1497,-4.326,0.993,1.502,-0.000,-0.000,-0.000,36.0
1498,-4.326,0.993,1.502,-0.000,-0.000,-0.000,36.0
1499,-4.326,0.993,1.502,-0.000,-0.000,-0.000,36.0
1500,-4.326,0.993,1.502,-0.000,-0.000,-0.000,36.0
