1,-4.000,-1.000,0.000,0.000,0.000,0.000,2
2,-4.000,-1.000,0.153,0.000,0.222,0.000,2
3,-4.000,-1.000,0.473,0.000,0.411,0.000,2
4,-3.998,-1.000,0.808,0.000,0.465,0.000,2
5,-3.995,-1.000,1.088,0.000,0.365,0.000,2
6,-3.990,-1.000,1.290,0.000,0.169,0.000,2
7,-3.983,-1.000,1.420,0.000,-0.079,0.000,2
8,-3.978,-1.000,1.493,0.000,-0.296,0.000,2
9,-3.973,-1.000,1.522,-0.000,-0.287,-0.218,2
10,-3.969,-0.999,1.534,0.000,-0.216,-0.358,2
11,-3.966,-0.997,1.533,0.000,-0.136,-0.360,7.0
12,-3.963,-0.994,1.527,-0.000,0.041,0.146,7.0
13,-3.961,-0.991,1.519,-0.000,0.195,0.561,7.0
14,-3.958,-0.990,1.512,-0.000,0.260,0.731,7.0
15,-3.954,-0.991,1.506,-0.000,0.236,0.663,7.0
16,-3.949,-0.995,1.507,-0.000,0.152,0.433,7.0
17,-3.943,-1.000,1.508,-0.000,0.050,0.143,7.0
18,-3.938,-1.005,1.508,-0.000,-0.036,-0.113,7.0
19,-3.932,-1.011,1.509,-0.000,-0.084,-0.261,7.0
20,-3.927,-1.015,1.510,-0.000,-0.092,-0.286,7.0
21,-3.922,-1.019,1.510,-0.000,-0.068,-0.215,7.0
22,-3.917,-1.022,1.504,-0.000,-0.028,-0.096,7.0
23,-3.913,-1.024,1.503,-0.000,0.009,0.018,7.0
24,-3.908,-1.027,1.503,-0.000,0.033,0.094,7.0
25,-3.903,-1.030,1.502,-0.000,0.041,0.118,7.0
26,-3.898,-1.033,1.501,-0.000,0.033,0.097,7.0
27,-3.893,-1.036,1.501,-0.000,0.017,0.050,7.0
28,-3.888,-1.040,1.500,-0.000,-0.001,-0.003,7.0
29,-3.883,-1.044,1.500,-0.000,-0.014,-0.043,7.0
30,-3.878,-1.047,1.499,-0.000,-0.020,-0.063,7.0
31,-3.873,-1.051,1.499,-0.000,-0.019,-0.061,7.0
32,-3.868,-1.054,1.499,-0.000,-0.014,-0.045,7.0
33,-3.863,-1.057,1.498,-0.000,-0.006,-0.024,7.0
34,-3.858,-1.060,1.498,-0.000,-0.000,-0.005,7.0
35,-3.853,-1.063,1.498,-0.000,0.003,0.007,7.0
36,-3.848,-1.066,1.498,-0.000,0.004,0.009,7.0
37,-3.843,-1.069,1.497,-0.000,0.002,0.004,7.0
38,-3.838,-1.072,1.497,-0.000,-0.001,-0.004,7.0
39,-3.833,-1.075,1.497,-0.000,-0.004,-0.013,7.0
40,-3.828,-1.078,1.497,-0.000,-0.006,-0.019,7.0
41,-3.823,-1.081,1.497,-0.000,-0.006,-0.021,7.0
42,-3.818,-1.084,1.497,-0.000,-0.006,-0.020,7.0
43,-3.813,-1.087,1.497,-0.000,-0.005,-0.017,7.0
44,-3.809,-1.089,1.496,-0.000,-0.003,-0.013,7.0
45,-3.804,-1.092,1.496,-0.000,-0.002,-0.010,7.0
46,-3.799,-1.095,1.496,-0.000,-0.002,-0.008,7.0
47,-3.794,-1.097,1.496,-0.000,-0.002,-0.008,7.0
48,-3.789,-1.100,1.496,-0.000,-0.002,-0.009,7.0
49,-3.784,-1.103,1.496,-0.000,-0.003,-0.010,7.0
50,-3.779,-1.105,1.496,-0.000,-0.003,-0.011,7.0
51,-3.774,-1.108,1.496,-0.000,-0.003,-0.012,7.0
52,-3.769,-1.110,1.496,-0.000,-0.004,-0.012,7.0
53,-3.764,-1.113,1.496,-0.000,-0.003,-0.012,7.0
54,-3.759,-1.115,1.496,-0.000,-0.003,-0.011,7.0
55,-3.754,-1.117,1.496,-0.000,-0.003,-0.010,7.0
56,-3.749,-1.120,1.496,-0.000,-0.003,-0.010,7.0
57,-3.744,-1.122,1.496,-0.000,-0.003,-0.009,7.0
58,-3.739,-1.124,1.496,-0.000,-0.003,-0.009,7.0
59,-3.734,-1.127,1.496,-0.000,-0.003,-0.009,7.0
60,-3.730,-1.129,1.496,-0.000,-0.003,-0.010,7.0
61,-3.725,-1.131,1.496,-0.000,-0.003,-0.010,7.0
62,-3.720,-1.133,1.496,-0.000,-0.003,-0.010,7.0
63,-3.715,-1.136,1.496,-0.000,-0.003,-0.010,7.0
64,-3.710,-1.138,1.496,-0.000,-0.003,-0.009,7.0
65,-3.705,-1.140,1.496,-0.000,-0.003,-0.009,7.0
66,-3.700,-1.142,1.496,-0.000,-0.003,-0.009,7.0
67,-3.695,-1.144,1.496,-0.000,-0.003,-0.009,7.0
68,-3.690,-1.146,1.496,-0.000,-0.003,-0.009,7.0
69,-3.685,-1.148,1.496,-0.000,-0.003,-0.008,7.0
70,-3.680,-1.150,1.496,-0.000,-0.003,-0.008,7.0
71,-3.675,-1.152,1.496,-0.000,-0.003,-0.008,7.0
72,-3.670,-1.154,1.496,-0.000,-0.003,-0.008,7.0
73,-3.665,-1.156,1.496,-0.000,-0.003,-0.008,7.0
74,-3.661,-1.158,1.496,-0.000,-0.003,-0.008,7.0
75,-3.656,-1.159,1.496,-0.000,-0.003,-0.008,7.0
76,-3.651,-1.161,1.496,-0.000,-0.003,-0.008,7.0
77,-3.646,-1.163,1.496,-0.000,-0.003,-0.008,7.0
78,-3.641,-1.165,1.496,-0.000,-0.003,-0.008,7.0
79,-3.636,-1.167,1.496,-0.000,-0.003,-0.007,7.0
80,-3.631,-1.168,1.496,-0.000,-0.003,-0.007,7.0
81,-3.626,-1.170,1.496,-0.000,-0.003,-0.007,7.0
82,-3.621,-1.172,1.496,-0.000,-0.003,-0.007,7.0
83,-3.616,-1.173,1.496,-0.000,-0.003,-0.007,7.0
84,-3.611,-1.175,1.496,-0.000,-0.003,-0.007,7.0
85,-3.606,-1.177,1.496,-0.000,-0.003,-0.007,7.0
86,-3.601,-1.178,1.496,-0.000,-0.003,-0.007,7.0
87,-3.596,-1.180,1.496,-0.000,-0.003,-0.007,7.0
88,-3.591,-1.181,1.496,-0.000,-0.002,-0.007,7.0
89,-3.587,-1.183,1.496,-0.000,-0.001,-0.006,7.0
90,-3.582,-1.184,1.496,-0.000,-0.001,-0.006,7.0
91,-3.577,-1.186,1.496,-0.000,-0.001,-0.006,7.0
92,-3.572,-1.187,1.496,-0.000,-0.002,-0.006,7.0
93,-3.567,-1.189,1.496,-0.000,-0.002,-0.006,7.0
94,-3.562,-1.190,1.496,-0.000,-0.003,-0.006,7.0
95,-3.557,-1.192,1.496,-0.000,-0.003,-0.006,7.0
96,-3.552,-1.193,1.496,-0.000,-0.003,-0.006,7.0
97,-3.547,-1.194,1.496,-0.000,-0.003,-0.006,7.0
98,-3.542,-1.196,1.496,-0.000,-0.003,-0.006,7.0
99,-3.537,-1.197,1.496,-0.000,-0.003,-0.006,7.0
100,-3.532,-1.198,1.496,-0.000,-0.002,-0.006,7.0
101,-3.527,-1.200,1.496,-0.000,-0.002,-0.006,7.0
102,-3.522,-1.201,1.496,-0.000,-0.003,-0.006,7.0
103,-3.517,-1.202,1.496,-0.000,-0.003,-0.005,7.0
104,-3.512,-1.204,1.496,-0.000,-0.003,-0.005,7.0
105,-3.507,-1.205,1.496,-0.000,-0.003,-0.005,7.0
106,-3.502,-1.206,1.496,-0.000,-0.003,-0.005,7.0
107,-3.497,-1.207,1.496,-0.000,-0.003,-0.005,7.0
108,-3.493,-1.209,1.496,-0.000,-0.003,-0.005,7.0
109,-3.488,-1.210,1.496,-0.000,-0.003,-0.005,7.0
110,-3.483,-1.211,1.496,-0.000,-0.003,-0.005,7.0
111,-3.478,-1.212,1.496,-0.000,-0.003,-0.005,7.0
112,-3.473,-1.213,1.496,-0.000,-0.003,-0.005,7.0
113,-3.468,-1.214,1.496,-0.000,-0.003,-0.005,7.0
114,-3.463,-1.215,1.496,-0.000,-0.003,-0.005,7.0
115,-3.458,-1.217,1.495,-0.000,-0.003,-0.005,7.0
116,-3.453,-1.218,1.495,-0.000,-0.003,-0.005,7.0
117,-3.448,-1.219,1.495,-0.000,-0.003,-0.005,7.0
118,-3.443,-1.220,1.495,-0.000,-0.003,-0.005,7.0
119,-3.438,-1.221,1.495,-0.000,-0.003,-0.004,7.0
120,-3.433,-1.222,1.495,-0.000,-0.003,-0.004,7.0
121,-3.428,-1.223,1.495,-0.000,-0.003,-0.004,7.0
122,-3.423,-1.224,1.495,-0.000,-0.003,-0.004,7.0
123,-3.418,-1.225,1.495,-0.000,-0.003,-0.004,7.0
124,-3.413,-1.226,1.495,-0.000,-0.003,-0.004,7.0
125,-3.409,-1.227,1.495,-0.000,-0.003,-0.004,7.0
126,-3.404,-1.228,1.495,-0.000,-0.003,-0.004,7.0
127,-3.399,-1.229,1.495,-0.000,-0.003,-0.004,7.0
128,-3.394,-1.229,1.495,-0.000,-0.003,-0.004,7.0
129,-3.389,-1.230,1.495,-0.000,-0.003,-0.004,7.0
130,-3.384,-1.231,1.495,-0.000,-0.003,-0.004,7.0
131,-3.379,-1.232,1.495,-0.000,-0.003,-0.004,7.0
132,-3.374,-1.233,1.495,-0.000,-0.003,-0.004,7.0
133,-3.369,-1.234,1.495,-0.000,-0.003,-0.004,7.0
134,-3.364,-1.235,1.495,-0.000,-0.003,-0.004,7.0
135,-3.359,-1.236,1.495,-0.000,-0.003,-0.004,7.0
136,-3.354,-1.236,1.495,-0.000,-0.003,-0.004,7.0
137,-3.349,-1.237,1.495,-0.000,-0.003,-0.004,7.0
138,-3.344,-1.238,1.495,-0.000,-0.003,-0.004,7.0
139,-3.340,-1.239,1.495,-0.000,-0.003,-0.003,7.0
140,-3.335,-1.240,1.495,-0.000,-0.003,-0.003,7.0
141,-3.330,-1.240,1.495,-0.000,-0.003,-0.003,7.0
142,-3.325,-1.241,1.495,-0.000,-0.003,-0.003,7.0
143,-3.320,-1.242,1.495,-0.000,-0.003,-0.003,7.0
144,-3.315,-1.243,1.495,-0.000,-0.003,-0.003,7.0
145,-3.310,-1.243,1.495,-0.000,-0.003,-0.003,7.0
146,-3.305,-1.244,1.495,-0.000,-0.003,-0.003,7.0
147,-3.300,-1.245,1.495,-0.000,-0.003,-0.003,7.0
148,-3.295,-1.246,1.495,-0.000,-0.003,-0.003,7.0
149,-3.290,-1.246,1.495,-0.000,-0.003,-0.003,7.0
150,-3.285,-1.247,1.495,-0.000,-0.003,-0.003,7.0
151,-3.281,-1.248,1.495,-0.000,-0.003,-0.003,7.0
152,-3.276,-1.248,1.495,-0.000,-0.003,-0.003,7.0
153,-3.271,-1.249,1.495,-0.000,-0.003,-0.003,7.0
154,-3.266,-1.250,1.495,-0.000,-0.003,-0.003,7.0
155,-3.261,-1.250,1.495,-0.000,-0.003,-0.003,7.0
156,-3.256,-1.251,1.495,-0.000,-0.003,-0.003,7.0
157,-3.251,-1.251,1.495,-0.000,-0.003,-0.003,7.0
158,-3.246,-1.252,1.495,-0.000,-0.003,-0.003,7.0
159,-3.241,-1.253,1.495,-0.000,-0.003,-0.003,7.0
160,-3.236,-1.253,1.495,-0.000,-0.003,-0.003,7.0
161,-3.231,-1.254,1.495,-0.000,-0.003,-0.003,7.0
162,-3.227,-1.254,1.495,-0.000,-0.003,-0.003,7.0
163,-3.222,-1.255,1.495,-0.000,-0.003,-0.003,7.0
164,-3.217,-1.256,1.495,-0.000,-0.003,-0.002,7.0
165,-3.212,-1.256,1.495,-0.000,-0.003,-0.002,7.0
166,-3.207,-1.257,1.495,-0.000,-0.003,-0.002,7.0
167,-3.202,-1.257,1.495,-0.000,-0.003,-0.002,7.0
168,-3.197,-1.258,1.495,-0.000,-0.003,-0.002,7.0
169,-3.192,-1.258,1.495,-0.000,-0.003,-0.002,7.0
170,-3.187,-1.259,1.495,-0.000,-0.003,-0.002,7.0
171,-3.182,-1.259,1.495,-0.000,-0.003,-0.002,7.0
172,-3.178,-1.260,1.495,-0.000,-0.003,-0.002,7.0
173,-3.173,-1.260,1.495,-0.000,-0.003,-0.002,7.0
174,-3.168,-1.261,1.495,-0.000,-0.003,-0.002,7.0
175,-3.163,-1.261,1.495,-0.000,-0.003,-0.002,7.0
176,-3.158,-1.262,1.495,-0.000,-0.003,-0.002,7.0
177,-3.153,-1.262,1.495,-0.000,-0.003,-0.002,7.0
178,-3.148,-1.263,1.495,-0.000,-0.003,-0.002,7.0
179,-3.143,-1.263,1.495,-0.000,-0.003,-0.002,7.0
180,-3.138,-1.264,1.495,-0.000,-0.003,-0.002,7.0
181,-3.133,-1.264,1.495,-0.000,-0.003,-0.002,7.0
182,-3.129,-1.265,1.495,-0.000,-0.003,-0.002,7.0
183,-3.124,-1.265,1.495,-0.000,-0.003,-0.002,7.0
184,-3.119,-1.266,1.495,-0.000,-0.003,-0.002,7.0
185,-3.114,-1.266,1.495,-0.000,-0.003,-0.002,7.0
186,-3.109,-1.266,1.495,-0.000,-0.003,-0.002,7.0
187,-3.104,-1.267,1.495,-0.000,-0.003,-0.002,7.0
188,-3.099,-1.267,1.495,-0.000,-0.003,-0.002,7.0
189,-3.094,-1.268,1.495,-0.000,-0.003,-0.002,7.0
190,-3.089,-1.268,1.495,-0.000,-0.003,-0.002,7.0
191,-3.085,-1.268,1.495,-0.000,-0.003,-0.002,7.0
192,-3.080,-1.269,1.495,-0.000,-0.003,-0.002,7.0
193,-3.075,-1.269,1.495,-0.000,-0.003,-0.002,7.0
194,-3.070,-1.270,1.495,-0.000,-0.003,-0.002,7.0
195,-3.065,-1.270,1.495,-0.000,-0.003,-0.002,7.0
196,-3.060,-1.270,1.495,-0.000,-0.003,-0.002,7.0
197,-3.055,-1.271,1.495,-0.000,-0.003,-0.002,7.0
198,-3.050,-1.271,1.495,-0.000,-0.003,-0.002,7.0
199,-3.045,-1.272,1.495,-0.000,-0.003,-0.002,7.0
200,-3.040,-1.272,1.495,-0.000,-0.003,-0.002,7.0
201,-3.036,-1.272,1.495,-0.000,-0.083,-0.171,7.0
202,-3.031,-1.272,1.495,-0.000,-0.149,-0.302,7.0
203,-3.027,-1.271,1.495,-0.000,-0.168,-0.332,7.0
204,-3.023,-1.268,1.495,-0.000,-0.142,-0.270,7.0
205,-3.020,-1.265,1.495,-0.000,-0.087,-0.157,7.0
206,-3.017,-1.261,1.495,-0.000,-0.023,-0.035,7.0
207,-3.015,-1.257,1.495,-0.000,0.030,0.058,7.0
208,-3.012,-1.253,1.495,-0.000,0.060,0.103,7.0
209,-3.009,-1.250,1.495,-0.000,0.064,0.102,7.0
210,-3.006,-1.247,1.495,-0.000,0.047,0.067,7.0
211,-3.002,-1.244,1.495,-0.000,0.020,0.019,7.0
212,-2.999,-1.241,1.495,-0.000,-0.007,-0.024,7.0
213,-2.995,-1.238,1.495,-0.000,-0.025,-0.049,7.0
214,-2.992,-1.235,1.495,-0.000,-0.031,-0.053,7.0
215,-2.989,-1.231,1.495,-0.000,-0.025,-0.040,7.0
216,-2.985,-1.228,1.495,-0.000,-0.013,-0.018,7.0
217,-2.982,-1.224,1.495,-0.000,0.001,0.003,7.0
218,-2.979,-1.221,1.495,-0.000,0.011,0.018,7.0
219,-2.976,-1.217,1.495,-0.000,0.014,0.022,7.0
220,-2.973,-1.214,1.495,-0.000,0.011,0.018,7.0
221,-2.969,-1.211,1.495,-0.000,0.004,0.008,7.0
222,-2.966,-1.207,1.495,-0.000,-0.005,-0.003,7.0
223,-2.963,-1.204,1.495,-0.000,-0.013,-0.012,7.0
224,-2.959,-1.201,1.495,-0.000,-0.017,-0.016,7.0
225,-2.956,-1.197,1.495,-0.000,-0.018,-0.016,7.0
226,-2.953,-1.194,1.495,-0.000,-0.015,-0.012,7.0
227,-2.950,-1.190,1.495,-0.000,-0.011,-0.007,7.0
228,-2.947,-1.186,1.495,-0.000,-0.006,-0.002,7.0
229,-2.944,-1.183,1.495,-0.000,-0.003,0.002,7.0
230,-2.941,-1.179,1.495,-0.000,-0.001,0.003,7.0
231,-2.938,-1.176,1.495,-0.000,-0.001,0.002,7.0
232,-2.935,-1.172,1.495,-0.000,-0.003,0.001,7.0
233,-2.932,-1.168,1.495,-0.000,-0.005,-0.001,7.0
234,-2.928,-1.165,1.495,-0.000,-0.006,-0.003,7.0
235,-2.925,-1.161,1.495,-0.000,-0.007,-0.004,7.0
236,-2.922,-1.157,1.495,-0.000,-0.007,-0.004,7.0
237,-2.919,-1.154,1.495,-0.000,-0.006,-0.003,7.0
238,-2.916,-1.150,1.495,-0.000,-0.005,-0.001,7.0
239,-2.913,-1.146,1.495,-0.000,-0.004,-0.000,7.0
240,-2.910,-1.143,1.495,-0.000,-0.003,0.001,7.0
241,-2.907,-1.139,1.495,-0.000,-0.002,0.001,7.0
242,-2.905,-1.135,1.495,-0.000,-0.002,0.001,7.0
243,-2.902,-1.131,1.495,-0.000,-0.003,0.001,7.0
244,-2.899,-1.128,1.495,-0.000,-0.003,0.000,7.0
245,-2.896,-1.124,1.495,-0.000,-0.003,-0.000,7.0
246,-2.893,-1.120,1.495,-0.000,-0.004,-0.000,7.0
247,-2.890,-1.116,1.495,-0.000,-0.001,-0.006,7.0
248,-2.887,-1.113,1.495,-0.000,0.001,-0.009,7.0
249,-2.884,-1.109,1.495,-0.000,0.002,-0.008,7.0
250,-2.881,-1.105,1.495,-0.000,0.002,-0.005,7.0
251,-2.878,-1.101,1.495,-0.000,0.001,-0.001,7.0
252,-2.875,-1.097,1.495,-0.000,-0.000,0.002,7.0
253,-2.872,-1.093,1.495,-0.000,-0.001,0.005,7.0
254,-2.869,-1.089,1.495,-0.000,-0.002,0.005,7.0
255,-2.866,-1.086,1.495,-0.000,-0.002,0.005,7.0
256,-2.863,-1.082,1.495,-0.000,-0.002,0.003,7.0
257,-2.860,-1.078,1.495,-0.000,-0.002,0.002,7.0
258,-2.857,-1.074,1.495,-0.000,-0.001,0.001,7.0
259,-2.854,-1.070,1.495,-0.000,-0.006,0.004,7.0
260,-2.851,-1.066,1.495,-0.000,-0.009,0.006,7.0
261,-2.848,-1.062,1.495,-0.000,-0.010,0.007,7.0
262,-2.845,-1.059,1.495,-0.000,-0.008,0.006,7.0
263,-2.842,-1.055,1.495,-0.000,-0.005,0.005,7.0
264,-2.839,-1.051,1.495,-0.000,-0.002,0.003,7.0
265,-2.837,-1.047,1.495,-0.000,-0.000,0.001,7.0
266,-2.834,-1.043,1.495,-0.000,0.006,-0.003,7.0
267,-2.831,-1.040,1.495,-0.000,0.010,-0.005,7.0
268,-2.828,-1.036,1.495,-0.000,0.009,-0.004,7.0
269,-2.825,-1.032,1.495,-0.000,0.006,-0.002,7.0
270,-2.822,-1.028,1.495,-0.000,0.002,0.000,7.0
271,-2.819,-1.024,1.495,-0.000,-0.002,0.003,7.0
272,-2.816,-1.020,1.495,-0.000,-0.010,0.007,7.0
273,-2.813,-1.016,1.495,-0.000,-0.015,0.009,7.0
274,-2.810,-1.013,1.495,-0.000,-0.014,0.008,7.0
275,-2.807,-1.009,1.495,-0.000,-0.010,0.006,7.0
276,-2.804,-1.005,1.495,-0.000,0.001,0.001,7.0
277,-2.801,-1.001,1.496,-0.000,0.009,-0.003,22.0
278,-2.798,-0.997,1.496,-0.000,0.080,0.085,22.0
279,-2.795,-0.994,1.496,-0.000,0.110,0.163,22.0
280,-2.792,-0.991,1.496,-0.000,0.101,0.186,22.0
281,-2.788,-0.988,1.496,-0.000,0.067,0.156,22.0
282,-2.783,-0.987,1.496,-0.000,0.025,0.096,22.0
283,-2.779,-0.985,1.496,-0.000,-0.010,0.030,22.0
284,-2.775,-0.984,1.496,-0.000,-0.031,-0.021,22.0
285,-2.771,-0.982,1.496,-0.000,-0.035,-0.047,22.0
286,-2.767,-0.981,1.496,-0.000,-0.026,-0.047,22.0
287,-2.763,-0.979,1.496,-0.000,-0.011,-0.030,22.0
288,-2.759,-0.977,1.497,-0.000,0.003,-0.006,22.0
289,-2.755,-0.975,1.497,-0.000,0.013,0.015,22.0
290,-2.751,-0.973,1.497,-0.000,0.015,0.027,22.0
291,-2.747,-0.971,1.497,-0.000,0.012,0.028,22.0
292,-2.743,-0.970,1.497,-0.000,0.006,0.022,22.0
293,-2.739,-0.968,1.497,-0.000,-0.001,0.011,22.0
294,-2.735,-0.966,1.497,-0.000,-0.006,0.001,22.0
295,-2.730,-0.965,1.497,-0.000,-0.008,-0.006,22.0
296,-2.726,-0.963,1.497,-0.000,-0.008,-0.009,22.0
297,-2.722,-0.962,1.497,-0.000,-0.006,-0.008,22.0
298,-2.718,-0.960,1.497,-0.000,-0.003,-0.004,22.0
299,-2.714,-0.958,1.497,-0.000,-0.001,0.000,22.0
300,-2.710,-0.957,1.497,-0.000,0.000,0.004,22.0
301,-2.706,-0.955,1.497,-0.000,0.001,0.005,22.0
302,-2.702,-0.953,1.497,-0.000,-0.000,0.005,22.0
303,-2.698,-0.952,1.497,-0.000,-0.001,0.003,22.0
304,-2.694,-0.950,1.497,-0.000,-0.002,0.002,22.0
305,-2.690,-0.948,1.497,-0.000,-0.003,0.000,22.0
306,-2.686,-0.947,1.497,-0.000,-0.003,-0.001,22.0
307,-2.681,-0.945,1.497,-0.000,-0.003,-0.001,22.0
308,-2.677,-0.943,1.497,-0.000,-0.003,-0.001,22.0
309,-2.673,-0.942,1.497,-0.000,-0.002,0.000,22.0
310,-2.669,-0.940,1.497,-0.000,-0.002,0.001,22.0
311,-2.665,-0.939,1.497,-0.000,-0.002,0.001,22.0
312,-2.661,-0.937,1.497,-0.000,-0.002,0.001,22.0
313,-2.657,-0.935,1.497,-0.000,-0.002,0.001,22.0
314,-2.653,-0.934,1.497,-0.000,-0.002,0.001,22.0
315,-2.649,-0.932,1.497,-0.000,-0.002,0.001,22.0
316,-2.645,-0.930,1.497,-0.000,-0.002,0.001,22.0
317,-2.641,-0.929,1.497,-0.000,-0.002,0.000,22.0
318,-2.637,-0.927,1.497,-0.000,-0.002,0.000,22.0
319,-2.633,-0.925,1.497,-0.000,-0.002,0.001,22.0
320,-2.628,-0.924,1.497,-0.000,-0.002,0.001,22.0
321,-2.624,-0.922,1.497,-0.000,-0.002,0.001,22.0
322,-2.620,-0.920,1.497,-0.000,-0.002,0.001,22.0
323,-2.616,-0.919,1.497,-0.000,-0.002,0.001,22.0
324,-2.612,-0.917,1.497,-0.000,-0.002,0.001,22.0
325,-2.608,-0.915,1.497,-0.000,-0.002,0.001,22.0
326,-2.604,-0.914,1.497,-0.000,-0.002,0.001,22.0
327,-2.600,-0.912,1.497,-0.000,-0.002,0.001,22.0
328,-2.596,-0.910,1.497,-0.000,-0.002,0.001,22.0
329,-2.592,-0.909,1.497,-0.000,-0.002,0.001,22.0
330,-2.588,-0.907,1.497,-0.000,-0.002,0.001,22.0
331,-2.584,-0.905,1.497,-0.000,-0.002,0.001,22.0
332,-2.579,-0.904,1.497,-0.000,-0.002,0.001,22.0
333,-2.575,-0.902,1.497,-0.000,-0.002,0.001,22.0
334,-2.571,-0.900,1.497,-0.000,-0.002,0.001,22.0
335,-2.567,-0.899,1.497,-0.000,-0.002,0.001,22.0
336,-2.563,-0.897,1.497,-0.000,-0.002,0.001,22.0
337,-2.559,-0.895,1.497,-0.000,-0.002,0.001,22.0
338,-2.555,-0.894,1.497,-0.000,-0.002,0.001,22.0
339,-2.551,-0.892,1.497,-0.000,-0.002,0.001,22.0
340,-2.547,-0.891,1.497,-0.000,-0.002,0.001,22.0
341,-2.543,-0.889,1.497,-0.000,-0.002,0.001,22.0
342,-2.539,-0.887,1.497,-0.000,-0.002,0.001,22.0
343,-2.535,-0.886,1.497,-0.000,-0.002,0.001,22.0
344,-2.531,-0.884,1.497,-0.000,-0.002,0.001,22.0
345,-2.526,-0.882,1.497,-0.000,-0.002,0.001,22.0
346,-2.522,-0.881,1.497,-0.000,-0.002,0.001,22.0
347,-2.518,-0.879,1.497,-0.000,-0.002,0.001,22.0
348,-2.514,-0.877,1.497,-0.000,-0.002,0.001,22.0
349,-2.510,-0.876,1.497,-0.000,-0.002,0.001,22.0
350,-2.506,-0.874,1.497,-0.000,-0.002,0.001,22.0
351,-2.502,-0.872,1.497,-0.000,-0.002,0.001,22.0
352,-2.498,-0.871,1.497,-0.000,-0.002,0.001,22.0
353,-2.494,-0.869,1.497,-0.000,-0.002,0.001,22.0
354,-2.490,-0.867,1.497,-0.000,-0.002,0.001,22.0
355,-2.486,-0.866,1.497,-0.000,-0.002,0.001,22.0
356,-2.482,-0.864,1.497,-0.000,-0.002,0.001,22.0
357,-2.478,-0.862,1.497,-0.000,-0.002,0.001,22.0
358,-2.473,-0.861,1.497,-0.000,-0.002,0.001,22.0
359,-2.469,-0.859,1.497,-0.000,-0.002,0.001,22.0
360,-2.465,-0.857,1.497,-0.000,-0.002,0.001,22.0
361,-2.461,-0.856,1.497,-0.000,-0.002,0.001,22.0
362,-2.457,-0.854,1.497,-0.000,-0.002,0.001,22.0
363,-2.453,-0.852,1.497,-0.000,-0.002,0.001,22.0
364,-2.449,-0.851,1.497,-0.000,-0.002,0.001,22.0
365,-2.445,-0.849,1.497,-0.000,-0.002,0.001,22.0
366,-2.441,-0.847,1.497,-0.000,-0.002,0.001,22.0
367,-2.437,-0.846,1.497,-0.000,-0.002,0.001,22.0
368,-2.433,-0.844,1.497,-0.000,-0.002,0.001,22.0
369,-2.429,-0.842,1.497,-0.000,-0.002,0.001,22.0
370,-2.425,-0.841,1.497,-0.000,-0.002,0.001,22.0
371,-2.420,-0.839,1.497,-0.000,-0.002,0.001,22.0
372,-2.416,-0.837,1.497,-0.000,-0.002,0.001,22.0
373,-2.412,-0.836,1.497,-0.000,-0.002,0.001,22.0
374,-2.408,-0.834,1.497,-0.000,-0.002,0.001,22.0
375,-2.404,-0.832,1.497,-0.000,-0.002,0.001,22.0
376,-2.400,-0.831,1.497,-0.000,-0.002,0.001,22.0
377,-2.396,-0.829,1.497,-0.000,-0.002,0.001,22.0
378,-2.392,-0.827,1.497,-0.000,-0.002,0.001,22.0
379,-2.388,-0.826,1.497,-0.000,-0.002,0.001,22.0
380,-2.384,-0.824,1.497,-0.000,-0.002,0.001,22.0
381,-2.380,-0.822,1.497,-0.000,-0.002,0.001,22.0
382,-2.376,-0.821,1.497,-0.000,-0.002,0.001,22.0
383,-2.372,-0.819,1.497,-0.000,-0.002,0.001,22.0
384,-2.367,-0.817,1.497,-0.000,-0.002,0.001,22.0
385,-2.363,-0.816,1.497,-0.000,-0.002,0.001,22.0
386,-2.359,-0.814,1.497,-0.000,-0.002,0.001,22.0
387,-2.355,-0.812,1.497,-0.000,-0.002,0.001,22.0
388,-2.351,-0.811,1.497,-0.000,-0.002,0.001,22.0
389,-2.347,-0.809,1.497,-0.000,-0.002,0.001,22.0
390,-2.343,-0.807,1.497,-0.000,-0.002,0.001,22.0
391,-2.339,-0.806,1.497,-0.000,-0.002,0.001,22.0
392,-2.335,-0.804,1.497,-0.000,-0.002,0.001,22.0
393,-2.331,-0.802,1.497,-0.000,-0.002,0.001,22.0
394,-2.327,-0.801,1.497,-0.000,-0.002,0.001,22.0
395,-2.323,-0.799,1.497,-0.000,-0.002,0.001,22.0
396,-2.319,-0.797,1.497,-0.000,-0.002,0.001,22.0
397,-2.314,-0.796,1.497,-0.000,-0.002,0.001,22.0
398,-2.310,-0.794,1.497,-0.000,-0.002,0.001,22.0
399,-2.306,-0.792,1.497,-0.000,-0.002,0.001,22.0
400,-2.302,-0.791,1.497,-0.000,-0.002,0.001,22.0
401,-2.298,-0.789,1.497,-0.000,-0.002,0.001,22.0
402,-2.294,-0.787,1.497,-0.000,-0.002,0.001,22.0
403,-2.290,-0.786,1.497,-0.000,-0.002,0.001,22.0
404,-2.286,-0.784,1.497,-0.000,-0.002,0.001,22.0
405,-2.282,-0.782,1.497,-0.000,-0.002,0.001,22.0
406,-2.278,-0.781,1.497,-0.000,-0.002,0.001,22.0
407,-2.274,-0.779,1.497,-0.000,-0.002,0.000,22.0
408,-2.270,-0.777,1.497,-0.000,-0.003,-0.001,22.0
409,-2.265,-0.776,1.497,-0.000,-0.003,-0.002,22.0
410,-2.261,-0.774,1.497,-0.000,-0.004,-0.002,22.0
411,-2.257,-0.772,1.497,-0.000,-0.004,-0.003,22.0
412,-2.253,-0.771,1.497,-0.000,-0.004,-0.003,22.0
413,-2.249,-0.769,1.497,-0.000,-0.187,0.085,22.0
414,-2.246,-0.768,1.497,-0.000,-0.304,0.143,22.0
415,-2.243,-0.767,1.497,-0.000,-0.134,0.062,22.0
416,-2.241,-0.766,1.497,-0.000,0.057,-0.030,22.0
417,-2.239,-0.765,1.497,-0.000,0.183,-0.091,22.0
418,-2.236,-0.764,1.497,-0.000,0.222,-0.110,22.0
419,-2.233,-0.762,1.497,-0.000,0.186,-0.091,22.0
420,-2.229,-0.761,1.497,-0.000,0.107,-0.049,22.0
421,-2.224,-0.759,1.497,-0.000,0.021,-0.001,22.0
422,-2.220,-0.757,1.497,-0.000,-0.045,0.035,22.0
423,-2.215,-0.755,1.497,-0.000,-0.076,0.052,22.0
424,-2.211,-0.753,1.497,-0.000,-0.078,0.052,22.0
425,-2.207,-0.751,1.497,-0.000,-0.059,0.039,22.0
426,-2.203,-0.750,1.497,-0.000,-0.031,0.020,22.0
427,-2.200,-0.749,1.497,-0.000,-0.008,0.004,22.0
428,-2.196,-0.747,1.497,-0.000,0.008,-0.007,22.0
429,-2.192,-0.746,1.497,-0.000,0.015,-0.011,22.0
430,-2.189,-0.745,1.497,-0.000,0.012,-0.010,22.0
431,-2.185,-0.743,1.497,-0.000,0.003,-0.005,22.0
432,-2.181,-0.742,1.497,-0.000,-0.007,0.001,22.0
433,-2.177,-0.740,1.497,-0.000,-0.016,0.007,22.0
434,-2.173,-0.739,1.497,-0.000,-0.021,0.010,22.0
435,-2.170,-0.737,1.497,-0.000,-0.022,0.010,22.0
436,-2.166,-0.736,1.497,-0.000,-0.020,0.009,22.0
437,-2.163,-0.735,1.497,-0.000,-0.016,0.006,22.0
438,-2.159,-0.733,1.497,-0.000,-0.012,0.004,22.0
439,-2.156,-0.732,1.497,-0.000,-0.009,0.002,22.0
440,-2.152,-0.731,1.497,-0.000,-0.008,0.001,22.0
441,-2.149,-0.729,1.497,-0.000,-0.008,0.001,22.0
442,-2.145,-0.728,1.497,-0.000,-0.008,0.002,22.0
443,-2.142,-0.727,1.497,-0.000,-0.009,0.002,22.0
444,-2.139,-0.725,1.497,-0.000,-0.010,0.003,22.0
445,-2.135,-0.724,1.497,-0.000,-0.010,0.003,22.0
446,-2.132,-0.723,1.497,-0.000,-0.009,0.002,22.0
447,-2.129,-0.722,1.497,-0.000,-0.009,0.002,22.0
448,-2.125,-0.720,1.497,-0.000,-0.008,0.002,22.0
449,-2.122,-0.719,1.497,-0.000,-0.008,0.002,22.0
450,-2.119,-0.718,1.497,-0.000,-0.009,0.002,22.0
451,-2.116,-0.716,1.497,-0.000,-0.009,0.003,22.0
452,-2.113,-0.715,1.497,-0.000,-0.010,0.003,22.0
453,-2.110,-0.714,1.497,-0.000,-0.011,0.004,22.0
454,-2.107,-0.713,1.497,-0.000,-0.012,0.004,22.0
455,-2.103,-0.711,1.497,-0.000,-0.012,0.004,22.0
456,-2.100,-0.710,1.497,-0.000,-0.012,0.005,22.0
457,-2.097,-0.709,1.497,-0.000,-0.012,0.005,22.0
458,-2.095,-0.708,1.497,-0.000,-0.012,0.005,22.0
459,-2.092,-0.707,1.497,-0.000,-0.012,0.005,22.0
460,-2.089,-0.706,1.497,-0.000,-0.011,0.005,22.0
461,-2.086,-0.704,1.497,-0.000,-0.011,0.005,22.0
462,-2.083,-0.703,1.497,-0.000,-0.012,0.005,22.0
463,-2.080,-0.702,1.497,-0.000,-0.012,0.005,22.0
464,-2.078,-0.701,1.497,-0.000,-0.012,0.005,22.0
465,-2.075,-0.700,1.497,-0.000,-0.012,0.005,22.0
466,-2.072,-0.699,1.497,-0.000,-0.012,0.005,22.0
467,-2.070,-0.698,1.497,-0.000,-0.012,0.005,22.0
468,-2.067,-0.697,1.497,-0.000,-0.011,0.005,22.0
469,-2.064,-0.696,1.497,-0.000,-0.011,0.005,22.0
470,-2.062,-0.695,1.497,-0.000,-0.011,0.004,22.0
471,-2.059,-0.694,1.497,-0.000,-0.011,0.004,22.0
472,-2.057,-0.693,1.497,-0.000,-0.011,0.004,22.0
473,-2.055,-0.692,1.497,-0.000,-0.011,0.004,22.0
474,-2.052,-0.691,1.497,-0.000,-0.011,0.004,22.0
475,-2.050,-0.690,1.497,-0.000,-0.011,0.004,22.0
476,-2.048,-0.689,1.497,-0.000,-0.010,0.004,22.0
477,-2.045,-0.688,1.497,-0.000,-0.009,0.004,22.0
478,-2.043,-0.687,1.497,-0.000,-0.009,0.004,22.0
479,-2.041,-0.686,1.497,-0.000,-0.008,0.004,22.0
480,-2.039,-0.685,1.497,-0.000,-0.009,0.004,22.0
481,-2.036,-0.685,1.497,-0.000,-0.009,0.004,22.0
482,-2.034,-0.684,1.497,-0.000,-0.010,0.004,22.0
483,-2.032,-0.683,1.497,-0.000,-0.010,0.004,22.0
484,-2.030,-0.682,1.497,-0.000,-0.010,0.004,22.0
485,-2.028,-0.681,1.497,-0.000,-0.010,0.004,22.0
486,-2.026,-0.680,1.497,-0.000,-0.010,0.004,22.0
487,-2.024,-0.680,1.497,-0.000,-0.009,0.004,22.0
488,-2.022,-0.679,1.497,-0.000,-0.009,0.003,22.0
489,-2.020,-0.678,1.497,-0.000,-0.009,0.003,22.0
490,-2.018,-0.677,1.497,-0.000,-0.009,0.003,22.0
491,-2.016,-0.676,1.497,-0.000,-0.009,0.003,22.0
492,-2.014,-0.676,1.497,-0.000,-0.009,0.003,22.0
493,-2.012,-0.675,1.497,-0.000,-0.009,0.003,22.0
494,-2.011,-0.674,1.497,-0.000,-0.009,0.003,22.0
495,-2.009,-0.673,1.497,-0.000,-0.009,0.003,22.0
496,-2.007,-0.673,1.497,-0.000,-0.009,0.003,22.0
497,-2.005,-0.672,1.497,-0.000,-0.008,0.003,22.0
498,-2.004,-0.671,1.497,-0.000,-0.008,0.003,22.0
499,-2.002,-0.671,1.497,-0.000,-0.008,0.003,22.0
500,-2.000,-0.670,1.497,-0.000,-0.008,0.003,22.0
501,-1.999,-0.669,1.497,-0.000,-0.008,0.003,22.0
502,-1.997,-0.669,1.497,-0.000,-0.008,0.003,22.0
503,-1.995,-0.668,1.497,-0.000,-0.008,0.003,22.0
504,-1.994,-0.667,1.496,-0.000,-0.007,0.003,22.0
505,-1.992,-0.667,1.496,-0.000,-0.007,0.003,22.0
506,-1.991,-0.666,1.496,-0.000,-0.007,0.003,22.0
507,-1.989,-0.665,1.496,-0.000,-0.007,0.003,22.0
508,-1.988,-0.665,1.496,-0.000,-0.007,0.003,22.0
509,-1.986,-0.664,1.496,-0.000,-0.007,0.003,22.0
510,-1.985,-0.664,1.496,-0.000,-0.007,0.003,22.0
511,-1.983,-0.663,1.496,-0.000,-0.007,0.003,22.0
512,-1.982,-0.663,1.496,-0.000,-0.006,0.002,22.0
513,-1.981,-0.662,1.496,-0.000,-0.006,0.002,22.0
514,-1.979,-0.661,1.496,-0.000,-0.006,0.002,22.0
515,-1.978,-0.661,1.496,-0.000,-0.006,0.002,22.0
516,-1.977,-0.660,1.496,-0.000,-0.006,0.002,22.0
517,-1.975,-0.660,1.496,-0.000,-0.006,0.002,22.0
518,-1.974,-0.659,1.496,-0.000,-0.006,0.002,22.0
519,-1.973,-0.659,1.496,-0.000,-0.006,0.002,22.0
520,-1.972,-0.658,1.496,-0.000,-0.006,0.002,22.0
521,-1.970,-0.658,1.496,-0.000,-0.006,0.002,22.0
522,-1.969,-0.657,1.496,-0.000,-0.005,0.001,22.0
523,-1.968,-0.657,1.496,-0.000,-0.004,-0.000,22.0
524,-1.967,-0.656,1.496,-0.000,-0.004,-0.000,22.0
525,-1.966,-0.656,1.496,-0.000,-0.004,0.000,22.0
526,-1.964,-0.655,1.496,-0.000,-0.005,0.001,22.0
527,-1.963,-0.655,1.496,-0.000,-0.005,0.002,22.0
528,-1.962,-0.654,1.496,-0.000,-0.005,0.003,22.0
529,-1.961,-0.654,1.496,-0.000,-0.006,0.003,22.0
530,-1.960,-0.653,1.496,-0.000,-0.005,0.003,22.0
531,-1.959,-0.653,1.496,-0.000,-0.005,0.003,22.0
532,-1.958,-0.652,1.496,-0.000,-0.005,0.002,22.0
533,-1.957,-0.652,1.496,-0.000,-0.005,0.002,22.0
534,-1.956,-0.651,1.496,-0.000,-0.004,0.002,22.0
535,-1.955,-0.651,1.496,-0.000,-0.004,0.002,22.0
536,-1.954,-0.650,1.496,-0.000,-0.004,0.002,22.0
537,-1.953,-0.650,1.496,-0.000,-0.004,0.002,22.0
538,-1.952,-0.650,1.496,-0.000,-0.004,0.002,22.0
539,-1.951,-0.649,1.496,-0.000,-0.004,0.002,22.0
540,-1.950,-0.649,1.496,-0.000,-0.004,0.002,22.0
541,-1.949,-0.648,1.496,-0.000,-0.004,0.002,22.0
542,-1.948,-0.648,1.496,-0.000,-0.004,0.002,22.0
543,-1.947,-0.647,1.496,-0.000,-0.004,0.002,22.0
544,-1.946,-0.647,1.496,-0.000,-0.004,0.002,22.0
545,-1.945,-0.647,1.496,-0.000,-0.004,0.002,22.0
546,-1.944,-0.646,1.496,-0.000,-0.004,0.002,22.0
547,-1.943,-0.646,1.496,-0.000,-0.004,0.002,22.0
548,-1.942,-0.646,1.496,-0.000,-0.004,0.002,22.0
549,-1.942,-0.645,1.496,-0.000,-0.004,0.002,22.0
550,-1.941,-0.645,1.496,-0.000,-0.004,0.002,22.0
551,-1.940,-0.644,1.496,-0.000,-0.004,0.002,22.0
552,-1.939,-0.644,1.496,-0.000,-0.004,0.002,22.0
553,-1.938,-0.644,1.496,-0.000,-0.004,0.002,22.0
554,-1.938,-0.643,1.496,-0.000,-0.004,0.002,22.0
555,-1.937,-0.643,1.496,-0.000,-0.004,0.002,22.0
556,-1.936,-0.643,1.496,-0.000,-0.003,0.002,22.0
557,-1.935,-0.642,1.496,-0.000,-0.003,0.002,22.0
558,-1.935,-0.642,1.496,-0.000,-0.003,0.001,22.0
559,-1.934,-0.642,1.496,-0.000,-0.003,0.001,22.0
560,-1.933,-0.641,1.496,-0.000,-0.003,0.001,22.0
561,-1.932,-0.641,1.496,-0.000,-0.003,0.001,22.0
562,-1.932,-0.641,1.496,-0.000,-0.003,0.001,22.0
563,-1.931,-0.641,1.496,-0.000,-0.003,0.001,22.0
564,-1.930,-0.640,1.496,-0.000,-0.003,0.001,22.0
565,-1.930,-0.640,1.496,-0.000,-0.003,0.001,22.0
566,-1.929,-0.640,1.496,-0.000,-0.003,0.001,22.0
567,-1.928,-0.639,1.496,-0.000,-0.003,0.001,22.0
568,-1.928,-0.639,1.496,-0.000,-0.003,0.001,22.0
569,-1.927,-0.639,1.496,-0.000,-0.003,0.001,22.0
570,-1.926,-0.639,1.496,-0.000,-0.003,0.001,22.0
571,-1.926,-0.638,1.496,-0.000,-0.003,0.001,22.0
572,-1.925,-0.638,1.496,-0.000,-0.003,0.001,22.0
573,-1.925,-0.638,1.496,-0.000,-0.003,0.001,22.0
574,-1.924,-0.638,1.496,-0.000,-0.003,0.001,22.0
575,-1.923,-0.637,1.496,-0.000,-0.003,0.001,22.0
576,-1.923,-0.637,1.496,-0.000,-0.003,0.001,22.0
577,-1.922,-0.637,1.496,-0.000,-0.003,0.001,22.0
578,-1.922,-0.637,1.496,-0.000,-0.003,0.001,22.0
579,-1.921,-0.636,1.496,-0.000,-0.003,0.001,22.0
580,-1.921,-0.636,1.496,-0.000,-0.002,0.001,22.0
581,-1.920,-0.636,1.496,-0.000,-0.002,0.001,22.0
582,-1.919,-0.636,1.496,-0.000,-0.002,0.001,22.0
583,-1.919,-0.635,1.496,-0.000,-0.002,0.001,22.0
584,-1.918,-0.635,1.496,-0.000,-0.002,0.001,22.0
585,-1.918,-0.635,1.496,-0.000,-0.002,0.001,22.0
586,-1.917,-0.635,1.496,-0.000,-0.002,0.001,22.0
587,-1.917,-0.635,1.496,-0.000,-0.002,0.001,22.0
588,-1.916,-0.634,1.496,-0.000,-0.002,0.001,22.0
589,-1.916,-0.634,1.496,-0.000,-0.002,0.001,22.0
590,-1.915,-0.634,1.496,-0.000,-0.002,0.001,22.0
591,-1.915,-0.634,1.496,-0.000,-0.002,0.001,22.0
592,-1.914,-0.633,1.496,-0.000,-0.002,0.001,22.0
593,-1.914,-0.633,1.496,-0.000,-0.002,0.001,22.0
594,-1.914,-0.633,1.496,-0.000,-0.002,0.001,22.0
595,-1.913,-0.633,1.496,-0.000,-0.002,0.001,22.0
596,-1.913,-0.633,1.496,-0.000,-0.002,0.001,22.0
597,-1.912,-0.633,1.496,-0.000,-0.002,0.001,22.0
598,-1.912,-0.632,1.496,-0.000,-0.002,0.001,22.0
599,-1.911,-0.632,1.496,-0.000,-0.002,0.001,22.0
600,-1.911,-0.632,1.496,-0.000,-0.002,0.001,22.0
601,-1.911,-0.632,1.496,-0.000,-0.002,0.001,22.0
602,-1.910,-0.632,1.496,-0.000,-0.002,0.001,22.0
603,-1.910,-0.631,1.496,-0.000,-0.002,0.001,22.0
604,-1.909,-0.631,1.496,-0.000,-0.002,0.001,22.0
605,-1.909,-0.631,1.496,-0.000,-0.002,0.001,22.0
606,-1.909,-0.631,1.496,-0.000,-0.002,0.001,22.0
607,-1.908,-0.631,1.496,-0.000,-0.002,0.001,22.0
608,-1.908,-0.631,1.496,-0.000,-0.002,0.001,22.0
609,-1.907,-0.630,1.496,-0.000,-0.002,0.001,22.0
610,-1.907,-0.630,1.496,-0.000,-0.002,0.001,22.0
611,-1.907,-0.630,1.496,-0.000,-0.002,0.001,22.0
612,-1.906,-0.630,1.496,-0.000,-0.002,0.001,22.0
613,-1.906,-0.630,1.496,-0.000,-0.002,0.001,22.0
614,-1.906,-0.630,1.496,-0.000,-0.002,0.001,22.0
615,-1.905,-0.630,1.496,-0.000,-0.002,0.001,22.0
616,-1.905,-0.629,1.496,-0.000,-0.001,0.001,22.0
617,-1.905,-0.629,1.496,-0.000,-0.001,0.001,22.0
618,-1.904,-0.629,1.496,-0.000,-0.001,0.001,22.0
619,-1.904,-0.629,1.496,-0.000,-0.001,0.001,22.0
620,-1.904,-0.629,1.496,-0.000,-0.001,0.001,22.0
621,-1.903,-0.629,1.496,-0.000,-0.001,0.001,22.0
622,-1.903,-0.629,1.496,-0.000,-0.001,0.001,22.0
623,-1.903,-0.629,1.496,-0.000,-0.001,0.001,22.0
624,-1.903,-0.628,1.496,-0.000,-0.001,0.001,22.0
625,-1.902,-0.628,1.496,-0.000,-0.001,0.001,22.0
626,-1.902,-0.628,1.496,-0.000,-0.001,0.001,22.0
627,-1.902,-0.628,1.496,-0.000,-0.001,0.000,33.0
628,-1.901,-0.628,1.496,-0.000,-0.001,0.001,33.0
629,-1.901,-0.628,1.496,-0.000,-0.001,0.000,33.0
630,-1.901,-0.628,1.496,-0.000,0.001,-0.001,33.0
631,-1.901,-0.628,1.496,-0.000,0.001,-0.000,33.0
632,-1.900,-0.627,1.496,-0.000,0.001,-0.000,33.0
633,-1.900,-0.627,1.496,-0.000,0.001,-0.000,33.0
634,-1.900,-0.627,1.496,-0.000,0.002,0.001,33.0
635,-1.899,-0.627,1.496,-0.000,0.004,0.002,33.0
636,-1.899,-0.627,1.496,-0.000,0.010,0.003,33.0
637,-1.899,-0.627,1.496,-0.000,0.016,0.004,33.0
638,-1.898,-0.627,1.496,-0.000,0.020,0.003,33.0
639,-1.898,-0.627,1.496,-0.000,0.018,0.003,33.0
640,-1.897,-0.627,1.496,-0.000,0.012,0.001,33.0
641,-1.897,-0.627,1.496,-0.000,0.003,0.000,33.0
642,-1.896,-0.626,1.496,-0.000,-0.006,-0.001,33.0
643,-1.896,-0.626,1.496,-0.000,-0.011,-0.001,33.0
644,-1.895,-0.626,1.496,-0.000,-0.012,-0.001,33.0
645,-1.895,-0.626,1.496,-0.000,-0.010,-0.001,33.0
646,-1.894,-0.626,1.496,-0.000,-0.007,-0.000,33.0
647,-1.894,-0.626,1.496,-0.000,-0.005,0.000,33.0
648,-1.893,-0.626,1.496,-0.000,-0.003,0.000,33.0
649,-1.893,-0.626,1.496,-0.000,-0.004,0.000,33.0
650,-1.892,-0.626,1.496,-0.000,-0.004,-0.000,33.0
651,-1.892,-0.626,1.496,-0.000,-0.005,-0.000,33.0
652,-1.892,-0.626,1.496,-0.000,-0.006,-0.001,33.0
653,-1.891,-0.626,1.496,-0.000,-0.006,-0.001,33.0
654,-1.891,-0.625,1.496,-0.000,-0.005,-0.000,33.0
655,-1.891,-0.625,1.496,-0.000,-0.004,0.000,33.0
656,-1.890,-0.625,1.496,-0.000,-0.002,0.001,33.0
657,-1.890,-0.625,1.496,-0.000,0.000,0.001,33.0
658,-1.890,-0.625,1.496,-0.000,0.001,0.001,33.0
659,-1.889,-0.625,1.496,-0.000,0.002,0.001,33.0
660,-1.889,-0.625,1.496,-0.000,0.002,0.001,33.0
661,-1.889,-0.625,1.496,-0.000,0.002,0.001,33.0
662,-1.888,-0.625,1.496,-0.000,0.001,-0.000,33.0
663,-1.888,-0.625,1.496,-0.000,0.002,-0.000,33.0
664,-1.888,-0.625,1.496,-0.000,0.003,-0.000,33.0
665,-1.887,-0.625,1.496,-0.000,0.005,0.000,33.0
666,-1.887,-0.624,1.496,-0.000,0.007,0.001,33.0
667,-1.887,-0.624,1.496,-0.000,0.008,0.001,33.0
668,-1.886,-0.624,1.496,-0.000,0.008,0.001,33.0
669,-1.886,-0.624,1.496,-0.000,0.005,0.001,33.0
670,-1.885,-0.624,1.496,-0.000,-0.001,0.001,33.0
671,-1.885,-0.624,1.496,-0.000,-0.009,0.000,33.0
672,-1.885,-0.624,1.496,-0.000,-0.018,-0.000,33.0
673,-1.884,-0.624,1.496,-0.000,-0.026,-0.000,33.0
674,-1.884,-0.624,1.496,-0.000,-0.032,0.003,33.0
675,-1.884,-0.624,1.496,-0.000,-0.039,-0.001,33.0
676,-1.884,-0.624,1.496,-0.000,-0.041,-0.004,33.0
677,-1.884,-0.624,1.496,-0.000,-0.035,-0.007,33.0
678,-1.884,-0.624,1.496,-0.000,-0.023,-0.006,33.0
679,-1.884,-0.624,1.496,-0.000,-0.009,-0.004,33.0
680,-1.885,-0.623,1.496,-0.000,0.004,-0.002,33.0
681,-1.885,-0.623,1.496,-0.000,0.012,0.001,33.0
682,-1.885,-0.623,1.496,-0.000,0.014,0.003,33.0
683,-1.885,-0.623,1.496,-0.000,0.012,0.003,33.0
684,-1.886,-0.623,1.496,-0.000,0.008,0.003,33.0
685,-1.886,-0.623,1.496,-0.000,0.003,0.002,33.0
686,-1.886,-0.623,1.496,-0.000,-0.000,0.001,33.0
687,-1.886,-0.623,1.496,-0.000,-0.002,0.000,33.0
688,-1.886,-0.623,1.496,-0.000,-0.002,-0.000,33.0
689,-1.887,-0.622,1.496,-0.000,-0.000,-0.000,33.0
690,-1.887,-0.622,1.496,-0.000,0.002,0.000,33.0
691,-1.887,-0.622,1.496,-0.000,0.003,0.000,33.0
692,-1.887,-0.622,1.496,-0.000,0.004,0.001,33.0
693,-1.887,-0.622,1.496,-0.000,0.004,0.001,33.0
694,-1.887,-0.622,1.496,-0.000,0.004,0.001,33.0
695,-1.887,-0.622,1.496,-0.000,0.003,0.001,33.0
696,-1.888,-0.622,1.496,-0.000,0.007,0.004,33.0
697,-1.888,-0.622,1.496,-0.000,0.009,0.007,33.0
698,-1.888,-0.622,1.496,-0.000,0.008,0.007,33.0
699,-1.888,-0.622,1.496,-0.000,0.006,0.005,33.0
700,-1.888,-0.622,1.496,-0.000,0.003,0.003,33.0
701,-1.888,-0.622,1.496,-0.000,0.000,0.000,33.0
702,-1.888,-0.622,1.496,-0.000,-0.002,-0.001,33.0
703,-1.888,-0.622,1.496,-0.000,-0.002,-0.002,33.0
704,-1.888,-0.622,1.496,-0.000,-0.002,-0.002,33.0
705,-1.888,-0.622,1.496,-0.000,-0.001,-0.001,33.0
706,-1.888,-0.622,1.496,-0.000,0.000,0.000,33.0
707,-1.888,-0.622,1.496,-0.000,0.001,0.001,33.0
708,-1.888,-0.622,1.496,-0.000,0.001,0.001,33.0
709,-1.888,-0.622,1.496,-0.000,0.007,-0.001,33.0
710,-1.888,-0.622,1.496,-0.000,0.011,-0.003,33.0
711,-1.888,-0.622,1.496,-0.000,0.012,-0.003,33.0
712,-1.888,-0.622,1.496,-0.000,0.009,-0.003,33.0
713,-1.887,-0.622,1.496,-0.000,0.005,-0.002,33.0
714,-1.887,-0.622,1.496,-0.000,0.001,-0.000,33.0
715,-1.887,-0.621,1.496,-0.000,-0.002,0.001,33.0
716,-1.887,-0.621,1.496,-0.000,-0.003,0.001,33.0
717,-1.887,-0.621,1.496,-0.000,-0.003,0.001,33.0
718,-1.887,-0.621,1.496,-0.000,-0.002,0.001,33.0
719,-1.887,-0.621,1.496,-0.000,-0.001,0.000,33.0
720,-1.887,-0.621,1.496,-0.000,0.000,-0.000,33.0
721,-1.886,-0.621,1.496,-0.000,-0.005,0.001,33.0
722,-1.886,-0.621,1.496,-0.000,-0.009,0.002,33.0
723,-1.886,-0.621,1.496,-0.000,-0.009,0.003,33.0
724,-1.886,-0.621,1.496,-0.000,-0.008,0.002,33.0
725,-1.886,-0.621,1.496,-0.000,-0.004,0.001,33.0
726,-1.886,-0.621,1.496,-0.000,-0.001,0.000,33.0
727,-1.886,-0.621,1.496,-0.000,0.001,-0.000,33.0
728,-1.886,-0.621,1.496,-0.000,0.003,-0.001,33.0
729,-1.886,-0.621,1.496,-0.000,0.002,-0.001,33.0
730,-1.886,-0.621,1.496,-0.000,0.001,-0.000,33.0
731,-1.886,-0.621,1.496,-0.000,0.000,-0.000,33.0
732,-1.886,-0.621,1.496,-0.000,-0.001,0.000,33.0
733,-1.886,-0.621,1.496,-0.000,-0.001,0.000,33.0
734,-1.886,-0.621,1.496,-0.000,-0.001,0.000,33.0
735,-1.886,-0.621,1.496,-0.000,-0.001,0.000,33.0
736,-1.886,-0.621,1.496,-0.000,-0.000,0.000,33.0
737,-1.886,-0.621,1.496,-0.000,0.000,-0.000,33.0
738,-1.886,-0.621,1.496,-0.000,0.000,-0.000,33.0
739,-1.886,-0.621,1.496,-0.000,0.000,-0.000,33.0
740,-1.886,-0.621,1.496,-0.000,0.000,-0.000,33.0
741,-1.886,-0.621,1.496,-0.000,0.000,-0.000,33.0
742,-1.886,-0.621,1.496,-0.000,-0.000,0.000,33.0
743,-1.886,-0.621,1.496,-0.000,-0.000,0.000,33.0
744,-1.886,-0.621,1.496,-0.000,-0.000,0.000,33.0
745,-1.886,-0.621,1.496,-0.000,-0.000,0.000,33.0
746,-1.886,-0.621,1.496,-0.000,-0.000,0.000,33.0
747,-1.886,-0.621,1.496,-0.000,-0.000,0.000,33.0
748,-1.886,-0.621,1.496,-0.000,0.000,-0.000,33.0
749,-1.886,-0.621,1.496,-0.000,0.000,-0.000,33.0
750,-1.886,-0.621,1.496,-0.000,0.000,-0.000,33.0
751,-1.886,-0.621,1.496,-0.000,0.000,-0.000,33.0
752,-1.886,-0.621,1.496,-0.000,0.000,-0.000,33.0
753,-1.886,-0.621,1.496,-0.000,-0.000,0.000,33.0
754,-1.886,-0.621,1.496,-0.000,-0.000,0.000,33.0
755,-1.886,-0.621,1.496,-0.000,-0.000,0.000,33.0
756,-1.886,-0.621,1.496,-0.000,-0.000,0.000,33.0
757,-1.886,-0.621,1.496,-0.000,-0.000,0.000,33.0
758,-1.886,-0.621,1.496,-0.000,-0.000,0.000,33.0
759,-1.886,-0.621,1.496,-0.000,0.000,-0.000,33.0
760,-1.886,-0.621,1.496,-0.000,0.000,-0.000,33.0
761,-1.886,-0.621,1.496,-0.000,0.000,-0.000,33.0
762,-1.886,-0.621,1.496,-0.000,0.000,-0.000,33.0
763,-1.886,-0.621,1.496,-0.000,0.000,-0.000,33.0
764,-1.886,-0.621,1.496,-0.000,-0.000,0.000,33.0
765,-1.886,-0.621,1.496,-0.000,-0.000,0.000,33.0
766,-1.886,-0.621,1.496,-0.000,-0.000,0.000,33.0
767,-1.886,-0.621,1.496,-0.000,-0.000,0.000,33.0
768,-1.886,-0.621,1.496,-0.000,-0.000,0.000,33.0
769,-1.886,-0.621,1.496,-0.000,0.000,-0.000,33.0
770,-1.886,-0.621,1.496,-0.000,0.000,-0.000,33.0
771,-1.886,-0.621,1.496,-0.000,0.000,-0.000,33.0
772,-1.886,-0.621,1.496,-0.000,0.000,-0.000,33.0
773,-1.886,-0.621,1.496,-0.000,0.000,-0.000,33.0
774,-1.886,-0.621,1.496,-0.000,-0.000,-0.000,33.0
775,-1.886,-0.621,1.496,-0.000,-0.000,0.000,33.0
776,-1.886,-0.621,1.496,-0.000,-0.000,0.000,33.0
777,-1.886,-0.621,1.496,-0.000,-0.000,0.000,44.0
778,-1.886,-0.621,1.496,-0.000,-0.202,0.083,44.0
779,-1.887,-0.622,1.496,-0.000,-0.334,0.138,44.0
780,-1.889,-0.622,1.496,-0.000,-0.349,0.142,44.0
781,-1.892,-0.623,1.496,-0.000,-0.270,0.106,44.0
782,-1.896,-0.625,1.496,-0.000,-0.146,0.050,44.0
783,-1.900,-0.627,1.496,-0.000,-0.023,-0.005,44.0
784,-1.905,-0.629,1.496,-0.000,0.062,-0.044,44.0
785,-1.909,-0.630,1.497,-0.000,0.096,-0.060,44.0
786,-1.913,-0.632,1.497,-0.000,0.084,-0.056,44.0
787,-1.917,-0.633,1.497,-0.000,0.044,-0.039,44.0
788,-1.921,-0.634,1.497,-0.000,-0.003,-0.016,44.0
789,-1.924,-0.635,1.497,-0.000,-0.038,0.003,44.0
790,-1.928,-0.636,1.497,-0.000,-0.054,0.017,44.0
791,-1.932,-0.637,1.497,-0.000,-0.050,0.023,44.0
792,-1.936,-0.639,1.497,-0.000,-0.031,0.022,44.0
793,-1.941,-0.640,1.497,-0.000,-0.009,0.016,44.0
794,-1.945,-0.641,1.497,-0.000,0.011,0.009,44.0
795,-1.949,-0.643,1.497,-0.000,0.022,0.003,44.0
796,-1.953,-0.644,1.498,-0.000,0.024,-0.000,44.0
797,-1.958,-0.645,1.498,-0.000,0.019,-0.001,44.0
798,-1.962,-0.647,1.498,-0.000,0.010,0.000,44.0
799,-1.966,-0.648,1.498,-0.000,0.002,0.003,44.0
800,-1.970,-0.650,1.498,-0.000,-0.004,0.005,44.0
801,-1.974,-0.651,1.498,-0.000,-0.006,0.006,44.0
802,-1.978,-0.653,1.498,-0.000,-0.004,0.006,44.0
803,-1.982,-0.654,1.498,-0.000,-0.001,0.005,44.0
804,-1.986,-0.656,1.498,-0.000,0.003,0.004,44.0
805,-1.991,-0.657,1.498,-0.000,0.005,0.002,44.0
806,-1.995,-0.659,1.498,-0.000,0.007,0.001,44.0
807,-1.999,-0.660,1.498,-0.000,0.014,0.018,44.0
808,-2.003,-0.662,1.498,-0.000,0.016,0.027,44.0
809,-2.007,-0.663,1.498,-0.000,0.014,0.025,44.0
810,-2.011,-0.665,1.498,-0.000,0.009,0.016,44.0
811,-2.015,-0.667,1.498,-0.000,0.002,0.004,44.0
812,-2.019,-0.669,1.498,-0.000,-0.003,-0.007,44.0
813,-2.023,-0.671,1.498,-0.000,-0.006,-0.015,44.0
814,-2.027,-0.672,1.498,-0.000,-0.006,-0.019,44.0
815,-2.031,-0.674,1.498,-0.000,-0.005,-0.018,44.0
816,-2.035,-0.676,1.499,-0.000,-0.003,-0.014,44.0
817,-2.039,-0.678,1.499,-0.000,-0.000,-0.009,44.0
818,-2.043,-0.679,1.499,-0.000,0.002,-0.003,44.0
819,-2.047,-0.681,1.499,-0.000,0.003,0.001,44.0
820,-2.052,-0.682,1.499,-0.000,0.004,0.003,44.0
821,-2.056,-0.684,1.499,-0.000,0.004,0.003,44.0
822,-2.060,-0.686,1.499,-0.000,0.003,0.002,44.0
823,-2.064,-0.687,1.499,-0.000,0.002,-0.000,44.0
824,-2.068,-0.689,1.499,-0.000,0.002,-0.002,44.0
825,-2.072,-0.690,1.499,-0.000,0.001,-0.003,44.0
826,-2.076,-0.692,1.499,-0.000,0.001,-0.002,44.0
827,-2.080,-0.694,1.499,-0.000,0.002,-0.002,44.0
828,-2.084,-0.695,1.499,-0.000,0.002,-0.001,44.0
829,-2.088,-0.697,1.500,-0.000,0.002,-0.001,44.0
830,-2.093,-0.698,1.500,-0.000,0.002,-0.001,44.0
831,-2.097,-0.700,1.500,-0.000,0.002,-0.001,44.0
832,-2.101,-0.702,1.500,-0.000,0.002,-0.001,44.0
833,-2.105,-0.703,1.500,-0.000,0.002,-0.001,44.0
834,-2.109,-0.705,1.500,-0.000,0.002,-0.001,44.0
835,-2.113,-0.707,1.500,-0.000,0.002,-0.000,44.0
836,-2.117,-0.708,1.500,-0.000,0.002,-0.000,44.0
837,-2.121,-0.710,1.500,-0.000,0.003,0.000,44.0
838,-2.125,-0.711,1.500,-0.000,0.003,0.000,44.0
839,-2.129,-0.713,1.500,-0.000,0.003,0.001,44.0
840,-2.133,-0.715,1.500,-0.000,0.003,0.001,44.0
841,-2.138,-0.716,1.500,-0.000,0.003,0.001,44.0
842,-2.142,-0.718,1.500,-0.000,0.003,0.001,44.0
843,-2.146,-0.720,1.500,-0.000,0.003,0.001,44.0
844,-2.150,-0.721,1.500,-0.000,0.003,0.001,44.0
845,-2.154,-0.723,1.500,-0.000,0.003,0.001,44.0
846,-2.158,-0.725,1.500,-0.000,0.003,0.001,44.0
847,-2.162,-0.726,1.500,-0.000,0.003,0.001,44.0
848,-2.166,-0.728,1.500,-0.000,0.003,0.001,44.0
849,-2.170,-0.730,1.500,-0.000,0.003,0.001,44.0
850,-2.174,-0.731,1.500,-0.000,0.003,0.001,44.0
851,-2.178,-0.733,1.500,-0.000,0.003,0.001,44.0
852,-2.182,-0.735,1.500,-0.000,0.003,0.001,44.0
853,-2.186,-0.736,1.500,-0.000,0.003,0.001,44.0
854,-2.190,-0.738,1.500,-0.000,0.003,0.000,44.0
855,-2.194,-0.740,1.500,-0.000,0.003,0.000,44.0
856,-2.199,-0.742,1.500,-0.000,0.003,0.000,44.0
857,-2.203,-0.743,1.500,-0.000,0.003,-0.000,44.0
858,-2.207,-0.745,1.500,-0.000,0.002,-0.000,44.0
859,-2.211,-0.747,1.500,-0.000,0.002,-0.000,44.0
860,-2.215,-0.749,1.500,-0.000,0.002,-0.000,44.0
861,-2.219,-0.750,1.500,-0.000,0.002,-0.000,44.0
862,-2.223,-0.752,1.500,-0.000,0.002,-0.001,44.0
863,-2.227,-0.754,1.500,-0.000,0.002,-0.001,44.0
864,-2.231,-0.756,1.500,-0.000,0.002,-0.001,44.0
865,-2.235,-0.757,1.500,-0.000,0.002,-0.001,44.0
866,-2.239,-0.759,1.500,-0.000,0.002,-0.001,44.0
867,-2.243,-0.761,1.500,-0.000,0.002,-0.001,44.0
868,-2.247,-0.763,1.500,-0.000,0.002,-0.001,44.0
869,-2.251,-0.764,1.500,-0.000,0.002,-0.001,44.0
870,-2.255,-0.766,1.500,-0.000,0.002,-0.001,44.0
871,-2.259,-0.768,1.500,-0.000,0.002,-0.001,44.0
872,-2.263,-0.770,1.500,-0.000,0.002,-0.001,44.0
873,-2.267,-0.771,1.500,-0.000,0.002,-0.001,44.0
874,-2.271,-0.773,1.500,-0.000,0.002,-0.001,44.0
875,-2.275,-0.775,1.500,-0.000,0.002,-0.001,44.0
876,-2.279,-0.777,1.500,-0.000,0.002,-0.001,44.0
877,-2.283,-0.778,1.500,-0.000,0.002,-0.001,44.0
878,-2.287,-0.780,1.500,-0.000,0.002,-0.001,44.0
879,-2.291,-0.782,1.500,-0.000,0.002,-0.001,44.0
880,-2.296,-0.784,1.500,-0.000,0.002,-0.001,44.0
881,-2.300,-0.785,1.500,-0.000,0.002,-0.001,44.0
882,-2.304,-0.787,1.500,-0.000,0.002,-0.001,44.0
883,-2.308,-0.789,1.500,-0.000,0.002,-0.001,44.0
884,-2.312,-0.791,1.500,-0.000,0.002,-0.001,44.0
885,-2.316,-0.792,1.500,-0.000,0.002,-0.001,44.0
886,-2.320,-0.794,1.500,-0.000,0.002,-0.001,44.0
887,-2.324,-0.796,1.500,-0.000,0.002,-0.001,44.0
888,-2.328,-0.798,1.500,-0.000,0.002,-0.001,44.0
889,-2.332,-0.799,1.500,-0.000,0.002,-0.002,44.0
890,-2.336,-0.801,1.500,-0.000,0.002,-0.002,44.0
891,-2.340,-0.803,1.500,-0.000,0.002,-0.002,44.0
892,-2.344,-0.805,1.500,-0.000,0.002,-0.002,44.0
893,-2.348,-0.806,1.500,-0.000,0.002,-0.001,44.0
894,-2.352,-0.808,1.500,-0.000,0.002,-0.001,44.0
895,-2.356,-0.810,1.500,-0.000,0.002,-0.001,44.0
896,-2.360,-0.812,1.500,-0.000,0.002,-0.001,44.0
897,-2.364,-0.813,1.500,-0.000,0.002,-0.001,44.0
898,-2.368,-0.815,1.500,-0.000,0.002,-0.001,44.0
899,-2.372,-0.817,1.500,-0.000,0.002,-0.001,44.0
900,-2.376,-0.819,1.500,-0.000,0.002,-0.001,44.0
901,-2.380,-0.820,1.500,-0.000,0.002,-0.001,44.0
902,-2.384,-0.822,1.500,-0.000,0.002,-0.001,44.0
903,-2.389,-0.824,1.500,-0.000,0.002,-0.001,44.0
904,-2.393,-0.825,1.500,-0.000,0.002,-0.001,44.0
905,-2.397,-0.827,1.500,-0.000,0.002,-0.001,44.0
906,-2.401,-0.829,1.500,-0.000,0.002,-0.001,44.0
907,-2.405,-0.831,1.500,-0.000,0.002,-0.001,44.0
908,-2.409,-0.832,1.500,-0.000,0.002,-0.001,44.0
909,-2.413,-0.834,1.500,-0.000,0.002,-0.001,44.0
910,-2.417,-0.836,1.500,-0.000,0.002,-0.001,44.0
911,-2.421,-0.838,1.500,-0.000,0.002,-0.001,44.0
912,-2.425,-0.839,1.500,-0.000,0.002,-0.001,44.0
913,-2.429,-0.841,1.500,-0.000,0.002,-0.001,44.0
914,-2.433,-0.843,1.500,-0.000,0.002,-0.001,44.0
915,-2.437,-0.845,1.500,-0.000,0.002,-0.001,44.0
916,-2.441,-0.846,1.500,-0.000,0.002,-0.001,44.0
917,-2.445,-0.848,1.500,-0.000,0.002,-0.001,44.0
918,-2.449,-0.850,1.500,-0.000,0.002,-0.001,44.0
919,-2.453,-0.851,1.500,-0.000,0.002,-0.001,44.0
920,-2.457,-0.853,1.500,-0.000,0.002,-0.001,44.0
921,-2.461,-0.855,1.500,-0.000,0.002,-0.001,44.0
922,-2.465,-0.857,1.500,-0.000,0.002,-0.001,44.0
923,-2.469,-0.858,1.500,-0.000,0.002,-0.001,44.0
924,-2.474,-0.860,1.500,-0.000,0.002,-0.001,44.0
925,-2.478,-0.862,1.500,-0.000,0.002,-0.001,44.0
926,-2.482,-0.864,1.500,-0.000,0.002,-0.001,44.0
927,-2.486,-0.865,1.500,-0.000,0.004,-0.002,44.0
928,-2.490,-0.867,1.500,-0.000,0.008,-0.003,44.0
929,-2.494,-0.869,1.500,-0.000,0.012,-0.005,44.0
930,-2.498,-0.871,1.500,-0.000,0.016,-0.007,44.0
931,-2.502,-0.872,1.500,-0.000,0.018,-0.008,44.0
932,-2.506,-0.874,1.500,-0.000,0.018,-0.008,44.0
933,-2.509,-0.876,1.500,-0.000,0.018,-0.008,44.0
934,-2.513,-0.877,1.500,-0.000,0.016,-0.007,44.0
935,-2.517,-0.879,1.500,-0.000,0.015,-0.006,44.0
936,-2.521,-0.880,1.500,-0.000,0.014,-0.006,44.0
937,-2.524,-0.882,1.500,-0.000,0.014,-0.006,44.0
938,-2.528,-0.883,1.500,-0.000,0.014,-0.006,44.0
939,-2.531,-0.885,1.500,-0.000,0.014,-0.006,44.0
940,-2.535,-0.886,1.500,-0.000,0.015,-0.006,44.0
941,-2.538,-0.888,1.500,-0.000,0.015,-0.006,44.0
942,-2.542,-0.889,1.500,-0.000,0.015,-0.007,44.0
943,-2.545,-0.891,1.500,-0.000,0.015,-0.006,44.0
944,-2.549,-0.892,1.500,-0.000,0.015,-0.006,44.0
945,-2.552,-0.894,1.500,-0.000,0.014,-0.006,44.0
946,-2.555,-0.895,1.500,-0.000,0.014,-0.006,44.0
947,-2.558,-0.896,1.500,-0.000,0.014,-0.006,44.0
948,-2.561,-0.898,1.500,-0.000,0.013,-0.006,44.0
949,-2.565,-0.899,1.500,-0.000,0.013,-0.006,44.0
950,-2.568,-0.901,1.500,-0.000,0.013,-0.006,44.0
951,-2.571,-0.902,1.499,-0.000,0.013,-0.006,44.0
952,-2.574,-0.903,1.499,-0.000,0.013,-0.006,44.0
953,-2.577,-0.904,1.499,-0.000,0.013,-0.006,44.0
954,-2.580,-0.906,1.499,-0.000,0.013,-0.005,44.0
955,-2.582,-0.907,1.499,-0.000,0.012,-0.005,44.0
956,-2.585,-0.908,1.499,-0.000,0.012,-0.005,44.0
957,-2.588,-0.909,1.499,-0.000,0.012,-0.005,44.0
958,-2.591,-0.910,1.499,-0.000,0.012,-0.005,44.0
959,-2.594,-0.912,1.499,-0.000,0.012,-0.005,44.0
960,-2.596,-0.913,1.499,-0.000,0.012,-0.005,44.0
961,-2.599,-0.914,1.499,-0.000,0.011,-0.005,44.0
962,-2.602,-0.915,1.499,-0.000,0.011,-0.005,44.0
963,-2.604,-0.916,1.499,-0.000,0.011,-0.005,44.0
964,-2.607,-0.917,1.499,-0.000,0.011,-0.005,44.0
965,-2.609,-0.918,1.499,-0.000,0.011,-0.005,44.0
966,-2.612,-0.919,1.499,-0.000,0.011,-0.005,44.0
967,-2.614,-0.921,1.499,-0.000,0.011,-0.005,44.0
968,-2.617,-0.922,1.499,-0.000,0.010,-0.004,44.0
969,-2.619,-0.923,1.499,-0.000,0.010,-0.004,44.0
970,-2.621,-0.924,1.499,-0.000,0.010,-0.004,44.0
971,-2.624,-0.925,1.499,-0.000,0.010,-0.004,44.0
972,-2.626,-0.926,1.499,-0.000,0.010,-0.004,44.0
973,-2.628,-0.927,1.499,-0.000,0.010,-0.004,44.0
974,-2.631,-0.928,1.499,-0.000,0.010,-0.004,44.0
975,-2.633,-0.928,1.499,-0.000,0.010,-0.004,44.0
976,-2.635,-0.929,1.499,-0.000,0.009,-0.004,44.0
977,-2.637,-0.930,1.499,-0.000,0.009,-0.004,44.0
978,-2.639,-0.931,1.499,-0.000,0.009,-0.004,44.0
979,-2.641,-0.932,1.499,-0.000,0.009,-0.004,44.0
980,-2.644,-0.933,1.499,-0.000,0.009,-0.004,44.0
981,-2.646,-0.934,1.499,-0.000,0.009,-0.004,44.0
982,-2.648,-0.935,1.499,-0.000,0.009,-0.004,44.0
983,-2.650,-0.936,1.499,-0.000,0.009,-0.004,44.0
984,-2.652,-0.937,1.499,-0.000,0.008,-0.004,44.0
985,-2.654,-0.937,1.499,-0.000,0.008,-0.004,44.0
986,-2.655,-0.938,1.499,-0.000,0.008,-0.004,44.0
987,-2.657,-0.939,1.499,-0.000,0.008,-0.004,44.0
988,-2.659,-0.940,1.499,-0.000,0.008,-0.003,44.0
989,-2.661,-0.941,1.499,-0.000,0.008,-0.003,44.0
990,-2.663,-0.941,1.499,-0.000,0.008,-0.003,44.0
991,-2.665,-0.942,1.499,-0.000,0.008,-0.003,44.0
992,-2.666,-0.943,1.499,-0.000,0.008,-0.003,44.0
993,-2.668,-0.944,1.499,-0.000,0.008,-0.003,44.0
994,-2.670,-0.944,1.499,-0.000,0.007,-0.003,44.0
995,-2.672,-0.945,1.499,-0.000,0.007,-0.003,44.0
996,-2.673,-0.946,1.499,-0.000,0.007,-0.003,44.0
997,-2.675,-0.947,1.499,-0.000,0.007,-0.003,44.0
998,-2.677,-0.947,1.499,-0.000,0.007,-0.003,44.0
999,-2.678,-0.948,1.499,-0.000,0.007,-0.003,44.0
1000,-2.680,-0.949,1.499,-0.000,0.007,-0.003,44.0
1001,-2.681,-0.949,1.499,-0.000,0.007,-0.003,44.0
1002,-2.683,-0.950,1.499,-0.000,0.007,-0.003,44.0
1003,-2.684,-0.951,1.499,-0.000,0.007,-0.003,44.0
1004,-2.686,-0.951,1.499,-0.000,0.007,-0.003,44.0
1005,-2.687,-0.952,1.499,-0.000,0.006,-0.003,44.0
1006,-2.689,-0.953,1.499,-0.000,0.006,-0.003,44.0
1007,-2.690,-0.953,1.499,-0.000,0.006,-0.003,44.0
1008,-2.692,-0.954,1.499,-0.000,0.006,-0.003,44.0
1009,-2.693,-0.954,1.499,-0.000,0.006,-0.003,44.0
1010,-2.695,-0.955,1.499,-0.000,0.006,-0.003,44.0
1011,-2.696,-0.956,1.499,-0.000,0.006,-0.003,44.0
1012,-2.697,-0.956,1.499,-0.000,0.006,-0.003,44.0
1013,-2.699,-0.957,1.499,-0.000,0.006,-0.002,44.0
1014,-2.700,-0.957,1.499,-0.000,0.006,-0.002,44.0
1015,-2.701,-0.958,1.499,-0.000,0.006,-0.002,44.0
1016,-2.703,-0.958,1.499,-0.000,0.006,-0.002,44.0
1017,-2.704,-0.959,1.499,-0.000,0.005,-0.002,44.0
1018,-2.705,-0.960,1.499,-0.000,0.005,-0.002,44.0
1019,-2.706,-0.960,1.499,-0.000,0.005,-0.002,44.0
1020,-2.708,-0.961,1.499,-0.000,0.005,-0.002,44.0
1021,-2.709,-0.961,1.499,-0.000,0.005,-0.002,44.0
1022,-2.710,-0.962,1.499,-0.000,0.005,-0.002,44.0
1023,-2.711,-0.962,1.499,-0.000,0.005,-0.002,44.0
1024,-2.712,-0.963,1.499,-0.000,0.005,-0.002,44.0
1025,-2.714,-0.963,1.499,-0.000,0.005,-0.002,44.0
1026,-2.715,-0.964,1.499,-0.000,0.005,-0.002,44.0
1027,-2.716,-0.964,1.499,-0.000,0.005,-0.002,7.0
1028,-2.717,-0.965,1.499,-0.000,0.005,-0.002,7.0
1029,-2.718,-0.965,1.499,-0.000,0.005,-0.002,7.0
1030,-2.719,-0.965,1.499,-0.000,0.005,-0.002,7.0
1031,-2.720,-0.966,1.499,-0.000,0.005,-0.002,7.0
1032,-2.721,-0.966,1.499,-0.000,0.005,-0.002,7.0
1033,-2.722,-0.967,1.499,-0.000,0.004,-0.001,7.0
1034,-2.723,-0.967,1.499,-0.000,0.005,-0.002,7.0
1035,-2.724,-0.968,1.499,-0.000,0.008,-0.003,7.0
1036,-2.725,-0.968,1.499,-0.000,0.014,-0.007,7.0
1037,-2.726,-0.969,1.499,-0.000,0.023,-0.013,7.0
1038,-2.727,-0.969,1.499,-0.000,0.029,-0.019,7.0
1039,-2.728,-0.969,1.499,-0.000,0.022,-0.013,7.0
1040,-2.729,-0.969,1.499,-0.000,0.015,-0.008,7.0
1041,-2.729,-0.970,1.499,-0.000,0.009,-0.003,7.0
1042,-2.730,-0.970,1.499,-0.000,0.004,-0.000,7.0
1043,-2.730,-0.970,1.499,-0.000,0.000,0.001,7.0
1044,-2.731,-0.970,1.499,-0.000,-0.001,0.002,7.0
1045,-2.732,-0.971,1.499,-0.000,-0.002,0.002,7.0
1046,-2.732,-0.971,1.499,-0.000,-0.001,0.002,7.0
1047,-2.733,-0.971,1.499,-0.000,-0.000,0.001,7.0
1048,-2.733,-0.971,1.499,-0.000,0.001,0.001,7.0
1049,-2.734,-0.971,1.499,-0.000,0.001,0.000,7.0
1050,-2.735,-0.972,1.499,-0.000,0.001,0.000,7.0
1051,-2.735,-0.972,1.499,-0.000,0.001,0.001,7.0
1052,-2.736,-0.972,1.499,-0.000,0.000,0.001,7.0
1053,-2.736,-0.972,1.499,-0.000,0.000,0.001,7.0
1054,-2.737,-0.973,1.499,-0.000,-0.000,0.001,7.0
1055,-2.738,-0.973,1.499,-0.000,0.000,0.001,7.0
1056,-2.738,-0.973,1.499,-0.000,0.000,0.001,7.0
1057,-2.739,-0.973,1.499,-0.000,0.000,0.001,7.0
1058,-2.739,-0.974,1.499,-0.000,0.000,0.001,7.0
1059,-2.740,-0.974,1.499,-0.000,0.000,0.000,7.0
1060,-2.741,-0.974,1.499,-0.000,0.000,0.000,7.0
1061,-2.741,-0.975,1.499,-0.000,0.000,0.000,7.0
1062,-2.742,-0.975,1.499,-0.000,-0.000,0.001,7.0
1063,-2.742,-0.975,1.499,-0.000,-0.001,0.001,7.0
1064,-2.743,-0.975,1.499,-0.000,-0.001,0.001,7.0
1065,-2.744,-0.976,1.499,-0.000,-0.001,0.002,7.0
1066,-2.744,-0.976,1.499,-0.000,-0.001,0.002,7.0
1067,-2.745,-0.976,1.499,-0.000,-0.001,0.002,7.0
1068,-2.745,-0.977,1.499,-0.000,-0.002,0.002,7.0
1069,-2.746,-0.977,1.499,-0.000,-0.002,0.003,7.0
1070,-2.747,-0.977,1.499,-0.000,-0.002,0.003,7.0
1071,-2.747,-0.978,1.499,-0.000,-0.002,0.003,7.0
1072,-2.748,-0.978,1.499,-0.000,-0.002,0.002,7.0
1073,-2.749,-0.978,1.499,-0.000,-0.000,0.002,7.0
1074,-2.749,-0.979,1.499,-0.000,0.001,0.000,7.0
1075,-2.750,-0.979,1.499,-0.000,0.002,-0.000,7.0
1076,-2.751,-0.979,1.499,-0.000,0.002,-0.001,7.0
1077,-2.751,-0.980,1.499,-0.000,0.002,-0.001,7.0
1078,-2.752,-0.980,1.499,-0.000,0.001,-0.000,7.0
1079,-2.753,-0.980,1.499,-0.000,0.001,-0.000,7.0
1080,-2.753,-0.981,1.499,-0.000,0.001,-0.000,7.0
1081,-2.754,-0.981,1.499,-0.000,0.001,-0.000,7.0
1082,-2.755,-0.982,1.499,-0.000,0.002,-0.001,7.0
1083,-2.755,-0.982,1.499,-0.000,0.002,-0.001,7.0
1084,-2.756,-0.982,1.499,-0.000,0.002,-0.001,7.0
1085,-2.756,-0.983,1.499,-0.000,0.002,-0.007,7.0
1086,-2.757,-0.983,1.499,-0.000,0.002,-0.010,7.0
1087,-2.758,-0.983,1.499,-0.000,0.002,-0.011,7.0
1088,-2.758,-0.984,1.499,-0.000,0.003,-0.008,7.0
1089,-2.759,-0.984,1.499,-0.000,0.003,-0.005,7.0
1090,-2.760,-0.984,1.499,-0.000,0.004,-0.001,7.0
1091,-2.760,-0.984,1.499,-0.000,0.004,0.001,7.0
1092,-2.761,-0.984,1.499,-0.000,0.004,0.002,7.0
1093,-2.761,-0.985,1.499,-0.000,0.004,0.002,7.0
1094,-2.762,-0.985,1.499,-0.000,0.003,0.001,7.0
1095,-2.762,-0.985,1.499,-0.000,0.003,-0.001,7.0
1096,-2.763,-0.985,1.499,-0.000,0.003,-0.002,7.0
1097,-2.763,-0.986,1.499,-0.000,0.003,-0.002,7.0
1098,-2.764,-0.986,1.499,-0.000,0.003,-0.002,7.0
1099,-2.764,-0.986,1.499,-0.000,0.003,-0.002,7.0
1100,-2.765,-0.986,1.499,-0.000,0.003,-0.001,7.0
1101,-2.765,-0.986,1.499,-0.000,0.003,-0.001,7.0
1102,-2.766,-0.987,1.499,-0.000,0.003,-0.000,7.0
1103,-2.766,-0.987,1.499,-0.000,0.003,-0.000,7.0
1104,-2.767,-0.987,1.499,-0.000,0.003,-0.000,7.0
1105,-2.767,-0.987,1.499,-0.000,0.002,-0.001,7.0
1106,-2.768,-0.987,1.499,-0.000,0.002,-0.001,7.0
1107,-2.768,-0.988,1.499,-0.000,0.002,-0.001,7.0
1108,-2.769,-0.988,1.499,-0.000,0.002,-0.001,7.0
1109,-2.769,-0.988,1.499,-0.000,0.002,-0.001,7.0
1110,-2.769,-0.988,1.499,-0.000,0.002,-0.001,7.0
1111,-2.770,-0.988,1.499,-0.000,0.002,0.001,7.0
1112,-2.770,-0.988,1.499,-0.000,0.003,0.002,7.0
1113,-2.771,-0.989,1.499,-0.000,0.003,0.002,7.0
1114,-2.771,-0.989,1.499,-0.000,0.002,0.001,7.0
1115,-2.771,-0.989,1.499,-0.000,0.002,0.000,7.0
1116,-2.772,-0.989,1.499,-0.000,0.002,-0.001,7.0
1117,-2.772,-0.989,1.499,-0.000,0.002,-0.002,7.0
1118,-2.772,-0.990,1.499,-0.000,0.001,-0.002,7.0
1119,-2.773,-0.990,1.499,-0.000,0.001,-0.002,7.0
1120,-2.773,-0.990,1.499,-0.000,0.001,-0.001,7.0
1121,-2.773,-0.990,1.499,-0.000,0.002,-0.001,7.0
1122,-2.774,-0.990,1.499,-0.000,0.002,-0.001,7.0
1123,-2.774,-0.991,1.499,-0.000,0.002,-0.000,7.0
1124,-2.774,-0.991,1.499,-0.000,0.002,-0.000,7.0
1125,-2.775,-0.991,1.499,-0.000,0.002,-0.001,7.0
1126,-2.775,-0.991,1.499,-0.000,0.001,-0.001,7.0
1127,-2.775,-0.991,1.499,-0.000,0.001,-0.001,7.0
1128,-2.776,-0.991,1.499,-0.000,0.001,-0.001,7.0
1129,-2.776,-0.992,1.499,-0.000,0.001,-0.001,7.0
1130,-2.776,-0.992,1.499,-0.000,0.001,-0.001,7.0
1131,-2.777,-0.992,1.499,-0.000,0.001,-0.001,7.0
1132,-2.777,-0.992,1.499,-0.000,0.001,-0.001,7.0
1133,-2.777,-0.992,1.499,-0.000,0.001,-0.001,7.0
1134,-2.778,-0.992,1.499,-0.000,0.001,-0.001,7.0
1135,-2.778,-0.992,1.499,-0.000,0.002,-0.001,7.0
1136,-2.778,-0.993,1.499,-0.000,0.002,-0.000,7.0
1137,-2.778,-0.993,1.499,-0.000,0.002,-0.000,7.0
1138,-2.779,-0.993,1.499,-0.000,0.001,-0.001,7.0
1139,-2.779,-0.993,1.499,-0.000,0.001,-0.001,7.0
1140,-2.779,-0.993,1.499,-0.000,0.001,-0.001,7.0
1141,-2.779,-0.993,1.499,-0.000,0.001,-0.001,7.0
1142,-2.780,-0.993,1.499,-0.000,0.001,-0.001,7.0
1143,-2.780,-0.994,1.499,-0.000,0.001,-0.001,7.0
1144,-2.780,-0.994,1.499,-0.000,0.001,-0.001,7.0
1145,-2.780,-0.994,1.499,-0.000,0.001,-0.001,7.0
1146,-2.781,-0.994,1.499,-0.000,0.001,-0.001,7.0
1147,-2.781,-0.994,1.499,-0.000,0.001,-0.001,7.0
1148,-2.781,-0.994,1.499,-0.000,0.001,-0.001,7.0
1149,-2.781,-0.994,1.499,-0.000,0.001,-0.001,7.0
1150,-2.782,-0.994,1.499,-0.000,0.001,-0.001,7.0
1151,-2.782,-0.994,1.499,-0.000,0.001,-0.001,7.0
1152,-2.782,-0.995,1.499,-0.000,0.001,-0.001,7.0
1153,-2.782,-0.995,1.499,-0.000,0.001,-0.001,7.0
1154,-2.783,-0.995,1.499,-0.000,0.001,-0.001,7.0
1155,-2.783,-0.995,1.499,-0.000,0.001,-0.001,7.0
1156,-2.783,-0.995,1.499,-0.000,0.001,-0.001,7.0
1157,-2.783,-0.995,1.499,-0.000,0.001,-0.001,7.0
1158,-2.784,-0.995,1.499,-0.000,0.001,-0.001,7.0
1159,-2.784,-0.995,1.499,-0.000,0.001,-0.001,7.0
1160,-2.784,-0.995,1.499,-0.000,0.001,-0.000,7.0
1161,-2.784,-0.995,1.499,-0.000,0.001,-0.000,7.0
1162,-2.784,-0.996,1.499,-0.000,0.001,-0.000,7.0
1163,-2.785,-0.996,1.499,-0.000,0.001,-0.000,7.0
1164,-2.785,-0.996,1.499,-0.000,0.001,-0.000,7.0
1165,-2.785,-0.996,1.499,-0.000,0.001,-0.000,7.0
1166,-2.785,-0.996,1.499,-0.000,0.001,-0.000,7.0
1167,-2.785,-0.996,1.499,-0.000,0.001,-0.000,7.0
1168,-2.786,-0.996,1.499,-0.000,0.001,-0.000,7.0
1169,-2.786,-0.996,1.499,-0.000,0.001,-0.000,7.0
1170,-2.786,-0.996,1.499,-0.000,0.001,-0.000,7.0
1171,-2.786,-0.996,1.499,-0.000,0.001,-0.000,7.0
1172,-2.786,-0.996,1.499,-0.000,0.001,-0.000,7.0
1173,-2.786,-0.996,1.499,-0.000,0.001,-0.000,7.0
1174,-2.787,-0.996,1.499,-0.000,0.001,-0.000,7.0
1175,-2.787,-0.997,1.499,-0.000,0.001,-0.000,7.0
1176,-2.787,-0.997,1.499,-0.000,0.001,-0.000,7.0
1177,-2.787,-0.997,1.499,-0.000,0.001,-0.000,7.0
1178,-2.787,-0.997,1.499,-0.000,0.001,-0.000,7.0
1179,-2.787,-0.997,1.499,-0.000,0.001,-0.000,7.0
1180,-2.788,-0.997,1.499,-0.000,0.001,-0.000,7.0
1181,-2.788,-0.997,1.499,-0.000,0.001,-0.000,7.0
1182,-2.788,-0.997,1.499,-0.000,0.001,-0.000,7.0
1183,-2.788,-0.997,1.499,-0.000,0.001,-0.000,7.0
1184,-2.788,-0.997,1.499,-0.000,0.001,-0.000,7.0
1185,-2.788,-0.997,1.499,-0.000,0.001,-0.000,7.0
1186,-2.789,-0.997,1.499,-0.000,0.001,-0.000,7.0
1187,-2.789,-0.997,1.499,-0.000,0.001,-0.000,7.0
1188,-2.789,-0.997,1.499,-0.000,0.001,-0.000,7.0
1189,-2.789,-0.997,1.499,-0.000,0.001,-0.000,7.0
1190,-2.789,-0.997,1.499,-0.000,0.001,-0.000,7.0
1191,-2.789,-0.998,1.499,-0.000,0.001,-0.000,7.0
1192,-2.789,-0.998,1.499,-0.000,0.001,-0.000,7.0
1193,-2.790,-0.998,1.499,-0.000,0.001,-0.000,7.0
1194,-2.790,-0.998,1.499,-0.000,0.001,-0.000,7.0
1195,-2.790,-0.998,1.499,-0.000,0.001,-0.000,7.0
1196,-2.790,-0.998,1.499,-0.000,0.001,-0.000,7.0
1197,-2.790,-0.998,1.499,-0.000,0.001,-0.000,7.0
1198,-2.790,-0.998,1.499,-0.000,0.001,-0.000,7.0
1199,-2.790,-0.998,1.499,-0.000,0.001,-0.000,7.0
1200,-2.790,-0.998,1.499,-0.000,0.001,-0.000,7.0
1201,-2.791,-0.998,1.499,-0.000,0.001,-0.000,7.0
1202,-2.791,-0.998,1.499,-0.000,0.006,-0.002,7.0
1203,-2.791,-0.998,1.499,-0.000,0.010,-0.004,7.0
1204,-2.791,-0.998,1.499,-0.000,0.010,-0.004,7.0
1205,-2.791,-0.998,1.499,-0.000,0.008,-0.003,7.0
1206,-2.791,-0.998,1.499,-0.000,0.004,-0.002,7.0
1207,-2.791,-0.998,1.499,-0.000,0.001,-0.000,7.0
1208,-2.791,-0.998,1.499,-0.000,-0.002,0.001,7.0
1209,-2.791,-0.998,1.499,-0.000,-0.003,0.001,7.0
1210,-2.791,-0.998,1.499,-0.000,-0.003,0.001,7.0
1211,-2.791,-0.998,1.499,-0.000,-0.001,0.000,7.0
1212,-2.791,-0.998,1.499,-0.000,0.000,-0.000,7.0
1213,-2.791,-0.998,1.499,-0.000,0.001,-0.000,7.0
1214,-2.791,-0.998,1.499,-0.000,0.002,-0.001,7.0
1215,-2.791,-0.998,1.499,-0.000,0.002,-0.001,7.0
1216,-2.791,-0.998,1.499,-0.000,0.001,-0.000,7.0
1217,-2.791,-0.998,1.499,-0.000,0.000,-0.000,7.0
1218,-2.791,-0.998,1.499,-0.000,-0.000,0.000,7.0
1219,-2.791,-0.998,1.499,-0.000,-0.000,0.000,7.0
1220,-2.791,-0.998,1.499,-0.000,-0.001,0.000,7.0
1221,-2.791,-0.998,1.499,-0.000,-0.000,0.000,7.0
1222,-2.791,-0.998,1.499,-0.000,-0.000,0.000,7.0
1223,-2.791,-0.998,1.499,-0.000,0.000,-0.000,7.0
1224,-2.791,-0.998,1.499,-0.000,0.000,-0.000,7.0
1225,-2.791,-0.998,1.499,-0.000,0.000,-0.000,7.0
1226,-2.791,-0.998,1.499,-0.000,0.000,-0.000,7.0
1227,-2.791,-0.998,1.499,-0.000,0.000,-0.000,7.0
1228,-2.791,-0.998,1.499,-0.000,0.000,-0.000,7.0
1229,-2.791,-0.998,1.499,-0.000,-0.000,0.000,7.0
1230,-2.791,-0.998,1.499,-0.000,-0.000,0.000,7.0
1231,-2.791,-0.998,1.499,-0.000,-0.000,0.000,7.0
1232,-2.791,-0.998,1.499,-0.000,-0.000,0.000,7.0
1233,-2.791,-0.998,1.499,-0.000,-0.000,0.000,7.0
1234,-2.791,-0.998,1.499,-0.000,0.000,-0.000,7.0
1235,-2.791,-0.998,1.499,-0.000,0.000,-0.000,7.0
1236,-2.791,-0.998,1.499,-0.000,0.000,-0.000,7.0
1237,-2.791,-0.998,1.499,-0.000,0.000,-0.000,7.0
1238,-2.791,-0.998,1.499,-0.000,0.000,-0.000,7.0
1239,-2.791,-0.998,1.499,-0.000,-0.000,0.000,7.0
1240,-2.791,-0.998,1.499,-0.000,-0.000,0.000,7.0
1241,-2.791,-0.998,1.499,-0.000,-0.000,0.000,7.0
1242,-2.791,-0.998,1.499,-0.000,-0.000,0.000,7.0
1243,-2.791,-0.998,1.499,-0.000,-0.000,0.000,7.0
1244,-2.791,-0.998,1.499,-0.000,-0.000,0.000,7.0
1245,-2.791,-0.998,1.499,-0.000,0.000,-0.000,7.0
1246,-2.791,-0.998,1.499,-0.000,0.000,-0.000,7.0
1247,-2.791,-0.998,1.499,-0.000,0.000,-0.000,7.0
1248,-2.791,-0.998,1.499,-0.000,0.000,-0.000,7.0
1249,-2.791,-0.998,1.499,-0.000,0.000,-0.000,7.0
1250,-2.791,-0.998,1.499,-0.000,-0.000,0.000,7.0
1251,-2.791,-0.998,1.499,-0.000,-0.000,0.000,7.0
1252,-2.791,-0.998,1.499,-0.000,-0.000,0.000,7.0
1253,-2.791,-0.998,1.499,-0.000,-0.000,0.000,7.0
1254,-2.791,-0.998,1.499,-0.000,-0.000,0.000,7.0
1255,-2.791,-0.998,1.499,-0.000,0.000,-0.000,7.0
1256,-2.791,-0.998,1.499,-0.000,0.000,-0.000,7.0
1257,-2.791,-0.998,1.499,-0.000,0.000,-0.000,7.0
1258,-2.791,-0.998,1.499,-0.000,0.000,-0.000,7.0
1259,-2.791,-0.998,1.499,-0.000,0.000,-0.000,7.0
1260,-2.791,-0.998,1.499,-0.000,0.000,-0.000,7.0
1261,-2.791,-0.998,1.499,-0.000,-0.000,0.000,7.0
1262,-2.791,-0.998,1.499,-0.000,-0.000,0.000,7.0
1263,-2.791,-0.998,1.499,-0.000,-0.000,0.000,7.0
1264,-2.791,-0.998,1.499,-0.000,-0.000,0.000,7.0
1265,-2.791,-0.998,1.499,-0.000,-0.000,0.000,7.0
1266,-2.791,-0.998,1.499,-0.000,0.000,-0.000,7.0
1267,-2.791,-0.998,1.499,-0.000,0.000,-0.000,7.0
1268,-2.791,-0.998,1.499,-0.000,0.000,-0.000,7.0
1269,-2.791,-0.998,1.499,-0.000,0.000,-0.000,7.0
1270,-2.791,-0.998,1.499,-0.000,0.000,-0.000,7.0
1271,-2.791,-0.998,1.499,-0.000,-0.000,0.000,7.0
1272,-2.791,-0.998,1.499,-0.000,-0.000,0.000,7.0
1273,-2.791,-0.998,1.499,-0.000,-0.000,0.000,7.0
1274,-2.791,-0.998,1.499,-0.000,-0.000,0.000,7.0
1275,-2.791,-0.998,1.499,-0.000,-0.000,0.000,7.0
1276,-2.791,-0.998,1.499,-0.000,-0.000,0.000,7.0
1277,-2.791,-0.998,1.499,-0.000,0.000,-0.000,7.0
1278,-2.791,-0.998,1.499,-0.000,0.000,-0.000,7.0
1279,-2.791,-0.998,1.499,-0.000,0.000,-0.000,7.0
1280,-2.791,-0.998,1.499,-0.000,0.000,-0.000,7.0
1281,-2.791,-0.998,1.499,-0.000,0.000,-0.000,7.0
1282,-2.791,-0.998,1.499,-0.000,-0.000,0.000,7.0
1283,-2.791,-0.998,1.499,-0.000,-0.000,0.000,7.0
1284,-2.791,-0.998,1.499,-0.000,-0.000,0.000,7.0
1285,-2.791,-0.998,1.499,-0.000,-0.000,0.000,7.0
1286,-2.791,-0.998,1.499,-0.000,-0.000,0.000,7.0
1287,-2.791,-0.998,1.499,-0.000,0.000,-0.000,7.0
1288,-2.791,-0.998,1.499,-0.000,0.000,-0.000,7.0
1289,-2.791,-0.998,1.499,-0.000,0.000,-0.000,7.0
1290,-2.791,-0.998,1.499,-0.000,0.000,-0.000,7.0
1291,-2.791,-0.998,1.499,-0.000,0.000,-0.000,7.0
1292,-2.791,-0.998,1.499,-0.000,0.000,-0.000,7.0
1293,-2.791,-0.998,1.499,-0.000,-0.000,0.000,7.0
1294,-2.791,-0.998,1.499,-0.000,-0.000,0.000,7.0
1295,-2.791,-0.998,1.499,-0.000,-0.000,0.000,7.0
1296,-2.791,-0.998,1.499,-0.000,-0.000,0.000,7.0
1297,-2.791,-0.998,1.499,-0.000,-0.000,0.000,7.0
1298,-2.791,-0.998,1.499,-0.000,0.000,-0.000,7.0
1299,-2.791,-0.998,1.499,-0.000,0.000,-0.000,7.0
1300,-2.791,-0.998,1.499,-0.000,0.000,-0.000,7.0
1301,-2.791,-0.998,1.499,-0.000,0.000,-0.000,7.0
1302,-2.791,-0.998,1.499,-0.000,0.000,-0.000,7.0
1303,-2.791,-0.998,1.499,-0.000,-0.000,0.000,7.0
1304,-2.791,-0.998,1.499,-0.000,-0.000,0.000,7.0
1305,-2.791,-0.998,1.499,-0.000,-0.000,0.000,7.0
1306,-2.791,-0.998,1.499,-0.000,-0.000,0.000,7.0
1307,-2.791,-0.998,1.499,-0.000,-0.000,0.000,7.0
1308,-2.791,-0.998,1.499,-0.000,-0.000,0.000,7.0
1309,-2.791,-0.998,1.499,-0.000,0.000,-0.000,7.0
1310,-2.791,-0.998,1.499,-0.000,0.000,-0.000,7.0
1311,-2.791,-0.998,1.499,-0.000,0.000,-0.000,7.0
1312,-2.791,-0.998,1.499,-0.000,0.000,-0.000,7.0
1313,-2.791,-0.998,1.499,-0.000,0.000,-0.000,7.0
1314,-2.791,-0.998,1.499,-0.000,-0.000,0.000,7.0
1315,-2.791,-0.998,1.499,-0.000,-0.000,0.000,7.0
1316,-2.791,-0.998,1.499,-0.000,-0.000,0.000,7.0
1317,-2.791,-0.998,1.499,-0.000,-0.000,0.000,7.0
1318,-2.791,-0.998,1.499,-0.000,-0.000,0.000,7.0
1319,-2.791,-0.998,1.499,-0.000,0.000,-0.000,7.0
1320,-2.791,-0.998,1.499,-0.000,0.000,-0.000,7.0
1321,-2.791,-0.998,1.499,-0.000,0.000,-0.000,7.0
1322,-2.791,-0.998,1.499,-0.000,0.000,-0.000,7.0
1323,-2.791,-0.998,1.499,-0.000,0.000,-0.000,7.0
1324,-2.791,-0.998,1.499,-0.000,0.000,-0.000,7.0
1325,-2.791,-0.998,1.499,-0.000,-0.000,0.000,7.0
1326,-2.791,-0.998,1.499,-0.000,-0.000,0.000,7.0
1327,-2.791,-0.998,1.499,-0.000,-0.000,0.000,7.0
1328,-2.791,-0.998,1.499,-0.000,-0.000,0.000,7.0
1329,-2.791,-0.998,1.499,-0.000,-0.000,0.000,7.0
1330,-2.791,-0.998,1.499,-0.000,0.000,-0.000,7.0
1331,-2.791,-0.998,1.499,-0.000,0.000,-0.000,7.0
1332,-2.791,-0.998,1.499,-0.000,0.000,-0.000,7.0
1333,-2.791,-0.998,1.499,-0.000,0.000,-0.000,7.0
1334,-2.791,-0.998,1.499,-0.000,0.000,-0.000,7.0
1335,-2.791,-0.998,1.499,-0.000,-0.000,0.000,7.0
1336,-2.791,-0.998,1.499,-0.000,-0.000,0.000,7.0
1337,-2.791,-0.998,1.499,-0.000,-0.000,0.000,7.0
1338,-2.791,-0.998,1.499,-0.000,-0.000,0.000,7.0
1339,-2.791,-0.998,1.499,-0.000,-0.000,0.000,7.0
1340,-2.791,-0.998,1.499,-0.000,-0.000,0.000,7.0
1341,-2.791,-0.998,1.499,-0.000,0.000,-0.000,7.0
1342,-2.791,-0.998,1.499,-0.000,0.000,-0.000,7.0
1343,-2.791,-0.998,1.499,-0.000,0.000,-0.000,7.0
1344,-2.791,-0.998,1.499,-0.000,0.000,-0.000,7.0
1345,-2.791,-0.998,1.499,-0.000,0.000,-0.000,7.0
1346,-2.791,-0.998,1.499,-0.000,-0.000,0.000,7.0
1347,-2.791,-0.998,1.499,-0.000,-0.000,0.000,7.0
1348,-2.791,-0.998,1.499,-0.000,-0.000,0.000,7.0
1349,-2.791,-0.998,1.499,-0.000,-0.000,0.000,7.0
1350,-2.791,-0.998,1.499,-0.000,-0.000,0.000,7.0
1351,-2.791,-0.998,1.499,-0.000,0.000,-0.000,7.0
1352,-2.791,-0.998,1.499,-0.000,0.000,-0.000,7.0
1353,-2.791,-0.998,1.499,-0.000,0.000,-0.000,7.0
1354,-2.791,-0.998,1.499,-0.000,0.000,-0.000,7.0
1355,-2.791,-0.998,1.499,-0.000,0.000,-0.000,7.0
1356,-2.791,-0.998,1.499,-0.000,0.000,-0.000,7.0
1357,-2.791,-0.998,1.499,-0.000,-0.000,0.000,7.0
1358,-2.791,-0.998,1.499,-0.000,-0.000,0.000,7.0
1359,-2.791,-0.998,1.499,-0.000,-0.000,0.000,7.0
1360,-2.791,-0.998,1.499,-0.000,-0.000,0.000,7.0
1361,-2.791,-0.998,1.499,-0.000,-0.000,0.000,7.0
1362,-2.791,-0.998,1.499,-0.000,-0.000,0.000,7.0
1363,-2.791,-0.998,1.499,-0.000,0.000,0.000,7.0
1364,-2.791,-0.998,1.499,-0.000,0.000,0.000,7.0
1365,-2.791,-0.998,1.499,-0.000,0.000,0.000,7.0
1366,-2.791,-0.998,1.499,-0.000,0.000,0.000,7.0
1367,-2.791,-0.998,1.499,-0.000,0.000,0.000,7.0
1368,-2.791,-0.998,1.499,-0.000,0.000,-0.000,7.0
1369,-2.791,-0.998,1.499,-0.000,0.000,-0.000,7.0
1370,-2.791,-0.998,1.499,-0.000,0.000,-0.000,7.0
1371,-2.791,-0.998,1.499,-0.000,0.000,-0.000,7.0
1372,-2.791,-0.998,1.499,-0.000,0.000,-0.000,7.0
1373,-2.791,-0.998,1.499,-0.000,0.000,-0.000,7.0
1374,-2.791,-0.998,1.499,-0.000,-0.000,-0.000,7.0
1375,-2.791,-0.998,1.499,-0.000,-0.000,-0.000,7.0
1376,-2.791,-0.998,1.499,-0.000,-0.000,-0.000,7.0
1377,-2.791,-0.998,1.499,-0.000,-0.000,-0.000,7.0
1378,-2.791,-0.998,1.499,-0.000,-0.000,-0.000,7.0
1379,-2.791,-0.998,1.499,-0.000,-0.000,-0.000,7.0
1380,-2.791,-0.998,1.499,-0.000,-0.000,-0.000,7.0
1381,-2.791,-0.998,1.499,-0.000,-0.000,-0.000,7.0
1382,-2.791,-0.998,1.499,-0.000,-0.000,0.000,7.0
1383,-2.791,-0.998,1.499,-0.000,-0.000,0.000,7.0
1384,-2.791,-0.998,1.499,-0.000,-0.000,0.000,7.0
1385,-2.791,-0.998,1.499,-0.000,-0.000,0.000,7.0
1386,-2.791,-0.998,1.499,-0.000,-0.000,0.000,7.0
1387,-2.791,-0.998,1.499,-0.000,0.000,0.000,7.0
1388,-2.791,-0.998,1.499,-0.000,0.000,0.000,7.0
1389,-2.791,-0.998,1.499,-0.000,0.000,0.000,7.0
1390,-2.791,-0.998,1.499,-0.000,0.000,0.000,7.0
1391,-2.791,-0.998,1.499,-0.000,0.000,0.000,7.0
1392,-2.791,-0.998,1.499,-0.000,0.000,0.000,7.0
1393,-2.791,-0.998,1.499,-0.000,0.000,0.000,7.0
1394,-2.791,-0.998,1.499,-0.000,0.000,0.000,7.0
1395,-2.791,-0.998,1.499,-0.000,0.000,0.000,7.0
1396,-2.791,-0.998,1.499,-0.000,0.000,-0.000,7.0
1397,-2.791,-0.998,1.499,-0.000,0.000,-0.000,7.0
1398,-2.791,-0.998,1.499,-0.000,0.000,-0.000,7.0
1399,-2.791,-0.998,1.499,-0.000,0.000,-0.000,7.0
1400,-2.791,-0.998,1.499,-0.000,0.000,-0.000,7.0
1401,-2.791,-0.998,1.499,-0.000,-0.000,-0.000,7.0
1402,-2.791,-0.998,1.499,-0.000,-0.000,-0.000,7.0
1403,-2.791,-0.998,1.499,-0.000,-0.000,-0.000,7.0
1404,-2.791,-0.998,1.499,-0.000,-0.000,-0.000,7.0
1405,-2.791,-0.998,1.499,-0.000,-0.000,-0.000,7.0
1406,-2.791,-0.998,1.499,-0.000,-0.000,-0.000,7.0
1407,-2.791,-0.998,1.499,-0.000,-0.000,-0.000,7.0
1408,-2.791,-0.998,1.499,-0.000,-0.000,-0.000,7.0
1409,-2.791,-0.998,1.499,-0.000,-0.000,0.000,7.0
1410,-2.791,-0.998,1.499,-0.000,-0.000,0.000,7.0
1411,-2.791,-0.998,1.499,-0.000,-0.000,0.000,7.0
1412,-2.791,-0.998,1.499,-0.000,-0.000,0.000,7.0
1413,-2.791,-0.998,1.499,-0.000,-0.000,0.000,7.0
1414,-2.791,-0.998,1.499,-0.000,-0.000,0.000,7.0
1415,-2.791,-0.998,1.499,-0.000,0.000,0.000,7.0
1416,-2.791,-0.998,1.499,-0.000,0.000,0.000,7.0
1417,-2.791,-0.998,1.499,-0.000,0.000,0.000,7.0
1418,-2.791,-0.998,1.499,-0.000,0.000,0.000,7.0
1419,-2.791,-0.998,1.499,-0.000,0.000,0.000,7.0
1420,-2.791,-0.998,1.499,-0.000,0.000,0.000,7.0
1421,-2.791,-0.998,1.499,-0.000,0.000,0.000,7.0
1422,-2.791,-0.998,1.499,-0.000,0.000,0.000,7.0
1423,-2.791,-0.998,1.499,-0.000,0.000,-0.000,7.0
1424,-2.791,-0.998,1.499,-0.000,0.000,-0.000,7.0
1425,-2.791,-0.998,1.499,-0.000,0.000,-0.000,7.0
1426,-2.791,-0.998,1.499,-0.000,0.000,-0.000,7.0
1427,-2.791,-0.998,1.499,-0.000,0.000,-0.000,7.0
1428,-2.791,-0.998,1.499,-0.000,-0.000,-0.000,7.0
1429,-2.791,-0.998,1.499,-0.000,-0.000,-0.000,7.0
1430,-2.791,-0.998,1.499,-0.000,-0.000,-0.000,7.0
1431,-2.791,-0.998,1.499,-0.000,-0.000,-0.000,7.0
1432,-2.791,-0.998,1.499,-0.000,-0.000,-0.000,7.0
1433,-2.791,-0.998,1.499,-0.000,-0.000,-0.000,7.0
1434,-2.791,-0.998,1.499,-0.000,-0.000,-0.000,7.0
1435,-2.791,-0.998,1.499,-0.000,-0.000,-0.000,7.0
1436,-2.791,-0.998,1.499,-0.000,-0.000,-0.000,7.0
1437,-2.791,-0.998,1.499,-0.000,-0.000,0.000,7.0
1438,-2.791,-0.998,1.499,-0.000,-0.000,0.000,7.0
1439,-2.791,-0.998,1.499,-0.000,-0.000,0.000,7.0
1440,-2.791,-0.998,1.499,-0.000,-0.000,0.000,7.0
1441,-2.791,-0.998,1.499,-0.000,-0.000,0.000,7.0
1442,-2.791,-0.998,1.499,-0.000,0.000,0.000,7.0
1443,-2.791,-0.998,1.499,-0.000,0.000,0.000,7.0
1444,-2.791,-0.998,1.499,-0.000,0.000,0.000,7.0
1445,-2.791,-0.998,1.499,-0.000,0.000,0.000,7.0
1446,-2.791,-0.998,1.499,-0.000,0.000,0.000,7.0
1447,-2.791,-0.998,1.499,-0.000,0.000,0.000,7.0
1448,-2.791,-0.998,1.499,-0.000,0.000,0.000,7.0
1449,-2.791,-0.998,1.499,-0.000,0.000,0.000,7.0
1450,-2.791,-0.998,1.499,-0.000,0.000,0.000,7.0
1451,-2.791,-0.998,1.499,-0.000,0.000,-0.000,7.0
1452,-2.791,-0.998,1.499,-0.000,0.000,-0.000,7.0
1453,-2.791,-0.998,1.499,-0.000,0.000,-0.000,7.0
1454,-2.791,-0.998,1.499,-0.000,0.000,-0.000,7.0
1455,-2.791,-0.998,1.499,-0.000,0.000,-0.000,7.0
1456,-2.791,-0.998,1.499,-0.000,-0.000,-0.000,7.0
1457,-2.791,-0.998,1.499,-0.000,-0.000,-0.000,7.0
1458,-2.791,-0.998,1.499,-0.000,-0.000,-0.000,7.0
1459,-2.791,-0.998,1.499,-0.000,-0.000,-0.000,7.0
1460,-2.791,-0.998,1.499,-0.000,-0.000,-0.000,7.0
1461,-2.791,-0.998,1.499,-0.000,-0.000,-0.000,7.0
1462,-2.791,-0.998,1.499,-0.000,-0.000,-0.000,7.0
1463,-2.791,-0.998,1.499,-0.000,-0.000,-0.000,7.0
1464,-2.791,-0.998,1.499,-0.000,-0.000,0.000,7.0
1465,-2.791,-0.998,1.499,-0.000,-0.000,0.000,7.0
1466,-2.791,-0.998,1.499,-0.000,-0.000,0.000,7.0
1467,-2.791,-0.998,1.499,-0.000,-0.000,0.000,7.0
1468,-2.791,-0.998,1.499,-0.000,-0.000,0.000,7.0
1469,-2.791,-0.998,1.499,-0.000,0.000,0.000,7.0
1470,-2.791,-0.998,1.499,-0.000,0.000,0.000,7.0
1471,-2.791,-0.998,1.499,-0.000,0.000,0.000,7.0
1472,-2.791,-0.998,1.499,-0.000,0.000,0.000,7.0
1473,-2.791,-0.998,1.499,-0.000,0.000,0.000,7.0
1474,-2.791,-0.998,1.499,-0.000,0.000,0.000,7.0
1475,-2.791,-0.998,1.499,-0.000,0.000,0.000,7.0
1476,-2.791,-0.998,1.499,-0.000,0.000,0.000,7.0
1477,-2.791,-0.998,1.499,-0.000,0.000,0.000,7.0
1478,-2.791,-0.998,1.499,-0.000,0.000,-0.000,7.0
1479,-2.791,-0.998,1.499,-0.000,0.000,-0.000,7.0
1480,-2.791,-0.998,1.499,-0.000,0.000,-0.000,7.0
1481,-2.791,-0.998,1.499,-0.000,0.000,-0.000,7.0
1482,-2.791,-0.998,1.499,-0.000,0.000,-0.000,7.0
1483,-2.791,-0.998,1.499,-0.000,-0.000,-0.000,7.0
1484,-2.791,-0.998,1.499,-0.000,-0.000,-0.000,7.0
1485,-2.791,-0.998,1.499,-0.000,-0.000,-0.000,7.0
1486,-2.791,-0.998,1.499,-0.000,-0.000,-0.000,7.0
1487,-2.791,-0.998,1.499,-0.000,-0.000,-0.000,7.0
1488,-2.791,-0.998,1.499,-0.000,-0.000,-0.000,7.0
1489,-2.791,-0.998,1.499,-0.000,-0.000,-0.000,7.0
1490,-2.791,-0.998,1.499,-0.000,-0.000,-0.000,7.0
1491,-2.791,-0.998,1.499,-0.000,-0.000,-0.000,7.0
1492,-2.791,-0.998,1.499,-0.000,-0.000,0.000,7.0
1493,-2.791,-0.998,1.499,-0.000,-0.000,0.000,7.0
1494,-2.791,-0.998,1.499,-0.000,-0.000,0.000,7.0
1495,-2.791,-0.998,1.499,-0.000,-0.000,0.000,7.0
1496,-2.791,-0.998,1.499,-0.000,-0.000,0.000,7.0
1497,-2.791,-0.998,1.499,-0.000,0.000,0.000,7.0
1498,-2.791,-0.998,1.499,-0.000,0.000,0.000,7.0
1499,-2.791,-0.998,1.499,-0.000,0.000,0.000,7.0
1500,-2.791,-0.998,1.499,-0.000,0.000,0.000,7.0
1501,-2.791,-0.998,1.499,-0.000,0.000,0.000,7.0
1502,-2.791,-0.998,1.499,-0.000,0.000,0.000,7.0
1503,-2.791,-0.998,1.499,-0.000,0.000,0.000,7.0
1504,-2.791,-0.998,1.499,-0.000,0.000,0.000,7.0
1505,-2.791,-0.998,1.499,-0.000,0.000,0.000,7.0
1506,-2.791,-0.998,1.499,-0.000,0.000,-0.000,7.0
1507,-2.791,-0.998,1.499,-0.000,0.000,-0.000,7.0
1508,-2.791,-0.998,1.499,-0.000,0.000,-0.000,7.0
1509,-2.791,-0.998,1.499,-0.000,0.000,-0.000,7.0
1510,-2.791,-0.998,1.499,-0.000,-0.000,-0.000,7.0
1511,-2.791,-0.998,1.499,-0.000,-0.000,-0.000,7.0
1512,-2.791,-0.998,1.499,-0.000,-0.000,-0.000,7.0
1513,-2.791,-0.998,1.499,-0.000,-0.000,-0.000,7.0
1514,-2.791,-0.998,1.499,-0.000,-0.000,-0.000,7.0
1515,-2.791,-0.998,1.499,-0.000,-0.000,-0.000,7.0
1516,-2.791,-0.998,1.499,-0.000,-0.000,-0.000,7.0
1517,-2.791,-0.998,1.499,-0.000,-0.000,-0.000,7.0
1518,-2.791,-0.998,1.499,-0.000,-0.000,-0.000,7.0
1519,-2.791,-0.998,1.499,-0.000,-0.000,0.000,7.0
1520,-2.791,-0.998,1.499,-0.000,-0.000,0.000,7.0
1521,-2.791,-0.998,1.499,-0.000,-0.000,0.000,7.0
