1,-1.500,0.500,0.000,0.000,0.000,0.000,1
2,-1.500,0.500,0.153,0.000,0.000,0.000,1
3,-1.500,0.500,0.473,0.000,0.000,0.000,1
4,-1.500,0.500,0.808,0.000,0.000,0.000,1
5,-1.500,0.500,1.088,0.000,0.000,0.000,1
6,-1.500,0.500,1.290,0.000,0.000,0.000,1
7,-1.500,0.500,1.420,0.000,0.000,0.000,1
8,-1.500,0.500,1.493,0.000,0.000,0.000,1
9,-1.500,0.500,1.527,0.000,0.000,0.000,1
10,-1.500,0.500,1.537,0.000,-0.155,0.155,1
11,-1.501,0.499,1.534,0.000,-0.254,0.254,6.0
12,-1.502,0.498,1.527,0.000,-0.263,0.263,6.0
13,-1.504,0.496,1.518,0.000,-0.188,0.188,1
14,-1.507,0.493,1.511,0.000,-0.063,0.063,1
15,-1.510,0.490,1.506,0.000,0.018,-0.151,1
16,-1.514,0.487,1.506,0.000,0.367,-0.145,1
17,-1.516,0.484,1.506,0.000,0.208,-0.156,18.0
18,-1.517,0.483,1.507,0.000,-0.035,-0.145,18.0
19,-1.518,0.481,1.507,0.000,0.157,-0.003,18.0
20,-1.519,0.480,1.507,0.000,0.324,0.118,18.0
21,-1.519,0.479,1.508,0.000,0.372,0.179,18.0
22,-1.517,0.476,1.508,0.000,0.312,0.159,1
23,-1.515,0.474,1.508,0.000,0.178,0.076,1
24,-1.512,0.471,1.508,0.000,0.047,-0.282,12.0
25,-1.508,0.469,1.508,0.000,-0.050,-0.521,12.0
26,-1.505,0.468,1.508,0.000,-0.097,-0.564,12.0
27,-1.502,0.470,1.509,-0.000,-0.094,-0.445,12.0
28,-1.499,0.473,1.509,-0.000,-0.058,-0.243,12.0
29,-1.497,0.477,1.509,-0.000,-0.010,-0.037,12.0
30,-1.494,0.481,1.509,-0.000,0.031,0.110,12.0
31,-1.492,0.484,1.510,-0.000,0.054,0.173,12.0
32,-1.489,0.488,1.510,-0.000,0.056,0.158,12.0
33,-1.486,0.490,1.504,-0.000,0.042,0.092,12.0
34,-1.483,0.493,1.503,-0.000,0.020,0.011,12.0
35,-1.480,0.495,1.502,-0.000,-0.002,-0.054,12.0
36,-1.477,0.498,1.501,-0.000,-0.016,-0.087,12.0
37,-1.473,0.500,1.500,-0.000,-0.021,-0.086,12.0
38,-1.470,0.504,1.499,-0.000,-0.019,-0.060,12.0
39,-1.467,0.507,1.499,-0.000,-0.011,-0.025,12.0
40,-1.464,0.510,1.498,-0.000,-0.002,0.008,12.0
41,-1.462,0.514,1.498,-0.000,0.005,0.028,12.0
42,-1.459,0.517,1.497,-0.000,0.008,0.034,12.0
43,-1.456,0.520,1.497,-0.000,0.008,0.028,12.0
44,-1.453,0.523,1.496,-0.000,0.005,0.014,12.0
45,-1.449,0.526,1.496,-0.000,0.001,0.001,12.0
46,-1.446,0.529,1.496,-0.000,-0.003,-0.009,12.0
47,-1.443,0.532,1.495,-0.000,-0.005,-0.013,12.0
48,-1.440,0.536,1.495,-0.000,-0.005,-0.012,12.0
49,-1.437,0.539,1.495,-0.000,-0.004,-0.007,12.0
50,-1.434,0.542,1.495,-0.000,-0.003,-0.001,12.0
51,-1.431,0.545,1.494,-0.000,-0.001,0.005,12.0
52,-1.428,0.549,1.494,-0.000,-0.000,0.007,12.0
53,-1.425,0.552,1.494,-0.000,0.000,0.007,12.0
54,-1.422,0.555,1.494,-0.000,0.000,0.006,12.0
55,-1.419,0.558,1.494,-0.000,-0.001,0.003,12.0
56,-1.416,0.561,1.494,-0.000,-0.001,0.001,12.0
57,-1.413,0.564,1.493,-0.000,-0.002,-0.000,12.0
58,-1.410,0.568,1.493,-0.000,-0.002,-0.001,12.0
59,-1.407,0.571,1.493,-0.000,-0.002,-0.000,12.0
60,-1.404,0.574,1.493,-0.000,-0.002,0.001,12.0
61,-1.401,0.577,1.493,-0.000,-0.002,0.002,12.0
62,-1.398,0.580,1.493,-0.000,-0.001,0.003,12.0
63,-1.395,0.584,1.493,-0.000,-0.001,0.003,12.0
64,-1.392,0.587,1.493,-0.000,-0.001,0.003,12.0
65,-1.389,0.590,1.493,-0.000,-0.001,0.003,12.0
66,-1.386,0.593,1.493,-0.000,-0.001,0.002,12.0
67,-1.383,0.596,1.493,-0.000,-0.001,0.002,12.0
68,-1.380,0.599,1.493,-0.000,-0.001,0.002,12.0
69,-1.377,0.603,1.493,-0.000,-0.001,0.002,12.0
70,-1.373,0.606,1.493,-0.000,-0.001,0.002,12.0
71,-1.370,0.609,1.493,-0.000,-0.002,0.001,12.0
72,-1.367,0.612,1.493,-0.000,-0.005,-0.001,12.0
73,-1.364,0.615,1.493,-0.000,-0.006,-0.002,12.0
74,-1.361,0.619,1.493,-0.000,-0.006,-0.002,12.0
75,-1.358,0.622,1.492,-0.000,-0.005,-0.001,12.0
76,-1.355,0.625,1.492,-0.000,-0.003,0.001,12.0
77,-1.352,0.628,1.492,-0.000,-0.001,0.002,12.0
78,-1.349,0.631,1.492,-0.000,0.000,0.003,12.0
79,-1.346,0.635,1.492,-0.000,0.000,0.004,12.0
80,-1.343,0.638,1.492,-0.000,0.000,0.003,12.0
81,-1.340,0.641,1.492,-0.000,-0.000,0.003,12.0
82,-1.337,0.644,1.492,-0.000,-0.001,0.002,12.0
83,-1.334,0.648,1.492,-0.000,-0.002,0.002,12.0
84,-1.331,0.651,1.492,-0.000,-0.002,0.001,12.0
85,-1.328,0.654,1.492,-0.000,-0.002,0.001,12.0
86,-1.325,0.657,1.492,-0.000,-0.002,0.002,12.0
87,-1.322,0.660,1.492,-0.000,-0.001,0.002,12.0
88,-1.319,0.664,1.492,-0.000,-0.001,0.002,12.0
89,-1.316,0.667,1.491,-0.000,-0.001,0.002,12.0
90,-1.313,0.670,1.491,-0.000,-0.001,0.002,12.0
91,-1.310,0.673,1.491,-0.000,-0.001,0.002,12.0
92,-1.307,0.676,1.491,-0.000,-0.001,0.002,12.0
93,-1.304,0.680,1.491,-0.000,-0.001,0.002,12.0
94,-1.301,0.683,1.491,-0.000,-0.001,0.002,12.0
95,-1.298,0.686,1.491,-0.000,-0.002,0.002,12.0
96,-1.295,0.689,1.491,-0.000,-0.002,0.002,12.0
97,-1.292,0.692,1.491,-0.000,-0.002,0.002,12.0
98,-1.289,0.696,1.491,-0.000,-0.001,0.002,12.0
99,-1.286,0.699,1.491,-0.000,-0.001,0.002,12.0
100,-1.283,0.702,1.491,-0.000,-0.001,0.002,12.0
101,-1.280,0.705,1.491,-0.000,-0.001,0.002,12.0
102,-1.277,0.708,1.491,-0.000,-0.001,0.002,12.0
103,-1.274,0.711,1.491,-0.000,-0.001,0.002,12.0
104,-1.271,0.715,1.491,-0.000,-0.001,0.002,12.0
105,-1.268,0.718,1.491,-0.000,-0.001,0.002,12.0
106,-1.265,0.721,1.491,-0.000,-0.001,0.002,12.0
107,-1.262,0.724,1.491,-0.000,-0.001,0.002,12.0
108,-1.259,0.727,1.491,-0.000,-0.001,0.002,12.0
109,-1.255,0.731,1.491,-0.000,-0.001,0.002,12.0
110,-1.252,0.734,1.491,-0.000,-0.001,0.002,12.0
111,-1.249,0.737,1.491,-0.000,-0.004,0.002,12.0
112,-1.246,0.740,1.491,-0.000,-0.011,0.005,12.0
113,-1.243,0.743,1.491,-0.000,-0.017,0.009,12.0
114,-1.240,0.746,1.491,-0.000,-0.020,0.012,12.0
115,-1.237,0.750,1.491,-0.000,-0.019,0.014,12.0
116,-1.235,0.753,1.491,-0.000,-0.015,0.014,12.0
117,-1.232,0.756,1.491,-0.000,-0.010,0.013,12.0
118,-1.229,0.759,1.491,-0.000,-0.006,0.011,12.0
119,-1.226,0.762,1.491,-0.000,-0.004,0.009,12.0
120,-1.224,0.764,1.491,-0.000,-0.003,0.007,12.0
121,-1.221,0.767,1.491,-0.000,-0.005,0.007,12.0
122,-1.218,0.770,1.491,-0.000,-0.009,0.010,12.0
123,-1.215,0.773,1.491,-0.000,-0.011,0.012,12.0
124,-1.213,0.776,1.491,-0.000,-0.012,0.013,12.0
125,-1.210,0.779,1.491,-0.000,-0.012,0.013,12.0
126,-1.208,0.781,1.491,-0.000,-0.011,0.012,12.0
127,-1.205,0.784,1.491,-0.000,-0.010,0.011,12.0
128,-1.202,0.787,1.491,-0.000,-0.010,0.011,12.0
129,-1.200,0.789,1.491,-0.000,-0.010,0.012,12.0
130,-1.198,0.792,1.491,-0.000,-0.010,0.013,12.0
131,-1.195,0.795,1.491,-0.000,-0.010,0.013,12.0
132,-1.193,0.797,1.491,-0.000,-0.009,0.012,12.0
133,-1.190,0.800,1.491,-0.000,-0.009,0.012,12.0
134,-1.188,0.802,1.491,-0.000,-0.009,0.011,12.0
135,-1.186,0.804,1.491,-0.000,-0.009,0.010,12.0
136,-1.183,0.807,1.491,-0.000,-0.010,0.010,12.0
137,-1.181,0.809,1.491,-0.000,-0.013,0.010,12.0
138,-1.179,0.811,1.491,-0.000,-0.017,0.010,12.0
139,-1.177,0.814,1.491,-0.000,-0.018,0.011,12.0
140,-1.175,0.816,1.491,-0.000,-0.017,0.011,12.0
141,-1.173,0.818,1.491,-0.000,-0.013,0.011,12.0
142,-1.171,0.820,1.491,-0.000,-0.010,0.011,12.0
143,-1.169,0.823,1.491,-0.000,-0.007,0.010,12.0
144,-1.167,0.825,1.491,-0.000,-0.005,0.009,12.0
145,-1.165,0.827,1.491,-0.000,-0.005,0.009,12.0
146,-1.163,0.829,1.491,-0.000,-0.006,0.008,12.0
147,-1.161,0.831,1.491,-0.000,-0.007,0.008,12.0
148,-1.159,0.833,1.490,-0.000,-0.008,0.008,12.0
149,-1.157,0.835,1.490,-0.000,-0.009,0.008,12.0
150,-1.155,0.837,1.490,-0.000,-0.009,0.009,12.0
151,-1.153,0.839,1.490,-0.000,-0.009,0.008,12.0
152,-1.152,0.841,1.490,-0.000,-0.008,0.008,12.0
153,-1.150,0.843,1.490,-0.000,-0.007,0.008,12.0
154,-1.148,0.844,1.490,-0.000,-0.006,0.007,12.0
155,-1.146,0.846,1.490,-0.000,-0.006,0.007,12.0
156,-1.145,0.848,1.490,-0.000,-0.006,0.007,12.0
157,-1.143,0.850,1.490,-0.000,-0.008,0.007,12.0
158,-1.141,0.852,1.490,-0.000,-0.012,0.007,12.0
159,-1.140,0.853,1.490,-0.000,-0.014,0.008,12.0
160,-1.138,0.855,1.490,-0.000,-0.013,0.009,12.0
161,-1.136,0.857,1.490,-0.000,-0.011,0.008,12.0
162,-1.135,0.859,1.490,-0.000,-0.008,0.008,12.0
163,-1.133,0.860,1.490,-0.000,-0.005,0.007,12.0
164,-1.132,0.862,1.490,-0.000,-0.003,0.007,12.0
165,-1.131,0.863,1.490,-0.000,-0.003,0.006,12.0
166,-1.129,0.865,1.490,-0.000,-0.003,0.006,12.0
167,-1.128,0.867,1.490,-0.000,-0.004,0.006,12.0
168,-1.126,0.868,1.490,-0.000,-0.005,0.007,12.0
169,-1.125,0.870,1.490,-0.000,-0.006,0.007,12.0
170,-1.123,0.871,1.490,-0.000,-0.007,0.007,12.0
171,-1.122,0.873,1.490,-0.000,-0.006,0.007,12.0
172,-1.121,0.874,1.490,-0.000,-0.006,0.007,12.0
173,-1.119,0.876,1.490,-0.000,-0.006,0.007,12.0
174,-1.118,0.877,1.490,-0.000,-0.008,0.007,12.0
175,-1.117,0.879,1.490,-0.000,-0.010,0.007,12.0
176,-1.116,0.880,1.490,-0.000,-0.010,0.007,12.0
177,-1.114,0.881,1.490,-0.000,-0.009,0.007,12.0
178,-1.113,0.883,1.490,-0.000,-0.007,0.007,12.0
179,-1.112,0.884,1.490,-0.000,-0.004,0.007,12.0
180,-1.111,0.885,1.490,-0.000,-0.003,0.006,12.0
181,-1.110,0.887,1.490,-0.000,-0.002,0.006,12.0
182,-1.108,0.888,1.490,-0.000,-0.002,0.005,12.0
183,-1.107,0.889,1.490,-0.000,-0.003,0.005,12.0
184,-1.106,0.890,1.496,-0.000,-0.004,0.005,12.0
185,-1.105,0.891,1.498,-0.000,-0.005,0.005,12.0
186,-1.104,0.893,1.499,-0.000,-0.005,0.006,12.0
187,-1.103,0.894,1.500,-0.000,-0.005,0.006,12.0
188,-1.102,0.895,1.501,-0.000,-0.005,0.005,12.0
189,-1.101,0.896,1.501,-0.000,-0.006,0.005,12.0
190,-1.100,0.897,1.502,-0.000,-0.008,0.005,12.0
191,-1.099,0.898,1.503,-0.000,-0.009,0.005,12.0
192,-1.098,0.899,1.504,-0.000,-0.009,0.005,12.0
193,-1.097,0.901,1.504,-0.000,-0.009,0.004,12.0
194,-1.096,0.902,1.505,-0.000,-0.008,0.002,12.0
195,-1.095,0.903,1.505,-0.000,-0.007,0.001,12.0
196,-1.094,0.904,1.506,-0.000,-0.005,0.000,12.0
197,-1.093,0.905,1.506,-0.000,-0.002,0.002,12.0
198,-1.092,0.906,1.506,-0.000,0.003,0.004,12.0
199,-1.091,0.907,1.507,-0.000,0.006,0.006,12.0
200,-1.090,0.908,1.507,-0.000,0.007,0.006,12.0
201,-1.090,0.909,1.507,-0.000,0.005,0.005,12.0
202,-1.089,0.910,1.507,-0.000,0.002,0.004,12.0
203,-1.088,0.911,1.508,-0.000,-0.002,0.002,12.0
204,-1.087,0.912,1.508,-0.000,-0.008,0.001,12.0
205,-1.086,0.913,1.508,-0.000,-0.011,0.001,12.0
206,-1.085,0.914,1.508,-0.000,-0.010,0.001,12.0
207,-1.084,0.915,1.508,-0.000,-0.007,0.002,12.0
208,-1.083,0.916,1.509,-0.000,-0.003,0.003,12.0
209,-1.082,0.917,1.509,-0.000,0.001,0.003,12.0
210,-1.082,0.918,1.509,-0.000,0.003,0.003,12.0
211,-1.081,0.919,1.509,-0.000,0.004,0.003,12.0
212,-1.080,0.919,1.509,-0.000,0.004,0.003,12.0
213,-1.079,0.920,1.509,-0.000,0.002,0.002,12.0
214,-1.078,0.921,1.509,-0.000,-0.001,0.002,12.0
215,-1.077,0.922,1.509,-0.000,-0.004,0.002,12.0
216,-1.076,0.923,1.509,-0.000,-0.008,0.001,12.0
217,-1.076,0.924,1.509,-0.000,-0.011,0.004,12.0
218,-1.075,0.925,1.509,-0.000,-0.009,0.004,12.0
219,-1.074,0.926,1.509,-0.000,-0.006,0.004,12.0
220,-1.073,0.927,1.509,-0.000,-0.003,0.005,12.0
221,-1.073,0.927,1.509,-0.000,0.002,0.004,12.0
222,-1.072,0.928,1.509,-0.000,0.003,0.002,12.0
223,-1.071,0.929,1.510,-0.000,0.003,0.003,12.0
224,-1.070,0.930,1.510,-0.000,0.003,0.002,12.0
225,-1.070,0.931,1.510,-0.000,-0.000,0.002,12.0
226,-1.069,0.932,1.510,-0.000,-0.003,0.004,12.0
227,-1.068,0.932,1.510,-0.000,-0.004,0.004,12.0
228,-1.067,0.933,1.510,-0.000,-0.007,0.003,12.0
229,-1.067,0.934,1.510,-0.000,-0.009,0.003,12.0
230,-1.066,0.935,1.510,-0.000,-0.009,0.003,12.0
231,-1.065,0.936,1.510,-0.000,-0.007,0.003,12.0
232,-1.064,0.936,1.510,-0.000,-0.004,0.003,12.0
233,-1.064,0.937,1.510,-0.000,0.000,0.003,12.0
234,-1.063,0.938,1.510,-0.000,0.003,0.002,12.0
235,-1.063,0.938,1.510,-0.000,0.003,0.001,12.0
236,-1.062,0.939,1.510,-0.000,0.002,0.002,12.0
237,-1.061,0.940,1.510,-0.000,-0.000,0.002,12.0
238,-1.061,0.941,1.510,-0.000,-0.002,0.002,12.0
239,-1.060,0.941,1.510,-0.000,-0.003,0.003,12.0
240,-1.059,0.942,1.510,-0.000,-0.003,0.003,12.0
241,-1.059,0.943,1.510,-0.000,-0.002,0.003,12.0
242,-1.058,0.943,1.510,-0.000,-0.001,0.003,12.0
243,-1.057,0.944,1.510,-0.000,-0.001,0.003,12.0
244,-1.057,0.945,1.510,-0.000,0.000,0.002,12.0
245,-1.056,0.945,1.510,-0.000,0.000,0.002,12.0
246,-1.055,0.946,1.510,-0.000,0.000,0.002,12.0
247,-1.055,0.947,1.510,-0.000,-0.000,0.002,12.0
248,-1.054,0.947,1.510,-0.000,-0.001,0.002,12.0
249,-1.054,0.948,1.510,-0.000,-0.001,0.002,12.0
250,-1.053,0.949,1.510,-0.000,-0.001,0.002,12.0
251,-1.052,0.949,1.510,-0.000,-0.001,0.002,12.0
252,-1.052,0.950,1.510,-0.000,-0.001,0.002,12.0
253,-1.051,0.951,1.510,-0.000,-0.000,0.002,12.0
254,-1.050,0.951,1.510,-0.000,-0.000,0.002,12.0
255,-1.050,0.952,1.510,-0.000,-0.002,0.002,12.0
256,-1.049,0.952,1.510,-0.000,-0.006,0.002,12.0
257,-1.049,0.953,1.510,-0.000,-0.009,0.002,12.0
258,-1.048,0.954,1.510,-0.000,-0.009,0.002,12.0
259,-1.047,0.954,1.510,-0.000,-0.006,0.002,12.0
260,-1.047,0.955,1.510,-0.000,-0.002,0.002,12.0
261,-1.046,0.955,1.510,-0.000,0.001,0.002,12.0
262,-1.046,0.956,1.510,-0.000,0.003,0.002,12.0
263,-1.045,0.957,1.510,-0.000,0.004,0.002,12.0
264,-1.045,0.957,1.510,-0.000,0.003,0.002,12.0
265,-1.044,0.958,1.510,-0.000,0.002,0.002,12.0
266,-1.044,0.958,1.510,-0.000,0.000,0.002,12.0
267,-1.043,0.959,1.510,-0.000,-0.002,0.002,12.0
268,-1.043,0.959,1.510,-0.000,-0.004,0.002,12.0
269,-1.042,0.960,1.510,-0.000,-0.005,0.002,12.0
270,-1.041,0.960,1.510,-0.000,-0.006,0.002,12.0
271,-1.041,0.961,1.510,-0.000,-0.005,0.002,12.0
272,-1.040,0.961,1.510,-0.000,-0.004,0.002,12.0
273,-1.040,0.962,1.510,-0.000,-0.001,0.001,12.0
274,-1.039,0.962,1.510,-0.000,0.001,0.002,12.0
275,-1.039,0.963,1.510,-0.000,0.002,0.002,12.0
276,-1.039,0.963,1.510,-0.000,0.002,0.002,12.0
277,-1.038,0.964,1.510,-0.000,0.002,0.002,12.0
278,-1.037,0.964,1.510,-0.000,0.001,0.002,12.0
279,-1.037,0.965,1.510,-0.000,-0.001,0.002,12.0
280,-1.036,0.965,1.510,-0.000,-0.004,0.002,12.0
281,-1.036,0.966,1.510,-0.000,-0.006,0.002,12.0
282,-1.036,0.966,1.510,-0.000,-0.006,0.001,12.0
283,-1.035,0.967,1.510,-0.000,-0.005,0.001,12.0
284,-1.035,0.967,1.510,-0.000,-0.002,0.001,12.0
285,-1.034,0.968,1.510,-0.000,-0.000,0.001,12.0
286,-1.034,0.968,1.510,-0.000,0.002,0.001,12.0
287,-1.033,0.969,1.510,-0.000,0.003,0.002,12.0
288,-1.033,0.969,1.510,-0.000,0.003,0.002,12.0
289,-1.032,0.970,1.510,-0.000,0.001,0.002,12.0
290,-1.032,0.970,1.510,-0.000,-0.002,0.001,12.0
291,-1.031,0.970,1.510,-0.000,-0.004,0.001,12.0
292,-1.031,0.971,1.510,-0.000,-0.005,0.001,12.0
293,-1.031,0.971,1.510,-0.000,-0.005,0.002,12.0
294,-1.030,0.972,1.510,-0.000,-0.003,0.002,12.0
295,-1.030,0.972,1.510,-0.000,-0.001,0.001,12.0
296,-1.029,0.973,1.510,-0.000,0.001,0.001,12.0
297,-1.029,0.973,1.510,-0.000,0.002,0.001,12.0
298,-1.029,0.973,1.510,-0.000,0.003,0.001,12.0
299,-1.028,0.974,1.510,-0.000,0.002,0.001,12.0
300,-1.028,0.974,1.510,-0.000,-0.001,0.002,12.0
301,-1.027,0.975,1.510,-0.000,-0.004,0.001,12.0
302,-1.027,0.975,1.510,-0.000,-0.005,0.001,12.0
303,-1.026,0.975,1.510,-0.000,-0.005,0.001,12.0
304,-1.026,0.976,1.510,-0.000,-0.003,0.001,12.0
305,-1.026,0.976,1.510,-0.000,-0.001,0.001,12.0
306,-1.025,0.977,1.510,-0.000,0.001,0.001,12.0
307,-1.025,0.977,1.510,-0.000,0.002,0.001,12.0
308,-1.025,0.977,1.510,-0.000,0.003,0.001,12.0
309,-1.024,0.978,1.510,-0.000,0.002,0.002,12.0
310,-1.024,0.978,1.510,-0.000,-0.001,0.002,12.0
311,-1.023,0.978,1.510,-0.000,-0.003,0.001,12.0
312,-1.023,0.979,1.510,-0.000,-0.005,0.001,12.0
313,-1.023,0.979,1.510,-0.000,-0.005,0.001,12.0
314,-1.022,0.979,1.510,-0.000,-0.003,0.001,12.0
315,-1.022,0.980,1.510,-0.000,-0.001,0.001,12.0
316,-1.022,0.980,1.510,-0.000,0.001,0.001,12.0
317,-1.021,0.980,1.510,-0.000,0.002,0.001,12.0
318,-1.021,0.981,1.510,-0.000,0.003,0.001,12.0
319,-1.021,0.981,1.510,-0.000,0.002,0.001,12.0
320,-1.020,0.982,1.510,-0.000,0.000,0.002,12.0
321,-1.020,0.982,1.510,-0.000,-0.003,0.002,12.0
322,-1.019,0.982,1.510,-0.000,-0.005,0.001,12.0
323,-1.019,0.982,1.510,-0.000,-0.005,0.001,12.0
324,-1.019,0.983,1.510,-0.000,-0.004,0.001,12.0
325,-1.019,0.983,1.510,-0.000,-0.002,0.001,12.0
326,-1.018,0.983,1.510,-0.000,0.000,0.001,12.0
327,-1.018,0.984,1.510,-0.000,0.002,0.001,12.0
328,-1.018,0.984,1.510,-0.000,0.003,0.001,12.0
329,-1.017,0.984,1.510,-0.000,0.003,0.001,12.0
330,-1.017,0.985,1.510,-0.000,0.002,0.001,12.0
331,-1.017,0.985,1.510,-0.000,-0.001,0.002,12.0
332,-1.016,0.985,1.510,-0.000,-0.003,0.002,12.0
333,-1.016,0.986,1.510,-0.000,-0.005,0.002,12.0
334,-1.016,0.986,1.510,-0.000,-0.005,0.001,12.0
335,-1.015,0.986,1.510,-0.000,-0.003,0.001,12.0
336,-1.015,0.986,1.510,-0.000,-0.001,0.000,12.0
337,-1.015,0.987,1.510,-0.000,0.001,0.000,12.0
338,-1.014,0.987,1.510,-0.000,0.002,0.000,12.0
339,-1.014,0.987,1.510,-0.000,0.003,0.000,12.0
340,-1.014,0.987,1.510,-0.000,0.003,0.001,12.0
341,-1.014,0.988,1.510,-0.000,0.001,0.001,12.0
342,-1.013,0.988,1.510,-0.000,-0.003,0.002,12.0
343,-1.013,0.988,1.510,-0.000,-0.006,0.001,12.0
344,-1.013,0.989,1.510,-0.000,-0.009,-0.001,12.0
345,-1.012,0.989,1.510,-0.000,-0.009,-0.003,12.0
346,-1.012,0.989,1.510,-0.000,-0.007,-0.004,12.0
347,-1.012,0.989,1.510,-0.000,-0.003,-0.003,12.0
348,-1.012,0.990,1.510,-0.000,0.001,-0.000,12.0
349,-1.012,0.990,1.510,-0.000,0.005,0.003,12.0
350,-1.011,0.990,1.510,-0.000,0.007,0.007,12.0
351,-1.011,0.991,1.510,-0.000,0.006,0.008,12.0
352,-1.011,0.991,1.510,-0.000,0.004,0.007,12.0
353,-1.011,0.991,1.510,-0.000,0.001,0.005,12.0
354,-1.010,0.991,1.510,-0.000,-0.004,0.003,12.0
355,-1.010,0.991,1.510,-0.000,-0.009,0.001,12.0
356,-1.010,0.992,1.510,-0.000,-0.010,-0.000,12.0
357,-1.010,0.992,1.510,-0.000,-0.009,-0.001,12.0
358,-1.009,0.992,1.510,-0.000,-0.006,-0.000,12.0
359,-1.009,0.992,1.510,-0.000,-0.002,0.000,12.0
360,-1.009,0.992,1.510,-0.000,0.002,0.001,12.0
361,-1.009,0.993,1.510,-0.000,0.004,0.001,12.0
362,-1.009,0.993,1.510,-0.000,0.004,0.001,12.0
363,-1.009,0.993,1.510,-0.000,0.003,0.001,12.0
364,-1.009,0.993,1.504,-0.000,0.001,0.001,12.0
365,-1.008,0.993,1.502,-0.000,-0.001,0.001,12.0
366,-1.008,0.994,1.501,-0.000,-0.002,0.001,12.0
367,-1.008,0.994,1.500,-0.000,-0.002,0.001,12.0
368,-1.008,0.994,1.499,-0.000,-0.003,0.002,12.0
369,-1.008,0.994,1.499,-0.000,-0.005,0.002,12.0
370,-1.007,0.994,1.498,-0.000,-0.006,0.002,12.0
371,-1.007,0.994,1.497,-0.000,-0.006,0.002,12.0
372,-1.007,0.994,1.496,-0.000,-0.004,0.001,12.0
373,-1.007,0.995,1.496,-0.000,-0.001,0.000,12.0
374,-1.007,0.995,1.495,-0.000,0.001,-0.000,12.0
375,-1.007,0.995,1.495,-0.000,0.002,-0.000,12.0
376,-1.007,0.995,1.494,-0.000,0.002,-0.000,12.0
377,-1.007,0.995,1.494,-0.000,0.002,0.000,12.0
378,-1.007,0.995,1.494,-0.000,0.001,0.001,12.0
379,-1.007,0.995,1.493,-0.000,0.000,0.001,12.0
380,-1.006,0.996,1.493,-0.000,-0.000,0.001,12.0
381,-1.006,0.996,1.493,-0.000,-0.001,0.001,12.0
382,-1.006,0.996,1.492,-0.000,-0.000,0.001,12.0
383,-1.006,0.996,1.492,-0.000,-0.002,0.001,12.0
384,-1.006,0.996,1.492,-0.000,-0.007,0.007,12.0
385,-1.006,0.996,1.492,-0.000,-0.010,0.010,12.0
386,-1.006,0.996,1.491,-0.000,-0.009,0.010,12.0
387,-1.006,0.996,1.491,-0.000,-0.007,0.007,12.0
388,-1.006,0.996,1.491,-0.000,-0.003,0.004,12.0
389,-1.006,0.996,1.491,-0.000,0.000,0.000,12.0
390,-1.006,0.996,1.491,-0.000,0.002,-0.002,12.0
391,-1.006,0.996,1.491,-0.000,0.006,-0.008,12.0
392,-1.006,0.996,1.491,-0.000,0.008,-0.012,12.0
393,-1.006,0.996,1.491,-0.000,0.007,-0.011,12.0
394,-1.006,0.996,1.490,-0.000,0.005,-0.008,12.0
395,-1.006,0.997,1.490,-0.000,0.002,-0.003,12.0
396,-1.006,0.997,1.490,-0.000,-0.000,0.002,12.0
397,-1.005,0.997,1.490,-0.000,-0.001,0.004,12.0
398,-1.005,0.997,1.490,-0.000,-0.006,0.010,12.0
399,-1.005,0.997,1.490,-0.000,-0.008,0.012,12.0
400,-1.005,0.997,1.490,-0.000,-0.008,0.010,12.0
401,-1.005,0.997,1.490,-0.000,-0.005,0.006,12.0
402,-1.005,0.997,1.490,-0.000,-0.002,0.002,12.0
403,-1.005,0.997,1.496,-0.000,0.001,-0.002,12.0
404,-1.005,0.997,1.497,-0.000,0.002,-0.004,12.0
405,-1.005,0.997,1.499,-0.000,0.003,-0.004,12.0
406,-1.005,0.997,1.500,-0.000,0.002,-0.002,12.0
407,-1.005,0.997,1.500,-0.000,0.001,-0.001,12.0
408,-1.005,0.997,1.501,-0.000,-0.000,0.001,12.0
409,-1.005,0.997,1.502,-0.000,-0.001,0.002,12.0
410,-1.005,0.997,1.503,-0.000,-0.001,0.002,12.0
411,-1.005,0.997,1.503,-0.000,-0.001,0.001,12.0
412,-1.005,0.997,1.504,-0.000,-0.001,0.001,12.0
413,-1.005,0.997,1.504,-0.000,-0.000,0.000,12.0
414,-1.005,0.997,1.505,-0.000,0.000,-0.001,12.0
415,-1.005,0.997,1.505,-0.000,0.000,-0.001,12.0
416,-1.005,0.997,1.506,-0.000,0.000,-0.001,12.0
417,-1.005,0.997,1.506,-0.000,0.000,-0.000,12.0
418,-1.005,0.997,1.507,-0.000,0.000,-0.000,12.0
419,-1.005,0.997,1.507,-0.000,-0.000,0.000,12.0
420,-1.005,0.997,1.507,-0.000,-0.000,0.000,12.0
421,-1.005,0.997,1.507,-0.000,-0.000,0.000,12.0
422,-1.005,0.997,1.508,-0.000,-0.000,0.000,12.0
423,-1.005,0.997,1.508,-0.000,-0.000,0.000,12.0
424,-1.005,0.997,1.508,-0.000,0.000,-0.000,12.0
425,-1.005,0.997,1.508,-0.000,0.000,-0.000,12.0
426,-1.005,0.997,1.508,-0.000,0.000,-0.000,12.0
427,-1.005,0.997,1.508,-0.000,0.004,-0.010,12.0
428,-1.005,0.997,1.509,-0.000,0.006,-0.017,12.0
429,-1.005,0.997,1.509,-0.000,0.007,-0.019,12.0
430,-1.005,0.997,1.509,-0.000,0.007,-0.016,12.0
431,-1.005,0.998,1.509,-0.000,0.002,-0.009,12.0
432,-1.005,0.998,1.509,-0.000,-0.004,0.000,12.0
433,-1.005,0.998,1.509,-0.000,-0.007,0.007,12.0
434,-1.005,0.998,1.509,-0.000,-0.007,0.012,12.0
435,-1.005,0.998,1.509,-0.000,-0.006,0.018,12.0
436,-1.005,0.999,1.509,-0.000,-0.004,0.019,12.0
437,-1.005,0.999,1.509,-0.000,-0.001,0.015,12.0
438,-1.005,0.999,1.509,-0.000,0.003,0.002,12.0
439,-1.005,0.999,1.510,-0.000,0.006,-0.010,12.0
440,-1.005,0.999,1.510,-0.000,0.007,-0.016,12.0
441,-1.005,0.999,1.510,-0.000,0.006,-0.017,12.0
442,-1.005,0.999,1.510,-0.000,0.004,-0.012,12.0
443,-1.005,0.999,1.510,-0.000,-0.000,-0.004,12.0
444,-1.005,0.999,1.510,-0.000,-0.005,0.009,12.0
445,-1.004,0.999,1.510,-0.000,-0.008,0.018,12.0
446,-1.004,1.000,1.510,-0.000,-0.008,0.019,12.0
447,-1.004,1.000,1.510,-0.000,-0.003,0.008,12.0
448,-1.004,1.000,1.510,-0.000,0.003,-0.004,12.0
449,-1.004,1.000,1.510,-0.000,0.007,-0.011,12.0
450,-1.004,1.000,1.510,-0.000,0.009,-0.013,12.0
451,-1.004,1.000,1.510,-0.000,0.008,-0.010,12.0
452,-1.004,1.000,1.510,-0.000,0.006,-0.004,12.0
453,-1.004,1.000,1.510,-0.000,-0.003,0.007,12.0
454,-1.004,1.000,1.510,-0.000,-0.009,0.014,12.0
455,-1.004,1.000,1.510,-0.000,-0.011,0.015,12.0
456,-1.004,1.000,1.510,-0.000,-0.010,0.012,12.0
457,-1.004,1.000,1.510,-0.000,-0.006,0.007,12.0
458,-1.004,1.000,1.510,-0.000,-0.001,0.001,12.0
459,-1.004,1.000,1.510,-0.000,0.002,-0.003,12.0
460,-1.004,1.000,1.510,-0.000,0.004,-0.005,12.0
461,-1.004,1.000,1.510,-0.000,0.004,-0.005,12.0
462,-1.004,1.000,1.510,-0.000,0.002,-0.003,12.0
463,-1.004,1.000,1.510,-0.000,0.001,-0.000,12.0
464,-1.004,1.000,1.510,-0.000,-0.001,0.001,12.0
465,-1.004,1.000,1.504,-0.000,-0.002,0.002,12.0
466,-1.004,1.000,1.502,-0.000,-0.002,0.002,12.0
467,-1.004,1.000,1.501,-0.000,-0.001,0.002,12.0
468,-1.004,1.000,1.500,-0.000,-0.001,0.001,12.0
469,-1.004,1.000,1.499,-0.000,0.000,-0.000,12.0
470,-1.004,1.000,1.499,-0.000,0.000,-0.001,12.0
471,-1.004,1.000,1.498,-0.000,0.001,-0.001,12.0
472,-1.004,1.000,1.497,-0.000,0.001,-0.001,12.0
473,-1.004,1.000,1.496,-0.000,0.000,-0.000,12.0
474,-1.004,1.000,1.496,-0.000,0.000,0.000,12.0
475,-1.004,1.000,1.495,-0.000,-0.000,0.000,12.0
476,-1.004,1.000,1.495,-0.000,-0.000,0.000,12.0
477,-1.004,1.000,1.494,-0.000,-0.000,0.000,12.0
478,-1.004,1.000,1.494,-0.000,-0.000,0.000,12.0
479,-1.004,1.000,1.494,-0.000,-0.000,0.000,12.0
480,-1.004,1.000,1.493,-0.000,0.000,-0.000,12.0
481,-1.004,1.000,1.493,-0.000,0.000,-0.000,12.0
482,-1.004,1.000,1.493,-0.000,0.006,0.001,12.0
483,-1.004,1.000,1.492,-0.000,0.004,0.001,12.0
484,-1.004,1.000,1.492,-0.000,0.000,0.000,12.0
485,-1.004,1.000,1.492,-0.000,-0.002,-0.000,12.0
486,-1.004,1.000,1.492,-0.000,-0.004,-0.001,12.0
487,-1.004,1.000,1.491,-0.000,0.004,0.002,12.0
488,-1.004,1.000,1.491,-0.000,0.010,0.004,12.0
489,-1.004,1.000,1.491,-0.000,0.012,0.005,12.0
490,-1.004,1.000,1.491,-0.000,0.011,0.004,12.0
491,-1.003,1.000,1.491,-0.000,0.006,0.002,12.0
492,-1.003,1.000,1.491,-0.000,0.001,0.001,12.0
493,-1.003,1.000,1.491,-0.000,-0.002,-0.000,12.0
494,-1.003,1.000,1.491,-0.000,-0.004,-0.001,12.0
495,-1.003,1.000,1.490,-0.000,-0.004,-0.002,12.0
496,-1.003,1.000,1.490,-0.000,-0.004,-0.001,12.0
497,-1.003,1.000,1.490,-0.000,-0.002,-0.001,12.0
498,-1.002,1.000,1.490,-0.000,0.000,-0.000,12.0
499,-1.002,1.000,1.490,-0.000,0.002,0.001,12.0
500,-1.002,1.000,1.490,-0.000,0.003,0.002,12.0
501,-1.002,1.000,1.490,-0.000,0.002,0.001,12.0
502,-1.002,1.000,1.490,-0.000,-0.000,0.000,12.0
503,-1.002,0.999,1.490,-0.000,-0.001,0.000,12.0
504,-1.002,0.999,1.490,-0.000,-0.001,0.000,12.0
505,-1.001,0.999,1.496,-0.000,-0.002,-0.000,12.0
506,-1.001,0.999,1.497,-0.000,-0.008,-0.003,12.0
507,-1.001,0.999,1.499,-0.000,-0.011,-0.005,12.0
508,-1.001,0.999,1.500,-0.000,-0.011,-0.005,12.0
509,-1.001,0.999,1.500,-0.000,-0.008,-0.004,12.0
510,-1.001,0.999,1.501,-0.000,-0.004,-0.002,12.0
511,-1.001,0.999,1.502,-0.000,0.000,-0.000,12.0
512,-1.001,0.999,1.503,-0.000,0.002,0.001,12.0
513,-1.001,0.999,1.503,-0.000,0.003,0.002,12.0
514,-1.001,0.999,1.504,-0.000,0.003,0.001,12.0
515,-1.001,0.999,1.505,-0.000,0.001,0.001,12.0
516,-1.001,0.999,1.505,-0.000,-0.000,-0.000,12.0
517,-1.001,0.999,1.505,-0.000,-0.001,-0.001,12.0
518,-1.001,0.999,1.506,-0.000,-0.002,-0.001,12.0
519,-1.001,0.999,1.506,-0.000,-0.002,-0.001,12.0
520,-1.001,0.999,1.507,-0.000,-0.001,-0.001,12.0
521,-1.001,0.999,1.507,-0.000,-0.000,-0.000,12.0
522,-1.001,0.999,1.507,-0.000,0.000,0.000,12.0
523,-1.001,0.999,1.507,-0.000,0.001,0.000,12.0
524,-1.001,0.999,1.508,-0.000,0.001,0.000,12.0
525,-1.001,0.999,1.508,-0.000,0.000,0.000,12.0
526,-1.001,0.999,1.508,-0.000,0.000,0.000,12.0
527,-1.001,0.999,1.508,-0.000,-0.000,-0.000,12.0
528,-1.001,0.999,1.508,-0.000,-0.000,-0.000,12.0
529,-1.001,0.999,1.509,-0.000,-0.000,-0.000,12.0
530,-1.001,0.999,1.509,-0.000,-0.000,-0.000,12.0
531,-1.001,0.999,1.509,-0.000,-0.000,-0.000,12.0
532,-1.001,0.999,1.509,-0.000,-0.000,-0.000,12.0
533,-1.001,0.999,1.509,-0.000,0.000,0.000,12.0
534,-1.001,0.999,1.509,-0.000,0.000,0.000,12.0
535,-1.001,0.999,1.509,-0.000,0.000,0.000,12.0
536,-1.001,0.999,1.509,-0.000,0.000,0.000,12.0
537,-1.001,0.999,1.509,-0.000,0.000,0.000,12.0
538,-1.001,0.999,1.509,-0.000,-0.000,-0.000,12.0
539,-1.001,0.999,1.509,-0.000,-0.000,-0.000,12.0
540,-1.001,0.999,1.510,-0.000,-0.000,-0.000,12.0
541,-1.001,0.999,1.510,-0.000,-0.000,-0.000,12.0
542,-1.001,0.999,1.510,-0.000,-0.000,-0.000,12.0
543,-1.001,0.999,1.510,-0.000,0.000,0.000,12.0
544,-1.001,0.999,1.510,-0.000,0.000,0.000,12.0
545,-1.001,0.999,1.510,-0.000,0.000,0.000,12.0
546,-1.001,0.999,1.510,-0.000,0.000,0.000,12.0
547,-1.001,0.999,1.510,-0.000,0.000,0.000,12.0
548,-1.001,0.999,1.510,-0.000,-0.000,0.000,12.0
549,-1.001,0.999,1.510,-0.000,-0.000,-0.000,12.0
550,-1.001,0.999,1.510,-0.000,-0.000,-0.000,12.0
551,-1.001,0.999,1.510,-0.000,-0.000,-0.000,12.0
552,-1.001,0.999,1.510,-0.000,-0.000,-0.000,12.0
553,-1.001,0.999,1.510,-0.000,-0.000,-0.000,12.0
554,-1.001,0.999,1.510,-0.000,0.000,0.000,12.0
555,-1.001,0.999,1.510,-0.000,0.000,0.000,12.0
556,-1.001,0.999,1.510,-0.000,0.000,0.000,12.0
557,-1.001,0.999,1.510,-0.000,0.000,0.000,12.0
558,-1.001,0.999,1.504,-0.000,0.000,0.000,12.0
559,-1.001,0.999,1.502,-0.000,-0.000,-0.000,12.0
560,-1.001,0.999,1.501,-0.000,-0.000,-0.000,12.0
561,-1.001,0.999,1.500,-0.000,-0.000,-0.000,12.0
562,-1.001,0.999,1.499,-0.000,-0.000,-0.000,12.0
563,-1.001,0.999,1.499,-0.000,-0.000,-0.000,12.0
564,-1.001,0.999,1.498,-0.000,-0.000,-0.000,12.0
565,-1.001,0.999,1.497,-0.000,0.000,0.000,12.0
566,-1.001,0.999,1.496,-0.000,0.000,0.000,12.0
567,-1.001,0.999,1.496,-0.000,0.000,0.000,12.0
568,-1.001,0.999,1.495,-0.000,0.000,0.000,12.0
569,-1.001,0.999,1.495,-0.000,0.000,0.000,12.0
570,-1.001,0.999,1.494,-0.000,-0.000,-0.000,12.0
571,-1.001,0.999,1.494,-0.000,-0.000,-0.000,12.0
572,-1.001,0.999,1.494,-0.000,-0.000,-0.000,12.0
573,-1.001,0.999,1.493,-0.000,-0.000,-0.000,12.0
574,-1.001,0.999,1.493,-0.000,-0.000,-0.000,12.0
575,-1.001,0.999,1.493,-0.000,0.000,0.000,12.0
576,-1.001,0.999,1.492,-0.000,0.000,0.000,12.0
577,-1.001,0.999,1.492,-0.000,0.000,0.000,12.0
578,-1.001,0.999,1.492,-0.000,0.000,0.000,12.0
579,-1.001,0.999,1.492,-0.000,0.000,0.000,12.0
580,-1.001,0.999,1.492,-0.000,0.000,0.000,12.0
581,-1.001,0.999,1.491,-0.000,-0.000,-0.000,12.0
582,-1.001,0.999,1.491,-0.000,-0.000,-0.000,12.0
583,-1.001,0.999,1.491,-0.000,-0.000,-0.000,12.0
584,-1.001,0.999,1.491,-0.000,-0.000,-0.000,12.0
585,-1.001,0.999,1.491,-0.000,-0.000,-0.000,12.0
586,-1.001,0.999,1.491,-0.000,0.000,0.000,12.0
587,-1.001,0.999,1.491,-0.000,0.000,0.000,12.0
588,-1.001,0.999,1.491,-0.000,0.000,0.000,12.0
589,-1.001,0.999,1.490,-0.000,0.000,0.000,12.0
590,-1.001,0.999,1.490,-0.000,0.000,0.000,12.0
591,-1.001,0.999,1.490,-0.000,-0.000,-0.000,12.0
592,-1.001,0.999,1.490,-0.000,-0.000,-0.000,12.0
593,-1.001,0.999,1.490,-0.000,-0.000,-0.000,12.0
594,-1.001,0.999,1.490,-0.000,-0.000,-0.000,12.0
595,-1.001,0.999,1.490,-0.000,-0.000,-0.000,12.0
596,-1.001,0.999,1.490,-0.000,-0.000,-0.000,12.0
597,-1.001,0.999,1.490,-0.000,0.000,0.000,12.0
598,-1.001,0.999,1.490,-0.000,0.000,0.000,12.0
599,-1.001,0.999,1.496,-0.000,0.000,0.000,12.0
600,-1.001,0.999,1.497,-0.000,0.000,0.000,12.0
601,-1.001,0.999,1.499,-0.000,0.000,0.000,12.0
602,-1.001,0.999,1.500,-0.000,-0.000,-0.000,12.0
603,-1.001,0.999,1.500,-0.000,-0.000,-0.000,12.0
604,-1.001,0.999,1.501,-0.000,-0.000,-0.000,12.0
605,-1.001,0.999,1.502,-0.000,-0.000,-0.000,12.0
606,-1.001,0.999,1.503,-0.000,-0.000,-0.000,12.0
607,-1.001,0.999,1.503,-0.000,0.000,0.000,12.0
608,-1.001,0.999,1.504,-0.000,0.000,0.000,12.0
609,-1.001,0.999,1.505,-0.000,0.000,0.000,12.0
610,-1.001,0.999,1.505,-0.000,0.000,0.000,12.0
611,-1.001,0.999,1.505,-0.000,0.000,0.000,12.0
612,-1.001,0.999,1.506,-0.000,0.000,0.000,12.0
613,-1.001,0.999,1.506,-0.000,-0.000,-0.000,12.0
614,-1.001,0.999,1.507,-0.000,-0.000,-0.000,12.0
615,-1.001,0.999,1.507,-0.000,-0.000,-0.000,12.0
616,-1.001,0.999,1.507,-0.000,-0.000,-0.000,12.0
617,-1.001,0.999,1.507,-0.000,-0.000,-0.000,12.0
618,-1.001,0.999,1.508,-0.000,0.000,0.000,12.0
619,-1.001,0.999,1.508,-0.000,0.000,0.000,12.0
620,-1.001,0.999,1.508,-0.000,0.000,0.000,12.0
621,-1.001,0.999,1.508,-0.000,0.000,0.000,12.0
622,-1.001,0.999,1.508,-0.000,0.000,0.000,12.0
623,-1.001,0.999,1.509,-0.000,-0.000,-0.000,12.0
624,-1.001,0.999,1.509,-0.000,-0.000,-0.000,12.0
625,-1.001,0.999,1.509,-0.000,-0.000,-0.000,12.0
626,-1.001,0.999,1.509,-0.000,-0.000,-0.000,12.0
627,-1.001,0.999,1.509,-0.000,-0.000,-0.000,12.0
628,-1.001,0.999,1.509,-0.000,-0.000,-0.000,12.0
629,-1.001,0.999,1.509,-0.000,0.000,0.000,12.0
630,-1.001,0.999,1.509,-0.000,0.000,0.000,12.0
631,-1.001,0.999,1.509,-0.000,0.000,0.000,12.0
632,-1.001,0.999,1.509,-0.000,0.000,0.000,12.0
633,-1.001,0.999,1.510,-0.000,0.000,0.000,12.0
634,-1.001,0.999,1.510,-0.000,-0.000,-0.000,12.0
635,-1.001,0.999,1.510,-0.000,-0.000,-0.000,12.0
636,-1.001,0.999,1.510,-0.000,-0.000,-0.000,12.0
637,-1.001,0.999,1.510,-0.000,-0.000,-0.000,12.0
638,-1.001,0.999,1.510,-0.000,-0.000,-0.000,12.0
639,-1.001,0.999,1.510,-0.000,0.000,0.000,12.0
640,-1.001,0.999,1.510,-0.000,0.000,0.000,12.0
641,-1.001,0.999,1.510,-0.000,0.000,0.000,12.0
642,-1.001,0.999,1.510,-0.000,0.000,0.000,12.0
643,-1.001,0.999,1.510,-0.000,0.000,0.000,12.0
644,-1.001,0.999,1.510,-0.000,0.000,0.000,12.0
645,-1.001,0.999,1.510,-0.000,-0.000,-0.000,12.0
646,-1.001,0.999,1.510,-0.000,-0.000,-0.000,12.0
647,-1.001,0.999,1.510,-0.000,-0.000,-0.000,12.0
648,-1.001,0.999,1.510,-0.000,-0.000,-0.000,12.0
649,-1.001,0.999,1.510,-0.000,-0.000,-0.000,12.0
650,-1.001,0.999,1.510,-0.000,0.000,0.000,12.0
651,-1.001,0.999,1.510,-0.000,0.000,0.000,12.0
652,-1.001,0.999,1.504,-0.000,0.000,0.000,12.0
653,-1.001,0.999,1.502,-0.000,0.000,0.000,12.0
654,-1.001,0.999,1.501,-0.000,0.000,0.000,12.0
655,-1.001,0.999,1.500,-0.000,-0.000,-0.000,12.0
656,-1.001,0.999,1.499,-0.000,-0.000,-0.000,12.0
657,-1.001,0.999,1.499,-0.000,-0.000,-0.000,12.0
658,-1.001,0.999,1.498,-0.000,-0.000,-0.000,12.0
659,-1.001,0.999,1.497,-0.000,-0.000,-0.000,12.0
660,-1.001,0.999,1.496,-0.000,0.000,-0.000,12.0
661,-1.001,0.999,1.496,-0.000,0.000,0.000,12.0
662,-1.001,0.999,1.495,-0.000,0.000,0.000,12.0
663,-1.001,0.999,1.495,-0.000,0.000,0.000,12.0
664,-1.001,0.999,1.494,-0.000,-0.004,-0.005,12.0
665,-1.001,0.999,1.494,-0.000,-0.007,-0.009,12.0
666,-1.001,0.999,1.494,-0.000,-0.007,-0.010,12.0
667,-1.001,0.999,1.493,-0.000,-0.005,-0.008,12.0
668,-1.001,0.999,1.493,-0.000,-0.002,-0.004,12.0
669,-1.001,1.000,1.493,-0.000,0.001,-0.001,12.0
670,-1.001,1.000,1.492,-0.000,0.003,0.002,12.0
671,-1.002,1.000,1.492,-0.000,0.003,0.003,12.0
672,-1.002,1.000,1.492,-0.000,0.002,0.003,12.0
673,-1.002,1.000,1.492,-0.000,0.004,0.008,12.0
674,-1.002,1.000,1.492,-0.000,0.001,0.004,12.0
675,-1.002,1.000,1.491,-0.000,-0.003,-0.001,12.0
676,-1.002,1.000,1.491,-0.000,-0.005,-0.004,12.0
677,-1.002,1.000,1.491,-0.000,-0.004,-0.005,12.0
678,-1.002,1.000,1.491,-0.000,-0.002,-0.004,12.0
679,-1.002,1.001,1.491,-0.000,0.004,0.003,12.0
680,-1.002,1.001,1.491,-0.000,0.007,0.009,12.0
681,-1.002,1.001,1.491,-0.000,0.008,0.011,12.0
682,-1.002,1.001,1.491,-0.000,0.006,0.009,12.0
683,-1.002,1.001,1.490,-0.000,0.004,0.006,12.0
684,-1.002,1.001,1.490,-0.000,0.001,0.002,12.0
685,-1.002,1.001,1.490,-0.000,-0.002,-0.001,12.0
686,-1.002,1.001,1.490,-0.000,-0.003,-0.003,12.0
687,-1.002,1.001,1.490,-0.000,-0.002,-0.003,12.0
688,-1.002,1.001,1.490,-0.000,-0.001,-0.002,12.0
689,-1.002,1.001,1.490,-0.000,-0.000,-0.001,12.0
690,-1.002,1.001,1.490,-0.000,0.001,0.001,12.0
691,-1.002,1.001,1.490,-0.000,0.001,0.002,12.0
692,-1.002,1.001,1.490,-0.000,0.001,0.002,12.0
693,-1.002,1.001,1.496,-0.000,0.001,0.001,12.0
694,-1.002,1.001,1.497,-0.000,0.000,0.001,12.0
695,-1.002,1.001,1.499,-0.000,-0.000,0.000,12.0
696,-1.002,1.001,1.500,-0.000,-0.000,-0.000,12.0
697,-1.002,1.001,1.500,-0.000,-0.000,-0.001,12.0
698,-1.002,1.001,1.501,-0.000,-0.000,-0.001,12.0
699,-1.002,1.001,1.502,-0.000,-0.000,-0.000,12.0
700,-1.002,1.001,1.503,-0.000,0.000,-0.000,12.0
701,-1.002,1.001,1.503,-0.000,0.000,0.000,12.0
702,-1.002,1.001,1.504,-0.000,0.000,0.000,12.0
703,-1.002,1.001,1.505,-0.000,0.000,0.000,12.0
704,-1.002,1.001,1.505,-0.000,0.000,0.000,12.0
705,-1.002,1.001,1.505,-0.000,0.000,0.000,12.0
706,-1.002,1.001,1.506,-0.000,-0.000,-0.000,12.0
707,-1.002,1.001,1.506,-0.000,-0.000,-0.000,12.0
708,-1.002,1.001,1.507,-0.000,-0.000,-0.000,12.0
709,-1.002,1.001,1.507,-0.000,-0.000,-0.000,12.0
710,-1.002,1.001,1.507,-0.000,-0.000,-0.000,12.0
711,-1.002,1.001,1.507,-0.000,0.000,0.000,12.0
712,-1.002,1.001,1.508,-0.000,0.000,0.000,12.0
713,-1.002,1.001,1.508,-0.000,0.000,0.000,12.0
714,-1.002,1.001,1.508,-0.000,0.000,0.000,12.0
715,-1.002,1.001,1.508,-0.000,0.000,0.000,12.0
716,-1.002,1.001,1.508,-0.000,0.000,0.000,12.0
717,-1.002,1.001,1.509,-0.000,-0.000,-0.000,12.0
718,-1.002,1.001,1.509,-0.000,-0.000,-0.000,12.0
719,-1.002,1.001,1.509,-0.000,-0.000,-0.000,12.0
720,-1.002,1.001,1.509,-0.000,-0.000,-0.000,12.0
721,-1.002,1.001,1.509,-0.000,-0.000,-0.000,12.0
722,-1.002,1.001,1.509,-0.000,0.000,0.000,12.0
723,-1.002,1.001,1.509,-0.000,0.000,0.000,12.0
724,-1.002,1.001,1.509,-0.000,0.000,0.000,12.0
725,-1.002,1.001,1.509,-0.000,0.000,0.000,12.0
726,-1.002,1.001,1.509,-0.000,0.000,0.000,12.0
727,-1.002,1.001,1.510,-0.000,-0.000,-0.000,12.0
728,-1.002,1.001,1.510,-0.000,-0.000,-0.000,12.0
729,-1.002,1.001,1.510,-0.000,-0.000,-0.000,12.0
730,-1.002,1.001,1.510,-0.000,-0.000,-0.000,12.0
731,-1.002,1.001,1.510,-0.000,-0.000,-0.000,12.0
732,-1.002,1.001,1.510,-0.000,-0.000,-0.000,12.0
733,-1.002,1.001,1.510,-0.000,0.000,0.000,12.0
734,-1.002,1.001,1.510,-0.000,0.000,0.000,12.0
735,-1.002,1.001,1.510,-0.000,0.000,0.000,12.0
736,-1.002,1.001,1.510,-0.000,0.000,0.000,12.0
737,-1.002,1.001,1.510,-0.000,0.000,0.000,12.0
738,-1.002,1.001,1.510,-0.000,-0.000,-0.000,12.0
739,-1.002,1.001,1.510,-0.000,-0.000,-0.000,12.0
740,-1.002,1.001,1.510,-0.000,-0.000,-0.000,12.0
741,-1.002,1.001,1.510,-0.000,-0.000,-0.000,12.0
742,-1.002,1.001,1.510,-0.000,-0.000,-0.000,12.0
743,-1.002,1.001,1.510,-0.000,0.000,0.000,12.0
744,-1.002,1.001,1.510,-0.000,0.000,0.000,12.0
745,-1.002,1.001,1.510,-0.000,0.000,0.000,12.0
746,-1.002,1.001,1.504,-0.000,0.000,0.000,12.0
747,-1.002,1.001,1.502,-0.000,0.000,0.000,12.0
748,-1.002,1.001,1.501,-0.000,0.000,0.000,12.0
749,-1.002,1.001,1.500,-0.000,-0.000,-0.000,12.0
750,-1.002,1.001,1.499,-0.000,-0.000,-0.000,12.0
751,-1.002,1.001,1.499,-0.000,-0.000,-0.000,12.0
752,-1.002,1.001,1.498,-0.000,-0.000,-0.000,12.0
753,-1.002,1.001,1.497,-0.000,-0.000,-0.000,12.0
754,-1.002,1.001,1.496,-0.000,0.000,0.000,12.0
755,-1.002,1.001,1.496,-0.000,0.000,0.000,12.0
756,-1.002,1.001,1.495,-0.000,0.000,0.000,12.0
757,-1.002,1.001,1.495,-0.000,0.000,0.000,12.0
758,-1.002,1.001,1.494,-0.000,0.000,0.000,12.0
759,-1.002,1.001,1.494,-0.000,-0.000,-0.000,12.0
760,-1.002,1.001,1.494,-0.000,-0.000,-0.000,12.0
761,-1.002,1.001,1.493,-0.000,-0.000,-0.000,12.0
762,-1.002,1.001,1.493,-0.000,-0.000,-0.000,12.0
763,-1.002,1.001,1.493,-0.000,-0.000,-0.000,12.0
764,-1.002,1.001,1.492,-0.000,-0.000,-0.000,12.0
765,-1.002,1.001,1.492,-0.000,0.000,0.000,12.0
766,-1.002,1.001,1.492,-0.000,0.000,0.000,12.0
767,-1.002,1.001,1.492,-0.000,0.000,0.000,12.0
768,-1.002,1.001,1.492,-0.000,0.000,0.000,12.0
769,-1.002,1.001,1.491,-0.000,0.000,0.000,12.0
770,-1.002,1.001,1.491,-0.000,-0.000,-0.000,12.0
771,-1.002,1.001,1.491,-0.000,-0.000,-0.000,12.0
772,-1.002,1.001,1.491,-0.000,-0.000,-0.000,12.0
773,-1.002,1.001,1.491,-0.000,-0.000,-0.000,12.0
774,-1.002,1.001,1.491,-0.000,-0.000,-0.000,12.0
775,-1.002,1.001,1.491,-0.000,0.000,0.000,12.0
776,-1.002,1.001,1.491,-0.000,0.000,0.000,12.0
777,-1.002,1.001,1.490,-0.000,0.000,0.000,12.0
778,-1.002,1.001,1.490,-0.000,0.000,0.000,12.0
779,-1.002,1.001,1.490,-0.000,0.000,0.000,12.0
780,-1.002,1.001,1.490,-0.000,0.000,0.000,12.0
781,-1.002,1.001,1.490,-0.000,-0.000,-0.000,12.0
782,-1.002,1.001,1.490,-0.000,-0.000,-0.000,12.0
783,-1.002,1.001,1.490,-0.000,-0.000,-0.000,12.0
784,-1.002,1.001,1.490,-0.000,-0.000,-0.000,12.0
785,-1.002,1.001,1.490,-0.000,-0.000,-0.000,12.0
786,-1.002,1.001,1.490,-0.000,0.000,0.000,12.0
787,-1.002,1.001,1.496,-0.000,0.000,0.000,12.0
788,-1.002,1.001,1.497,-0.000,0.000,0.000,12.0
789,-1.002,1.001,1.499,-0.000,0.000,0.000,12.0
790,-1.002,1.001,1.500,-0.000,0.000,0.000,12.0
791,-1.002,1.001,1.500,-0.000,-0.000,-0.000,12.0
792,-1.002,1.001,1.501,-0.000,-0.000,-0.000,12.0
793,-1.002,1.001,1.502,-0.000,-0.000,-0.000,12.0
794,-1.002,1.001,1.503,-0.000,-0.000,-0.000,12.0
795,-1.002,1.001,1.503,-0.000,-0.000,-0.000,12.0
796,-1.002,1.001,1.504,-0.000,-0.000,-0.000,12.0
797,-1.002,1.001,1.505,-0.000,0.000,0.000,12.0
798,-1.002,1.001,1.505,-0.000,0.000,0.000,12.0
799,-1.002,1.001,1.505,-0.000,0.000,0.000,12.0
800,-1.002,1.001,1.506,-0.000,0.000,0.000,12.0
801,-1.002,1.001,1.506,-0.000,0.000,0.000,12.0
802,-1.002,1.001,1.507,-0.000,-0.000,-0.000,12.0
803,-1.002,1.001,1.507,-0.000,-0.000,-0.000,12.0
804,-1.002,1.001,1.507,-0.000,-0.000,-0.000,12.0
805,-1.002,1.001,1.507,-0.000,-0.000,-0.000,12.0
806,-1.002,1.001,1.508,-0.000,-0.000,-0.000,12.0
807,-1.002,1.001,1.508,-0.000,0.000,0.000,12.0
808,-1.002,1.001,1.508,-0.000,0.000,0.000,12.0
809,-1.002,1.001,1.508,-0.000,0.000,0.000,12.0
810,-1.002,1.001,1.508,-0.000,0.000,0.000,12.0
811,-1.002,1.001,1.509,-0.000,0.000,0.000,12.0
812,-1.002,1.001,1.509,-0.000,0.000,0.000,12.0
813,-1.002,1.001,1.509,-0.000,-0.000,-0.000,12.0
814,-1.002,1.001,1.509,-0.000,-0.000,-0.000,12.0
815,-1.002,1.001,1.509,-0.000,-0.000,-0.000,12.0
816,-1.002,1.001,1.509,-0.000,-0.000,-0.000,12.0
817,-1.002,1.001,1.509,-0.000,-0.000,-0.000,12.0
818,-1.002,1.001,1.509,-0.000,0.000,0.000,12.0
819,-1.002,1.001,1.509,-0.000,0.000,0.000,12.0
820,-1.002,1.001,1.509,-0.000,0.000,0.000,12.0
821,-1.002,1.001,1.510,-0.000,0.000,0.000,12.0
822,-1.002,1.001,1.510,-0.000,0.000,0.000,12.0
823,-1.002,1.001,1.510,-0.000,-0.000,-0.000,12.0
824,-1.002,1.001,1.510,-0.000,-0.000,-0.000,12.0
825,-1.002,1.001,1.510,-0.000,-0.000,-0.000,12.0
826,-1.002,1.001,1.510,-0.000,-0.000,-0.000,12.0
827,-1.002,1.001,1.510,-0.000,-0.000,-0.000,12.0
828,-1.002,1.001,1.510,-0.000,-0.000,-0.000,12.0
829,-1.002,1.001,1.510,-0.000,0.000,0.000,12.0
830,-1.002,1.001,1.510,-0.000,-0.006,0.002,12.0
831,-1.002,1.001,1.510,-0.000,-0.010,0.004,12.0
832,-1.002,1.001,1.510,-0.000,-0.011,0.005,12.0
833,-1.002,1.001,1.510,-0.000,-0.008,0.004,12.0
834,-1.002,1.001,1.510,-0.000,-0.004,0.003,12.0
835,-1.003,1.001,1.510,-0.000,-0.002,0.001,12.0
836,-1.003,1.001,1.510,-0.000,0.000,-0.000,12.0
837,-1.003,1.000,1.510,-0.000,0.001,-0.001,12.0
838,-1.003,1.000,1.510,-0.000,0.001,-0.001,12.0
839,-1.003,1.000,1.504,-0.000,0.000,-0.001,12.0
840,-1.003,1.000,1.502,-0.000,-0.002,0.000,12.0
841,-1.003,1.000,1.501,-0.000,-0.003,0.001,12.0
842,-1.004,1.000,1.500,-0.000,-0.003,0.002,12.0
843,-1.004,1.000,1.499,-0.000,-0.003,0.002,12.0
844,-1.004,1.000,1.499,-0.000,-0.002,0.001,12.0
845,-1.004,1.000,1.498,-0.000,-0.001,0.001,12.0
846,-1.004,1.000,1.497,-0.000,-0.001,-0.000,12.0
847,-1.004,1.000,1.496,-0.000,-0.001,-0.000,12.0
848,-1.005,1.000,1.496,-0.000,0.000,-0.000,12.0
849,-1.005,1.000,1.495,-0.000,0.001,0.000,12.0
850,-1.005,1.000,1.495,-0.000,-0.000,0.002,12.0
851,-1.005,0.999,1.494,-0.000,-0.001,0.002,12.0
852,-1.005,0.999,1.494,-0.000,-0.001,0.002,12.0
853,-1.006,0.999,1.494,-0.000,-0.000,0.002,12.0
854,-1.006,0.999,1.493,-0.000,-0.000,0.001,12.0
855,-1.006,0.999,1.493,-0.000,-0.000,0.001,12.0
856,-1.006,0.999,1.493,-0.000,-0.000,0.000,12.0
857,-1.006,0.999,1.492,-0.000,-0.000,-0.000,12.0
858,-1.006,0.999,1.492,-0.000,0.001,0.000,12.0
859,-1.007,0.999,1.492,-0.000,0.001,0.000,12.0
860,-1.007,0.998,1.492,-0.000,0.001,0.001,12.0
861,-1.007,0.998,1.492,-0.000,-0.001,0.002,12.0
862,-1.007,0.998,1.491,-0.000,-0.001,0.002,12.0
863,-1.007,0.998,1.491,-0.000,-0.001,0.002,12.0
864,-1.008,0.998,1.491,-0.000,-0.001,0.001,12.0
865,-1.008,0.998,1.491,-0.000,-0.001,0.000,12.0
866,-1.008,0.998,1.491,-0.000,-0.000,-0.000,12.0
867,-1.008,0.997,1.491,-0.000,0.001,-0.000,12.0
868,-1.008,0.997,1.491,-0.000,0.001,-0.000,12.0
869,-1.009,0.997,1.491,-0.000,0.002,0.000,12.0
870,-1.009,0.997,1.490,-0.000,0.002,0.001,12.0
871,-1.009,0.997,1.490,-0.000,-0.000,0.002,12.0
872,-1.009,0.997,1.490,-0.000,-0.001,0.002,12.0
873,-1.009,0.997,1.490,-0.000,-0.001,0.001,12.0
874,-1.010,0.996,1.490,-0.000,-0.001,0.001,12.0
875,-1.010,0.996,1.490,-0.000,-0.001,-0.000,12.0
876,-1.010,0.996,1.490,-0.000,0.001,-0.001,12.0
877,-1.010,0.996,1.490,-0.000,0.003,-0.001,12.0
878,-1.010,0.996,1.490,-0.000,0.005,-0.001,12.0
879,-1.011,0.996,1.490,-0.000,0.006,-0.001,12.0
880,-1.011,0.995,1.490,-0.000,0.006,-0.001,12.0
881,-1.011,0.995,1.490,-0.000,0.005,-0.001,12.0
882,-1.011,0.995,1.496,-0.000,0.003,-0.002,12.0
883,-1.011,0.995,1.497,-0.000,0.000,-0.003,12.0
884,-1.011,0.995,1.499,-0.000,-0.002,-0.002,12.0
885,-1.011,0.995,1.500,-0.000,-0.003,-0.002,12.0
886,-1.011,0.995,1.501,-0.000,-0.003,-0.002,12.0
887,-1.011,0.994,1.501,-0.000,-0.000,-0.002,12.0
888,-1.012,0.994,1.502,-0.000,0.007,-0.006,12.0
889,-1.012,0.994,1.503,-0.000,0.011,-0.009,12.0
890,-1.012,0.994,1.503,-0.000,0.011,-0.009,12.0
891,-1.012,0.994,1.504,-0.000,0.009,-0.007,12.0
892,-1.012,0.994,1.505,-0.000,0.004,-0.003,12.0
893,-1.012,0.994,1.505,-0.000,0.000,-0.000,12.0
894,-1.012,0.994,1.506,-0.000,-0.002,0.002,12.0
895,-1.012,0.994,1.506,-0.000,-0.003,0.002,12.0
896,-1.012,0.994,1.506,-0.000,-0.003,0.002,12.0
897,-1.012,0.994,1.507,-0.000,-0.002,0.001,12.0
898,-1.012,0.994,1.507,-0.000,0.000,-0.000,12.0
899,-1.012,0.994,1.507,-0.000,0.001,-0.001,12.0
900,-1.012,0.994,1.508,-0.000,0.002,-0.001,12.0
901,-1.012,0.994,1.508,-0.000,0.002,-0.001,12.0
902,-1.012,0.994,1.508,-0.000,0.001,-0.001,12.0
903,-1.012,0.994,1.508,-0.000,0.000,-0.000,12.0
904,-1.012,0.994,1.508,-0.000,-0.000,0.000,12.0
905,-1.012,0.994,1.509,-0.000,-0.001,0.000,12.0
906,-1.012,0.994,1.509,-0.000,-0.001,0.000,12.0
907,-1.012,0.994,1.509,-0.000,0.006,0.000,12.0
908,-1.012,0.994,1.509,-0.000,0.012,-0.001,12.0
909,-1.012,0.994,1.509,-0.000,0.012,-0.001,12.0
910,-1.012,0.994,1.509,-0.000,0.009,-0.002,12.0
911,-1.011,0.994,1.509,-0.000,0.005,-0.002,12.0
912,-1.011,0.994,1.509,-0.000,0.001,-0.003,12.0
913,-1.011,0.994,1.509,-0.000,-0.001,-0.002,12.0
914,-1.011,0.994,1.509,-0.000,-0.002,-0.002,12.0
915,-1.011,0.994,1.510,-0.000,-0.002,-0.001,12.0
916,-1.011,0.994,1.510,-0.000,0.000,-0.001,12.0
917,-1.011,0.994,1.510,-0.000,0.002,-0.001,12.0
918,-1.010,0.994,1.510,-0.000,0.004,-0.002,12.0
919,-1.010,0.994,1.510,-0.000,0.005,-0.002,12.0
920,-1.010,0.995,1.510,-0.000,0.004,-0.002,12.0
921,-1.010,0.995,1.510,-0.000,0.001,-0.002,12.0
922,-1.010,0.995,1.510,-0.000,-0.002,-0.002,12.0
923,-1.009,0.995,1.510,-0.000,-0.003,-0.002,12.0
924,-1.009,0.995,1.510,-0.000,-0.003,-0.001,12.0
925,-1.009,0.995,1.510,-0.000,-0.001,-0.001,12.0
926,-1.009,0.995,1.510,-0.000,0.001,-0.001,12.0
927,-1.009,0.995,1.510,-0.000,0.003,-0.001,12.0
928,-1.009,0.995,1.510,-0.000,0.004,-0.002,12.0
929,-1.008,0.995,1.504,-0.000,0.004,-0.002,12.0
930,-1.008,0.996,1.503,-0.000,0.003,-0.002,12.0
931,-1.008,0.996,1.501,-0.000,0.002,-0.002,12.0
932,-1.008,0.996,1.500,-0.000,-0.001,-0.002,12.0
933,-1.007,0.996,1.499,-0.000,-0.004,-0.001,12.0
934,-1.007,0.996,1.499,-0.000,-0.004,-0.001,12.0
935,-1.007,0.996,1.498,-0.000,-0.002,-0.001,12.0
936,-1.007,0.997,1.497,-0.000,-0.000,-0.001,12.0
937,-1.007,0.997,1.496,-0.000,0.002,-0.001,12.0
938,-1.006,0.997,1.496,-0.000,0.004,-0.001,12.0
939,-1.006,0.997,1.495,-0.000,0.004,-0.002,12.0
940,-1.006,0.997,1.495,-0.000,0.003,-0.002,12.0
941,-1.006,0.997,1.494,-0.000,0.001,-0.002,12.0
942,-1.005,0.998,1.494,-0.000,-0.000,-0.001,12.0
943,-1.005,0.998,1.494,-0.000,-0.002,-0.000,12.0
944,-1.005,0.998,1.493,-0.000,-0.003,0.000,12.0
945,-1.005,0.998,1.493,-0.000,-0.003,-0.000,12.0
946,-1.005,0.998,1.493,-0.000,-0.001,-0.000,12.0
947,-1.004,0.999,1.492,-0.000,0.001,-0.001,12.0
948,-1.004,0.999,1.492,-0.000,0.002,-0.001,12.0
949,-1.004,0.999,1.492,-0.000,0.003,-0.002,12.0
950,-1.004,0.999,1.492,-0.000,0.002,-0.002,12.0
951,-1.003,0.999,1.492,-0.000,0.001,-0.001,12.0
952,-1.003,1.000,1.491,-0.000,0.000,-0.001,12.0
953,-1.003,1.000,1.491,-0.000,0.000,-0.000,12.0
954,-1.003,1.000,1.491,-0.000,-0.002,0.000,12.0
955,-1.002,1.000,1.491,-0.000,-0.002,0.000,12.0
956,-1.002,1.001,1.491,-0.000,-0.002,-0.000,12.0
957,-1.002,1.001,1.491,-0.000,-0.000,-0.001,12.0
958,-1.002,1.001,1.491,-0.000,0.000,-0.001,12.0
959,-1.001,1.001,1.491,-0.000,0.001,-0.001,12.0
960,-1.001,1.002,1.491,-0.000,0.001,-0.001,12.0
961,-1.001,1.002,1.490,-0.000,0.001,-0.001,12.0
962,-1.001,1.002,1.490,-0.000,0.001,-0.000,12.0
963,-1.000,1.002,1.490,-0.000,0.002,0.000,12.0
964,-1.000,1.003,1.490,-0.000,0.002,0.000,12.0
965,-1.000,1.003,1.490,-0.000,0.000,0.001,12.0
966,-1.000,1.003,1.490,-0.000,-0.001,0.001,12.0
967,-0.999,1.003,1.490,-0.000,-0.002,0.001,12.0
968,-0.999,1.004,1.490,-0.000,-0.002,0.001,12.0
969,-0.999,1.004,1.490,-0.000,-0.001,0.001,12.0
970,-0.999,1.004,1.490,-0.000,0.001,0.002,12.0
971,-0.998,1.004,1.490,-0.000,0.003,0.002,12.0
972,-0.998,1.004,1.490,-0.000,0.004,0.003,12.0
973,-0.998,1.005,1.496,-0.000,0.004,0.003,12.0
974,-0.998,1.005,1.497,-0.000,0.002,0.003,12.0
975,-0.997,1.005,1.499,-0.000,0.001,0.003,12.0
976,-0.997,1.005,1.500,-0.000,-0.002,0.003,12.0
977,-0.997,1.005,1.501,-0.000,-0.006,0.003,12.0
978,-0.996,1.006,1.501,-0.000,-0.009,0.004,12.0
979,-0.996,1.006,1.502,-0.000,-0.010,0.004,12.0
980,-0.996,1.006,1.503,-0.000,-0.009,0.003,12.0
981,-0.996,1.006,1.503,-0.000,-0.006,0.003,12.0
982,-0.996,1.006,1.504,-0.000,-0.002,0.002,12.0
983,-0.996,1.006,1.505,-0.000,0.000,0.002,12.0
984,-0.995,1.006,1.505,-0.000,0.002,0.003,12.0
985,-0.995,1.007,1.506,-0.000,0.002,0.003,12.0
986,-0.995,1.007,1.506,-0.000,0.001,0.004,12.0
987,-0.995,1.007,1.506,-0.000,-0.008,0.006,12.0
988,-0.995,1.007,1.507,-0.000,-0.013,0.007,12.0
989,-0.995,1.007,1.507,-0.000,-0.014,0.006,12.0
990,-0.995,1.007,1.507,-0.000,-0.011,0.003,12.0
991,-0.995,1.007,1.508,-0.000,-0.006,0.001,12.0
992,-0.995,1.007,1.508,-0.000,-0.001,-0.000,12.0
993,-0.995,1.007,1.508,-0.000,0.002,-0.001,12.0
994,-0.995,1.007,1.508,-0.000,0.004,-0.001,12.0
995,-0.995,1.007,1.508,-0.000,0.004,-0.001,12.0
996,-0.995,1.007,1.508,-0.000,0.002,-0.000,12.0
997,-0.995,1.007,1.509,-0.000,0.000,0.001,12.0
998,-0.995,1.007,1.509,-0.000,-0.001,0.001,12.0
999,-0.995,1.007,1.509,-0.000,-0.002,0.001,12.0
1000,-0.995,1.007,1.509,-0.000,-0.002,0.001,12.0
1001,-0.995,1.007,1.509,-0.000,-0.002,0.000,12.0
1002,-0.995,1.007,1.509,-0.000,-0.001,0.000,12.0
1003,-0.995,1.007,1.509,-0.000,0.000,-0.000,12.0
1004,-0.995,1.007,1.509,-0.000,0.001,-0.000,12.0
1005,-0.995,1.007,1.509,-0.000,0.001,-0.000,12.0
1006,-0.995,1.007,1.510,-0.000,0.001,-0.000,12.0
1007,-0.995,1.007,1.510,-0.000,0.000,0.000,12.0
1008,-0.995,1.007,1.510,-0.000,-0.000,0.000,12.0
1009,-0.995,1.007,1.510,-0.000,-0.004,0.005,12.0
1010,-0.995,1.007,1.510,-0.000,-0.007,0.009,12.0
1011,-0.995,1.007,1.510,-0.000,-0.007,0.010,12.0
1012,-0.995,1.007,1.510,-0.000,-0.006,0.008,12.0
1013,-0.995,1.007,1.510,-0.000,0.001,-0.001,12.0
1014,-0.995,1.007,1.510,-0.000,0.006,-0.008,12.0
1015,-0.995,1.006,1.510,-0.000,0.009,-0.011,12.0
1016,-0.995,1.006,1.510,-0.000,0.008,-0.010,12.0
1017,-0.995,1.006,1.510,-0.000,0.005,-0.007,12.0
1018,-0.995,1.006,1.510,-0.000,-0.004,0.001,12.0
1019,-0.995,1.006,1.510,-0.000,-0.010,0.008,12.0
1020,-0.995,1.006,1.504,-0.000,-0.012,0.011,12.0
1021,-0.995,1.006,1.503,-0.000,-0.009,0.010,12.0
1022,-0.995,1.006,1.501,-0.000,-0.005,0.007,12.0
1023,-0.995,1.006,1.500,-0.000,0.000,0.003,12.0
1024,-0.995,1.006,1.499,-0.000,0.004,-0.001,12.0
1025,-0.995,1.006,1.499,-0.000,0.005,-0.003,12.0
1026,-0.996,1.006,1.498,-0.000,0.004,-0.004,12.0
1027,-0.996,1.006,1.497,-0.000,-0.000,-0.002,12.0
1028,-0.996,1.006,1.496,-0.000,-0.002,0.000,12.0
1029,-0.996,1.006,1.496,-0.000,-0.003,0.002,12.0
1030,-0.996,1.005,1.495,-0.000,-0.003,0.003,12.0
1031,-0.996,1.005,1.495,-0.000,-0.001,0.002,12.0
1032,-0.996,1.005,1.494,-0.000,0.001,0.001,12.0
1033,-0.996,1.005,1.494,-0.000,0.002,0.000,12.0
1034,-0.996,1.005,1.494,-0.000,0.002,-0.000,12.0
1035,-0.996,1.005,1.493,-0.000,0.002,-0.000,12.0
1036,-0.997,1.005,1.493,-0.000,0.001,-0.001,12.0
1037,-0.997,1.005,1.493,-0.000,-0.001,-0.001,12.0
1038,-0.997,1.005,1.492,-0.000,-0.003,-0.000,12.0
1039,-0.997,1.005,1.492,-0.000,-0.003,0.000,12.0
1040,-0.997,1.004,1.492,-0.000,-0.002,0.001,12.0
1041,-0.997,1.004,1.492,-0.000,0.000,0.001,12.0
1042,-0.997,1.004,1.492,-0.000,0.002,0.001,12.0
1043,-0.997,1.004,1.491,-0.000,0.002,0.001,12.0
1044,-0.997,1.004,1.491,-0.000,-0.001,-0.005,12.0
1045,-0.998,1.004,1.491,-0.000,0.005,-0.009,12.0
1046,-0.998,1.004,1.491,-0.000,0.001,-0.009,12.0
1047,-0.998,1.004,1.491,-0.000,-0.004,-0.006,12.0
1048,-0.998,1.004,1.491,-0.000,-0.006,-0.001,12.0
1049,-0.998,1.004,1.491,-0.000,-0.005,0.003,12.0
1050,-0.998,1.004,1.491,-0.000,-0.002,0.005,12.0
1051,-0.998,1.004,1.491,-0.000,0.008,0.003,12.0
1052,-0.998,1.004,1.490,-0.000,0.014,-0.001,12.0
1053,-0.999,1.004,1.490,-0.000,0.014,-0.003,12.0
1054,-0.999,1.004,1.490,-0.000,0.011,-0.004,12.0
1055,-0.999,1.004,1.490,-0.000,0.006,-0.004,12.0
1056,-0.999,1.004,1.490,-0.000,0.001,-0.002,12.0
1057,-0.998,1.004,1.490,-0.000,-0.003,-0.001,12.0
1058,-0.998,1.004,1.490,-0.000,-0.005,0.000,12.0
1059,-0.998,1.004,1.490,-0.000,-0.004,0.001,12.0
1060,-0.998,1.004,1.490,-0.000,-0.002,0.001,12.0
1061,-0.999,1.004,1.490,-0.000,-0.000,0.001,12.0
1062,-0.999,1.004,1.490,-0.000,0.002,0.000,12.0
1063,-0.999,1.004,1.490,-0.000,0.002,-0.000,12.0
1064,-0.999,1.004,1.496,-0.000,0.002,-0.001,12.0
1065,-0.999,1.004,1.497,-0.000,0.002,-0.001,12.0
1066,-0.999,1.004,1.499,-0.000,0.001,-0.001,12.0
1067,-0.999,1.004,1.500,-0.000,-0.000,-0.000,12.0
1068,-0.999,1.004,1.501,-0.000,-0.001,-0.000,12.0
1069,-0.999,1.004,1.501,-0.000,-0.001,0.000,12.0
1070,-0.999,1.004,1.502,-0.000,-0.001,0.000,12.0
1071,-0.999,1.004,1.503,-0.000,-0.000,0.000,12.0
1072,-0.999,1.004,1.503,-0.000,0.000,0.000,12.0
1073,-0.999,1.004,1.504,-0.000,0.000,0.000,12.0
1074,-0.999,1.004,1.505,-0.000,0.000,-0.000,12.0
1075,-0.999,1.004,1.505,-0.000,0.000,-0.000,12.0
1076,-0.999,1.004,1.506,-0.000,0.000,-0.000,12.0
1077,-0.999,1.004,1.506,-0.000,0.000,-0.000,12.0
1078,-0.999,1.004,1.506,-0.000,-0.000,-0.000,12.0
1079,-0.999,1.004,1.507,-0.000,-0.000,0.000,12.0
1080,-0.999,1.004,1.507,-0.000,-0.000,0.000,12.0
1081,-0.999,1.004,1.507,-0.000,-0.000,0.000,12.0
1082,-0.999,1.004,1.508,-0.000,0.006,0.002,12.0
1083,-0.999,1.004,1.508,-0.000,0.012,0.003,12.0
1084,-0.998,1.004,1.508,-0.000,0.014,0.003,12.0
1085,-0.998,1.004,1.508,-0.000,0.012,0.002,12.0
1086,-0.998,1.003,1.508,-0.000,0.008,0.001,12.0
1087,-0.998,1.003,1.508,-0.000,0.003,0.001,12.0
1088,-0.998,1.003,1.509,-0.000,-0.001,0.001,12.0
1089,-0.998,1.003,1.509,-0.000,-0.004,0.001,12.0
1090,-0.997,1.003,1.509,-0.000,-0.005,0.001,12.0
1091,-0.997,1.003,1.509,-0.000,-0.003,0.001,12.0
1092,-0.997,1.003,1.509,-0.000,0.000,0.001,12.0
1093,-0.997,1.003,1.509,-0.000,0.004,0.000,12.0
1094,-0.997,1.003,1.509,-0.000,0.006,0.000,12.0
1095,-0.997,1.003,1.509,-0.000,0.006,0.000,12.0
1096,-0.996,1.003,1.509,-0.000,0.004,0.001,12.0
1097,-0.996,1.003,1.510,-0.000,0.002,0.001,12.0
1098,-0.996,1.003,1.510,-0.000,0.001,0.000,12.0
1099,-0.996,1.003,1.510,-0.000,0.001,0.000,12.0
1100,-0.996,1.003,1.510,-0.000,-0.001,0.001,12.0
1101,-0.995,1.003,1.510,-0.000,-0.001,0.001,12.0
1102,-0.995,1.003,1.510,-0.000,-0.001,0.000,12.0
1103,-0.995,1.002,1.510,-0.000,0.001,0.000,12.0
1104,-0.995,1.002,1.510,-0.000,0.002,0.000,12.0
1105,-0.994,1.002,1.510,-0.000,0.002,0.001,12.0
1106,-0.994,1.002,1.510,-0.000,0.002,0.001,12.0
1107,-0.994,1.002,1.510,-0.000,0.001,0.001,12.0
1108,-0.994,1.002,1.510,-0.000,0.001,0.001,12.0
1109,-0.993,1.002,1.510,-0.000,0.002,0.000,12.0
1110,-0.993,1.002,1.510,-0.000,0.002,-0.000,12.0
1111,-0.993,1.002,1.504,-0.000,0.001,-0.000,12.0
1112,-0.993,1.002,1.503,-0.000,-0.000,-0.000,12.0
1113,-0.992,1.002,1.501,-0.000,-0.001,-0.000,12.0
1114,-0.992,1.001,1.500,-0.000,0.000,0.000,12.0
1115,-0.992,1.001,1.499,-0.000,0.001,0.001,12.0
1116,-0.991,1.001,1.499,-0.000,-0.000,0.001,12.0
1117,-0.991,1.001,1.498,-0.000,-0.000,0.002,12.0
1118,-0.991,1.001,1.497,-0.000,0.001,0.001,12.0
1119,-0.991,1.001,1.496,-0.000,0.002,0.000,12.0
1120,-0.990,1.001,1.496,-0.000,0.003,-0.001,12.0
1121,-0.990,1.001,1.495,-0.000,0.003,-0.001,12.0
1122,-0.990,1.001,1.495,-0.000,0.002,-0.001,12.0
1123,-0.989,1.001,1.494,-0.000,-0.001,-0.000,12.0
1124,-0.989,1.000,1.494,-0.000,-0.002,-0.000,12.0
1125,-0.989,1.000,1.494,-0.000,-0.001,0.000,12.0
1126,-0.988,1.000,1.493,-0.000,-0.001,0.001,12.0
1127,-0.988,1.000,1.493,-0.000,-0.002,0.001,12.0
1128,-0.988,1.000,1.493,-0.000,-0.001,0.001,12.0
1129,-0.988,1.000,1.492,-0.000,0.000,0.000,12.0
1130,-0.987,1.000,1.492,-0.000,0.002,-0.000,12.0
1131,-0.987,1.000,1.492,-0.000,0.002,-0.000,12.0
1132,-0.987,1.000,1.492,-0.000,0.003,-0.000,12.0
1133,-0.986,1.000,1.492,-0.000,0.002,-0.000,12.0
1134,-0.986,0.999,1.491,-0.000,-0.000,-0.000,12.0
1135,-0.986,0.999,1.491,-0.000,-0.002,-0.000,12.0
1136,-0.985,0.999,1.491,-0.000,-0.002,-0.000,12.0
1137,-0.985,0.999,1.491,-0.000,-0.003,-0.001,12.0
1138,-0.985,0.999,1.491,-0.000,-0.002,-0.001,12.0
1139,-0.984,0.999,1.491,-0.000,-0.002,-0.001,12.0
1140,-0.984,0.999,1.491,-0.000,-0.001,-0.001,12.0
1141,-0.984,0.999,1.491,-0.000,0.000,-0.001,12.0
1142,-0.983,0.999,1.491,-0.000,0.001,-0.001,12.0
1143,-0.983,0.999,1.491,-0.000,-0.001,-0.002,12.0
1144,-0.983,0.998,1.490,-0.000,-0.002,-0.002,12.0
1145,-0.983,0.998,1.490,-0.000,-0.002,-0.001,12.0
1146,-0.982,0.998,1.490,-0.000,-0.003,-0.002,12.0
1147,-0.982,0.998,1.490,-0.000,-0.002,-0.001,12.0
1148,-0.982,0.998,1.490,-0.000,-0.001,-0.000,12.0
1149,-0.981,0.998,1.490,-0.000,0.000,0.000,12.0
1150,-0.981,0.998,1.490,-0.000,0.001,0.001,12.0
1151,-0.981,0.998,1.490,-0.000,0.001,0.000,12.0
1152,-0.981,0.998,1.490,-0.000,-0.000,-0.000,12.0
1153,-0.980,0.998,1.490,-0.000,-0.003,-0.002,12.0
1154,-0.980,0.998,1.490,-0.000,-0.005,-0.003,12.0
1155,-0.980,0.998,1.490,-0.000,-0.008,-0.004,12.0
1156,-0.980,0.998,1.490,-0.000,-0.010,-0.004,12.0
1157,-0.979,0.998,1.496,-0.000,-0.016,-0.003,12.0
1158,-0.979,0.998,1.497,-0.000,-0.017,-0.002,12.0
1159,-0.979,0.998,1.499,-0.000,-0.014,0.000,12.0
1160,-0.979,0.998,1.500,-0.000,-0.008,0.001,12.0
1161,-0.979,0.998,1.501,-0.000,-0.003,0.001,12.0
1162,-0.979,0.998,1.501,-0.000,0.002,0.001,12.0
1163,-0.979,0.998,1.502,-0.000,0.004,0.000,12.0
1164,-0.979,0.998,1.503,-0.000,0.004,-0.000,12.0
1165,-0.979,0.998,1.504,-0.000,0.002,-0.001,12.0
1166,-0.979,0.998,1.504,-0.000,0.000,-0.001,12.0
1167,-0.979,0.998,1.505,-0.000,-0.002,-0.001,12.0
1168,-0.979,0.998,1.505,-0.000,-0.002,-0.000,12.0
1169,-0.979,0.998,1.506,-0.000,-0.003,-0.000,12.0
1170,-0.979,0.998,1.506,-0.000,-0.002,0.000,12.0
1171,-0.979,0.998,1.506,-0.000,-0.001,0.000,12.0
1172,-0.979,0.998,1.507,-0.000,0.000,0.000,12.0
1173,-0.979,0.998,1.507,-0.000,0.001,0.000,12.0
1174,-0.979,0.998,1.507,-0.000,0.001,0.000,12.0
1175,-0.979,0.998,1.508,-0.000,0.001,-0.000,12.0
1176,-0.979,0.998,1.508,-0.000,0.000,-0.000,12.0
1177,-0.979,0.998,1.508,-0.000,-0.000,-0.000,12.0
1178,-0.979,0.998,1.508,-0.000,-0.000,-0.000,12.0
1179,-0.979,0.998,1.508,-0.000,-0.000,-0.000,12.0
1180,-0.979,0.998,1.509,-0.000,-0.007,-0.000,12.0
1181,-0.979,0.998,1.509,-0.000,-0.011,-0.000,12.0
1182,-0.979,0.998,1.509,-0.000,-0.012,-0.000,12.0
1183,-0.979,0.998,1.509,-0.000,-0.009,0.000,12.0
1184,-0.979,0.998,1.509,-0.000,-0.007,0.000,12.0
1185,-0.980,0.998,1.509,-0.000,-0.003,0.000,12.0
1186,-0.980,0.998,1.509,-0.000,-0.001,0.000,12.0
1187,-0.980,0.998,1.509,-0.000,0.001,0.000,12.0
1188,-0.980,0.998,1.509,-0.000,0.002,0.000,12.0
1189,-0.980,0.998,1.510,-0.000,0.001,-0.000,12.0
1190,-0.980,0.998,1.510,-0.000,0.000,-0.000,12.0
1191,-0.981,0.998,1.510,-0.000,-0.002,-0.000,12.0
1192,-0.981,0.998,1.510,-0.000,-0.003,0.000,12.0
1193,-0.981,0.998,1.510,-0.000,-0.004,0.000,12.0
1194,-0.981,0.998,1.510,-0.000,-0.005,0.001,12.0
1195,-0.981,0.998,1.510,-0.000,-0.005,0.001,12.0
1196,-0.982,0.998,1.510,-0.000,-0.003,0.001,12.0
1197,-0.982,0.998,1.510,-0.000,-0.000,0.001,12.0
1198,-0.982,0.998,1.510,-0.000,0.001,0.001,12.0
1199,-0.982,0.998,1.510,-0.000,0.002,0.000,12.0
1200,-0.983,0.998,1.510,-0.000,0.002,-0.000,12.0
1201,-0.983,0.998,1.504,-0.000,0.002,-0.000,12.0
1202,-0.983,0.998,1.503,-0.000,0.001,0.000,12.0
1203,-0.983,0.998,1.501,-0.000,-0.000,0.000,12.0
1204,-0.983,0.998,1.500,-0.000,-0.002,0.001,12.0
1205,-0.984,0.997,1.499,-0.000,-0.005,0.001,12.0
1206,-0.984,0.997,1.499,-0.000,-0.006,0.002,12.0
1207,-0.984,0.997,1.498,-0.000,-0.005,0.001,12.0
1208,-0.984,0.997,1.497,-0.000,-0.002,0.001,12.0
1209,-0.985,0.997,1.497,-0.000,0.001,0.001,12.0
1210,-0.985,0.997,1.496,-0.000,0.003,0.000,12.0
1211,-0.985,0.997,1.495,-0.000,0.004,0.000,12.0
1212,-0.985,0.997,1.495,-0.000,0.004,0.000,12.0
1213,-0.986,0.997,1.494,-0.000,0.003,0.001,12.0
1214,-0.986,0.997,1.494,-0.000,0.002,0.001,12.0
1215,-0.986,0.997,1.494,-0.000,0.000,0.001,12.0
1216,-0.986,0.997,1.493,-0.000,-0.003,0.001,12.0
1217,-0.987,0.997,1.493,-0.000,-0.005,0.001,12.0
1218,-0.987,0.997,1.493,-0.000,-0.005,0.000,12.0
1219,-0.987,0.997,1.492,-0.000,-0.003,0.000,12.0
1220,-0.987,0.997,1.492,-0.000,-0.001,-0.000,12.0
1221,-0.988,0.997,1.492,-0.000,0.002,0.000,12.0
1222,-0.988,0.996,1.492,-0.000,0.003,0.000,12.0
1223,-0.988,0.996,1.492,-0.000,0.004,0.001,12.0
1224,-0.989,0.996,1.491,-0.000,0.004,0.001,12.0
1225,-0.989,0.996,1.491,-0.000,0.003,0.001,12.0
1226,-0.989,0.996,1.491,-0.000,-0.000,0.000,12.0
1227,-0.989,0.996,1.491,-0.000,-0.003,-0.000,12.0
1228,-0.990,0.996,1.491,-0.000,-0.005,-0.001,12.0
1229,-0.990,0.996,1.491,-0.000,-0.006,-0.001,12.0
1230,-0.990,0.996,1.491,-0.000,-0.005,-0.002,12.0
1231,-0.990,0.996,1.491,-0.000,-0.003,-0.002,12.0
1232,-0.991,0.996,1.491,-0.000,-0.001,-0.001,12.0
1233,-0.991,0.996,1.491,-0.000,0.001,-0.001,12.0
1234,-0.991,0.996,1.490,-0.000,0.003,-0.000,12.0
1235,-0.992,0.996,1.490,-0.000,0.003,-0.000,12.0
1236,-0.992,0.995,1.490,-0.000,0.002,-0.000,12.0
1237,-0.992,0.995,1.490,-0.000,0.000,-0.000,12.0
1238,-0.993,0.995,1.490,-0.000,-0.001,-0.001,12.0
1239,-0.993,0.995,1.490,-0.000,-0.002,-0.001,12.0
1240,-0.993,0.995,1.490,-0.000,-0.003,-0.001,12.0
1241,-0.993,0.995,1.490,-0.000,-0.003,-0.001,12.0
1242,-0.994,0.995,1.490,-0.000,-0.003,-0.001,12.0
1243,-0.994,0.995,1.490,-0.000,-0.002,-0.001,12.0
1244,-0.995,0.995,1.490,-0.000,-0.001,-0.001,12.0
1245,-0.995,0.995,1.490,-0.000,-0.000,-0.000,12.0
1246,-0.995,0.995,1.490,-0.000,-0.000,-0.001,12.0
1247,-0.996,0.995,1.496,-0.000,-0.000,-0.000,12.0
1248,-0.996,0.995,1.497,-0.000,-0.000,0.000,12.0
1249,-0.996,0.995,1.499,-0.000,0.000,-0.000,12.0
1250,-0.997,0.995,1.500,-0.000,0.000,-0.001,12.0
1251,-0.997,0.995,1.501,-0.000,0.000,-0.001,12.0
1252,-0.997,0.995,1.501,-0.000,-0.001,-0.001,12.0
1253,-0.998,0.995,1.502,-0.000,-0.001,-0.001,12.0
1254,-0.998,0.995,1.503,-0.000,-0.002,-0.001,12.0
1255,-0.998,0.995,1.503,-0.000,-0.002,-0.000,12.0
1256,-0.999,0.995,1.504,-0.000,-0.002,-0.000,12.0
1257,-0.999,0.995,1.505,-0.000,-0.001,-0.000,12.0
1258,-1.000,0.995,1.505,-0.000,-0.000,0.000,12.0
1259,-1.000,0.995,1.506,-0.000,0.001,-0.000,12.0
1260,-1.000,0.995,1.506,-0.000,0.002,-0.000,12.0
1261,-1.001,0.995,1.506,-0.000,0.003,-0.001,12.0
1262,-1.001,0.995,1.507,-0.000,0.002,-0.001,12.0
1263,-1.002,0.995,1.507,-0.000,0.001,-0.000,12.0
1264,-1.002,0.995,1.507,-0.000,0.000,-0.000,12.0
1265,-1.002,0.995,1.508,-0.000,-0.001,-0.000,12.0
1266,-1.003,0.995,1.508,-0.000,-0.002,-0.000,12.0
1267,-1.003,0.995,1.508,-0.000,-0.001,-0.001,12.0
1268,-1.003,0.995,1.508,-0.000,0.001,-0.001,12.0
1269,-1.004,0.995,1.508,-0.000,0.004,-0.001,12.0
1270,-1.004,0.995,1.509,-0.000,0.005,-0.001,12.0
1271,-1.004,0.995,1.509,-0.000,0.006,-0.001,12.0
1272,-1.005,0.995,1.509,-0.000,0.005,-0.002,12.0
1273,-1.005,0.995,1.509,-0.000,0.005,-0.002,12.0
1274,-1.005,0.995,1.509,-0.000,0.004,-0.001,12.0
1275,-1.006,0.995,1.509,-0.000,0.001,-0.001,12.0
1276,-1.006,0.995,1.509,-0.000,-0.002,-0.000,12.0
1277,-1.006,0.995,1.509,-0.000,-0.001,0.000,12.0
1278,-1.007,0.995,1.509,-0.000,0.002,0.000,12.0
1279,-1.007,0.995,1.510,-0.000,0.005,0.001,12.0
1280,-1.007,0.995,1.510,-0.000,0.008,0.000,12.0
1281,-1.007,0.995,1.510,-0.000,0.009,0.000,12.0
1282,-1.008,0.995,1.510,-0.000,0.010,0.000,12.0
1283,-1.008,0.995,1.510,-0.000,0.015,0.002,12.0
1284,-1.008,0.995,1.510,-0.000,0.016,0.003,12.0
1285,-1.008,0.995,1.510,-0.000,0.013,0.003,12.0
1286,-1.008,0.995,1.510,-0.000,0.001,0.001,12.0
1287,-1.008,0.995,1.510,-0.000,-0.009,-0.001,12.0
1288,-1.008,0.995,1.510,-0.000,-0.007,-0.001,12.0
1289,-1.008,0.995,1.510,-0.000,-0.001,-0.000,12.0
1290,-1.008,0.995,1.510,-0.000,0.004,0.001,12.0
1291,-1.008,0.995,1.510,-0.000,0.007,0.001,12.0
1292,-1.008,0.995,1.504,-0.000,0.007,0.001,12.0
1293,-1.008,0.995,1.503,-0.000,0.006,0.001,12.0
1294,-1.008,0.995,1.501,-0.000,0.003,0.000,12.0
1295,-1.008,0.995,1.500,-0.000,0.000,0.000,12.0
1296,-1.008,0.995,1.499,-0.000,-0.001,-0.000,12.0
1297,-1.008,0.995,1.499,-0.000,-0.002,-0.000,12.0
1298,-1.008,0.995,1.498,-0.000,-0.002,-0.000,12.0
1299,-1.008,0.995,1.497,-0.000,-0.001,-0.000,12.0
1300,-1.008,0.995,1.497,-0.000,-0.000,0.000,12.0
1301,-1.008,0.995,1.496,-0.000,0.001,0.000,12.0
1302,-1.008,0.995,1.495,-0.000,0.001,0.000,12.0
1303,-1.008,0.995,1.495,-0.000,0.001,0.000,12.0
1304,-1.008,0.995,1.494,-0.000,0.001,0.000,12.0
1305,-1.008,0.995,1.494,-0.000,0.000,0.000,12.0
1306,-1.008,0.995,1.494,-0.000,0.005,-0.004,12.0
1307,-1.008,0.995,1.493,-0.000,0.003,-0.003,12.0
1308,-1.008,0.995,1.493,-0.000,-0.000,-0.000,12.0
1309,-1.008,0.995,1.493,-0.000,0.002,-0.003,12.0
1310,-1.008,0.995,1.492,-0.000,0.004,-0.005,12.0
1311,-1.008,0.996,1.492,-0.000,0.005,-0.006,12.0
1312,-1.008,0.996,1.492,-0.000,0.005,-0.005,12.0
1313,-1.008,0.996,1.492,-0.000,0.005,-0.004,12.0
1314,-1.008,0.996,1.492,-0.000,0.004,-0.002,12.0
1315,-1.008,0.996,1.491,-0.000,0.002,-0.000,12.0
1316,-1.008,0.996,1.491,-0.000,0.001,-0.000,12.0
1317,-1.008,0.996,1.491,-0.000,0.001,0.000,12.0
1318,-1.007,0.996,1.491,-0.000,-0.002,0.001,12.0
1319,-1.007,0.996,1.491,-0.000,-0.003,0.001,12.0
1320,-1.007,0.996,1.491,-0.000,-0.003,-0.000,12.0
1321,-1.007,0.997,1.491,-0.000,-0.001,-0.001,12.0
1322,-1.007,0.997,1.491,-0.000,0.002,-0.002,12.0
1323,-1.007,0.997,1.491,-0.000,0.004,-0.002,12.0
1324,-1.007,0.997,1.491,-0.000,0.004,-0.002,12.0
1325,-1.007,0.997,1.490,-0.000,0.004,-0.002,12.0
1326,-1.007,0.997,1.490,-0.000,0.003,-0.001,12.0
1327,-1.006,0.997,1.490,-0.000,0.002,-0.000,12.0
1328,-1.006,0.997,1.490,-0.000,-0.000,0.000,12.0
1329,-1.006,0.998,1.490,-0.000,-0.003,0.001,12.0
1330,-1.006,0.998,1.490,-0.000,-0.004,0.001,12.0
1331,-1.006,0.998,1.490,-0.000,-0.002,0.000,12.0
1332,-1.006,0.998,1.490,-0.000,0.000,-0.001,12.0
1333,-1.005,0.998,1.490,-0.000,0.002,-0.001,12.0
1334,-1.005,0.998,1.490,-0.000,0.003,-0.002,12.0
1335,-1.005,0.998,1.490,-0.000,0.003,-0.002,12.0
1336,-1.005,0.999,1.490,-0.000,0.003,-0.001,12.0
1337,-1.005,0.999,1.496,-0.000,0.002,-0.000,12.0
1338,-1.005,0.999,1.497,-0.000,0.001,0.000,12.0
1339,-1.004,0.999,1.499,-0.000,-0.001,0.001,12.0
1340,-1.004,0.999,1.500,-0.000,-0.002,0.001,12.0
1341,-1.004,0.999,1.501,-0.000,-0.002,0.000,12.0
1342,-1.004,1.000,1.501,-0.000,-0.001,-0.000,12.0
1343,-1.004,1.000,1.502,-0.000,0.000,-0.002,12.0
1344,-1.004,1.000,1.503,-0.000,0.001,-0.001,12.0
1345,-1.003,1.000,1.503,-0.000,0.001,-0.001,12.0
1346,-1.003,1.000,1.504,-0.000,0.002,-0.000,12.0
1347,-1.003,1.000,1.505,-0.000,0.002,0.000,12.0
1348,-1.003,1.001,1.505,-0.000,0.002,0.000,12.0
1349,-1.003,1.001,1.506,-0.000,0.002,0.000,12.0
1350,-1.002,1.001,1.506,-0.000,-0.000,0.000,12.0
1351,-1.002,1.001,1.506,-0.000,-0.002,0.000,12.0
1352,-1.002,1.001,1.507,-0.000,-0.004,-0.000,12.0
1353,-1.002,1.001,1.507,-0.000,-0.003,-0.001,12.0
1354,-1.002,1.002,1.507,-0.000,-0.002,-0.000,12.0
1355,-1.001,1.002,1.508,-0.000,-0.001,-0.000,12.0
1356,-1.001,1.002,1.508,-0.000,0.001,0.000,12.0
1357,-1.001,1.002,1.508,-0.000,0.002,0.000,12.0
1358,-1.001,1.002,1.508,-0.000,0.003,0.001,12.0
1359,-1.001,1.002,1.508,-0.000,0.003,0.001,12.0
1360,-1.000,1.003,1.509,-0.000,0.002,0.001,12.0
1361,-1.000,1.003,1.509,-0.000,-0.001,0.000,12.0
1362,-1.000,1.003,1.509,-0.000,-0.004,-0.001,12.0
1363,-1.000,1.003,1.509,-0.000,-0.004,-0.001,12.0
1364,-1.000,1.003,1.509,-0.000,-0.003,-0.001,12.0
1365,-1.000,1.003,1.509,-0.000,-0.001,-0.001,12.0
1366,-0.999,1.004,1.509,-0.000,0.001,-0.000,12.0
1367,-0.999,1.004,1.509,-0.000,0.003,0.001,12.0
1368,-0.999,1.004,1.509,-0.000,0.004,0.001,12.0
1369,-0.999,1.004,1.509,-0.000,0.003,0.001,12.0
1370,-0.999,1.004,1.510,-0.000,-0.000,0.000,12.0
1371,-0.998,1.005,1.510,-0.000,-0.003,-0.001,12.0
1372,-0.998,1.005,1.510,-0.000,-0.004,-0.002,12.0
1373,-0.998,1.005,1.510,-0.000,-0.003,-0.001,12.0
1374,-0.998,1.005,1.510,-0.000,-0.001,-0.000,12.0
1375,-0.998,1.005,1.510,-0.000,0.001,0.001,12.0
1376,-0.998,1.005,1.510,-0.000,0.003,0.002,12.0
1377,-0.997,1.006,1.510,-0.000,0.004,0.003,12.0
1378,-0.997,1.006,1.510,-0.000,0.003,0.003,12.0
1379,-0.997,1.006,1.510,-0.000,0.000,0.002,12.0
1380,-0.997,1.006,1.510,-0.000,-0.004,0.001,12.0
1381,-0.997,1.006,1.510,-0.000,-0.006,0.000,12.0
1382,-0.996,1.006,1.510,-0.000,-0.007,-0.000,12.0
1383,-0.996,1.007,1.510,-0.000,-0.006,-0.001,12.0
1384,-0.996,1.007,1.504,-0.000,-0.005,-0.000,12.0
1385,-0.996,1.007,1.503,-0.000,-0.003,0.001,12.0
1386,-0.996,1.007,1.501,-0.000,-0.002,0.002,12.0
1387,-0.996,1.007,1.500,-0.000,-0.001,0.003,12.0
1388,-0.996,1.007,1.499,-0.000,-0.001,0.004,12.0
1389,-0.996,1.008,1.499,-0.000,-0.005,0.009,12.0
1390,-0.995,1.008,1.498,-0.000,-0.008,0.011,12.0
1391,-0.995,1.008,1.497,-0.000,-0.008,0.010,12.0
1392,-0.995,1.008,1.496,-0.000,-0.006,0.007,12.0
1393,-0.995,1.008,1.496,-0.000,-0.003,0.003,12.0
1394,-0.995,1.008,1.495,-0.000,-0.001,-0.000,12.0
1395,-0.995,1.008,1.495,-0.000,0.001,-0.002,12.0
1396,-0.995,1.008,1.494,-0.000,0.002,-0.003,12.0
1397,-0.995,1.008,1.494,-0.000,0.002,-0.002,12.0
1398,-0.995,1.008,1.494,-0.000,0.001,-0.001,12.0
1399,-0.995,1.008,1.493,-0.000,-0.000,0.001,12.0
1400,-0.995,1.008,1.493,-0.000,-0.001,0.001,12.0
1401,-0.995,1.008,1.493,-0.000,-0.001,0.002,12.0
1402,-0.995,1.008,1.492,-0.000,-0.001,0.001,12.0
1403,-0.995,1.008,1.492,-0.000,-0.001,0.001,12.0
1404,-0.995,1.008,1.492,-0.000,-0.000,0.000,12.0
1405,-0.995,1.008,1.492,-0.000,0.000,-0.000,12.0
1406,-0.995,1.008,1.492,-0.000,0.000,-0.001,12.0
1407,-0.995,1.008,1.491,-0.000,0.000,-0.001,12.0
1408,-0.995,1.008,1.491,-0.000,0.000,-0.000,12.0
1409,-0.995,1.008,1.491,-0.000,-0.006,-0.001,12.0
1410,-0.995,1.008,1.491,-0.000,-0.011,-0.001,12.0
1411,-0.995,1.008,1.491,-0.000,-0.012,-0.001,12.0
1412,-0.995,1.008,1.491,-0.000,-0.010,-0.000,12.0
1413,-0.996,1.008,1.491,-0.000,-0.006,0.000,12.0
1414,-0.996,1.008,1.491,-0.000,-0.002,0.000,12.0
1415,-0.996,1.008,1.491,-0.000,0.001,0.001,12.0
1416,-0.996,1.008,1.490,-0.000,0.002,0.000,12.0
1417,-0.996,1.008,1.490,-0.000,0.001,-0.000,12.0
1418,-0.996,1.008,1.490,-0.000,-0.000,-0.001,12.0
1419,-0.997,1.008,1.490,-0.000,-0.003,-0.001,12.0
1420,-0.997,1.008,1.490,-0.000,-0.005,-0.001,12.0
1421,-0.997,1.008,1.490,-0.000,-0.005,-0.000,12.0
1422,-0.997,1.008,1.490,-0.000,-0.004,0.001,12.0
1423,-0.997,1.008,1.490,-0.000,-0.001,0.002,12.0
1424,-0.998,1.008,1.490,-0.000,0.000,0.002,12.0
1425,-0.998,1.008,1.490,-0.000,0.000,0.002,12.0
1426,-0.998,1.008,1.490,-0.000,0.000,0.001,12.0
1427,-0.998,1.008,1.490,-0.000,-0.001,-0.000,12.0
1428,-0.998,1.008,1.496,-0.000,-0.001,-0.001,12.0
1429,-0.999,1.008,1.497,-0.000,-0.002,-0.000,12.0
1430,-0.999,1.008,1.499,-0.000,-0.002,0.000,12.0
1431,-0.999,1.008,1.500,-0.000,-0.002,0.001,12.0
1432,-0.999,1.008,1.501,-0.000,-0.002,0.001,12.0
1433,-1.000,1.008,1.501,-0.000,-0.001,0.001,12.0
1434,-1.000,1.008,1.502,-0.000,-0.001,0.001,12.0
1435,-1.000,1.008,1.503,-0.000,-0.001,0.000,12.0
1436,-1.000,1.008,1.503,-0.000,-0.001,-0.001,12.0
1437,-1.001,1.008,1.504,-0.000,-0.001,-0.001,12.0
1438,-1.001,1.008,1.505,-0.000,-0.000,-0.001,12.0
1439,-1.001,1.008,1.505,-0.000,-0.001,-0.001,12.0
1440,-1.002,1.008,1.506,-0.000,-0.003,-0.001,12.0
1441,-1.002,1.008,1.506,-0.000,-0.002,-0.000,12.0
1442,-1.002,1.008,1.506,-0.000,-0.002,0.001,12.0
1443,-1.002,1.008,1.507,-0.000,-0.001,0.001,12.0
1444,-1.003,1.008,1.507,-0.000,-0.001,0.001,12.0
1445,-1.003,1.008,1.507,-0.000,-0.000,0.001,12.0
1446,-1.003,1.008,1.508,-0.000,0.000,0.000,12.0
1447,-1.004,1.008,1.508,-0.000,0.001,-0.000,12.0
1448,-1.004,1.008,1.508,-0.000,0.000,-0.001,12.0
1449,-1.004,1.008,1.508,-0.000,-0.001,-0.001,12.0
1450,-1.005,1.008,1.508,-0.000,-0.002,-0.001,12.0
1451,-1.005,1.008,1.509,-0.000,-0.002,0.000,12.0
1452,-1.005,1.008,1.509,-0.000,-0.002,0.000,12.0
1453,-1.006,1.007,1.509,-0.000,-0.001,-0.000,12.0
1454,-1.006,1.007,1.509,-0.000,-0.000,-0.000,12.0
1455,-1.006,1.007,1.509,-0.000,0.001,-0.000,12.0
1456,-1.007,1.007,1.509,-0.000,0.001,-0.000,12.0
1457,-1.007,1.007,1.509,-0.000,0.001,0.000,12.0
1458,-1.007,1.007,1.509,-0.000,-0.000,0.001,12.0
1459,-1.008,1.007,1.509,-0.000,-0.002,0.001,12.0
1460,-1.008,1.007,1.510,-0.000,-0.003,0.001,12.0
1461,-1.008,1.007,1.510,-0.000,-0.003,0.001,12.0
1462,-1.009,1.007,1.510,-0.000,-0.002,0.001,12.0
1463,-1.009,1.007,1.510,-0.000,-0.000,-0.000,12.0
1464,-1.010,1.007,1.510,-0.000,0.001,-0.001,12.0
1465,-1.010,1.007,1.510,-0.000,0.003,-0.001,12.0
1466,-1.010,1.007,1.510,-0.000,0.003,-0.001,12.0
1467,-1.011,1.007,1.510,-0.000,0.001,-0.000,12.0
1468,-1.011,1.007,1.510,-0.000,-0.001,0.000,12.0
1469,-1.011,1.007,1.510,-0.000,-0.002,0.001,12.0
1470,-1.012,1.007,1.504,-0.000,-0.003,0.001,12.0
1471,-1.012,1.007,1.503,-0.000,-0.003,0.001,12.0
1472,-1.013,1.007,1.501,-0.000,-0.001,0.001,12.0
1473,-1.013,1.007,1.500,-0.000,0.001,0.000,12.0
1474,-1.013,1.007,1.500,-0.000,0.003,-0.000,12.0
1475,-1.014,1.007,1.499,-0.000,0.004,-0.000,12.0
1476,-1.014,1.007,1.498,-0.000,0.004,-0.000,12.0
1477,-1.014,1.007,1.497,-0.000,0.002,-0.001,12.0
1478,-1.015,1.007,1.497,-0.000,0.001,-0.000,12.0
1479,-1.015,1.007,1.496,-0.000,-0.001,-0.001,12.0
1480,-1.015,1.007,1.495,-0.000,-0.001,-0.001,12.0
1481,-1.016,1.007,1.495,-0.000,0.001,-0.001,12.0
1482,-1.016,1.007,1.495,-0.000,0.004,-0.001,12.0
1483,-1.016,1.007,1.494,-0.000,0.006,-0.001,12.0
1484,-1.017,1.007,1.494,-0.000,0.008,-0.001,12.0
1485,-1.017,1.007,1.493,-0.000,0.007,-0.001,12.0
1486,-1.017,1.007,1.493,-0.000,0.005,-0.001,12.0
1487,-1.018,1.007,1.493,-0.000,0.004,-0.001,12.0
1488,-1.018,1.007,1.493,-0.000,0.003,-0.001,12.0
1489,-1.018,1.007,1.492,-0.000,0.002,-0.002,12.0
1490,-1.018,1.007,1.492,-0.000,0.002,-0.002,12.0
1491,-1.019,1.007,1.492,-0.000,0.003,-0.002,12.0
1492,-1.019,1.007,1.492,-0.000,0.004,-0.002,12.0
1493,-1.019,1.007,1.492,-0.000,0.005,-0.001,12.0
1494,-1.019,1.007,1.491,-0.000,0.006,-0.001,12.0
1495,-1.019,1.007,1.491,-0.000,0.005,-0.001,12.0
1496,-1.019,1.007,1.491,-0.000,0.009,0.002,12.0
1497,-1.020,1.007,1.491,-0.000,0.011,0.004,12.0
1498,-1.020,1.007,1.491,-0.000,0.010,0.004,12.0
1499,-1.020,1.007,1.491,-0.000,0.007,0.003,12.0
1500,-1.020,1.007,1.491,-0.000,0.003,0.002,12.0
1501,-1.020,1.007,1.491,-0.000,-0.000,0.000,12.0
1502,-1.020,1.007,1.491,-0.000,-0.002,-0.001,12.0
1503,-1.020,1.007,1.491,-0.000,-0.003,-0.001,12.0
1504,-1.020,1.007,1.491,-0.000,-0.002,-0.001,12.0
1505,-1.020,1.007,1.491,-0.000,-0.001,-0.001,12.0
1506,-1.020,1.007,1.490,-0.000,0.001,-0.000,12.0
1507,-1.020,1.007,1.490,-0.000,0.001,0.000,12.0
1508,-1.020,1.007,1.490,-0.000,0.002,0.001,12.0
1509,-1.020,1.007,1.490,-0.000,0.001,0.001,12.0
1510,-1.020,1.007,1.490,-0.000,0.001,0.000,12.0
1511,-1.020,1.007,1.490,-0.000,0.000,0.000,12.0
1512,-1.020,1.007,1.490,-0.000,-0.000,-0.000,12.0
1513,-1.020,1.007,1.490,-0.000,-0.001,-0.000,12.0
1514,-1.020,1.007,1.490,-0.000,-0.000,-0.000,12.0
1515,-1.020,1.007,1.490,-0.000,-0.000,-0.000,12.0
1516,-1.020,1.007,1.490,-0.000,0.006,-0.004,12.0
1517,-1.020,1.007,1.490,-0.000,0.011,-0.005,12.0
1518,-1.020,1.007,1.490,-0.000,0.013,-0.005,12.0
1519,-1.020,1.007,1.490,-0.000,0.013,-0.003,12.0
1520,-1.019,1.007,1.490,-0.000,0.009,-0.001,12.0
1521,-1.019,1.007,1.490,-0.000,0.004,0.001,12.0
1522,-1.019,1.007,1.490,-0.000,-0.000,0.002,12.0
1523,-1.019,1.007,1.490,-0.000,-0.002,0.002,12.0
1524,-1.019,1.008,1.490,-0.000,-0.001,0.002,12.0
1525,-1.018,1.008,1.490,-0.000,-0.000,-0.000,12.0
1526,-1.018,1.008,1.490,-0.000,0.002,-0.002,12.0
1527,-1.018,1.008,1.490,-0.000,0.003,-0.002,12.0
1528,-1.018,1.008,1.490,-0.000,0.005,-0.001,12.0
1529,-1.018,1.008,1.496,-0.000,0.006,0.000,12.0
1530,-1.017,1.008,1.498,-0.000,0.006,0.002,12.0
1531,-1.017,1.008,1.499,-0.000,0.004,0.003,12.0
1532,-1.017,1.008,1.500,-0.000,0.001,0.003,12.0
1533,-1.017,1.008,1.501,-0.000,-0.000,0.002,12.0
1534,-1.016,1.008,1.501,-0.000,-0.001,0.001,12.0
1535,-1.016,1.008,1.502,-0.000,-0.001,-0.001,12.0
1536,-1.016,1.008,1.503,-0.000,0.000,-0.002,12.0
1537,-1.016,1.008,1.504,-0.000,0.002,-0.001,12.0
1538,-1.015,1.008,1.504,-0.000,0.004,-0.000,12.0
1539,-1.015,1.008,1.505,-0.000,0.005,0.001,12.0
1540,-1.015,1.008,1.505,-0.000,0.005,0.002,12.0
1541,-1.015,1.008,1.506,-0.000,0.004,0.002,12.0
1542,-1.014,1.008,1.506,-0.000,0.002,0.002,12.0
1543,-1.014,1.008,1.506,-0.000,-0.002,0.002,12.0
1544,-1.014,1.008,1.507,-0.000,-0.004,-0.000,12.0
1545,-1.013,1.008,1.507,-0.000,-0.004,-0.002,12.0
1546,-1.013,1.008,1.507,-0.000,-0.001,-0.002,12.0
1547,-1.013,1.008,1.508,-0.000,0.001,-0.001,12.0
1548,-1.012,1.008,1.508,-0.000,0.004,0.000,12.0
1549,-1.012,1.008,1.508,-0.000,0.005,0.001,12.0
1550,-1.012,1.008,1.508,-0.000,0.005,0.002,12.0
1551,-1.011,1.008,1.508,-0.000,0.004,0.002,12.0
1552,-1.011,1.008,1.509,-0.000,0.002,0.002,12.0
1553,-1.010,1.008,1.509,-0.000,-0.001,0.001,12.0
1554,-1.010,1.008,1.509,-0.000,-0.004,-0.000,12.0
1555,-1.010,1.008,1.509,-0.000,-0.003,-0.001,12.0
1556,-1.009,1.008,1.509,-0.000,-0.002,-0.001,12.0
1557,-1.009,1.008,1.509,-0.000,0.000,-0.000,12.0
1558,-1.009,1.008,1.509,-0.000,0.002,0.001,12.0
1559,-1.008,1.008,1.509,-0.000,0.002,0.001,12.0
1560,-1.008,1.008,1.510,-0.000,0.002,0.001,12.0
1561,-1.008,1.008,1.510,-0.000,0.001,0.000,12.0
1562,-1.007,1.008,1.510,-0.000,0.001,0.000,12.0
1563,-1.007,1.008,1.510,-0.000,-0.001,-0.000,12.0
1564,-1.006,1.008,1.510,-0.000,-0.002,-0.001,12.0
1565,-1.006,1.008,1.510,-0.000,-0.003,-0.001,12.0
1566,-1.006,1.008,1.510,-0.000,-0.002,-0.000,12.0
1567,-1.005,1.008,1.510,-0.000,-0.001,0.000,12.0
1568,-1.005,1.008,1.510,-0.000,0.000,0.001,12.0
1569,-1.005,1.008,1.510,-0.000,0.000,0.001,12.0
1570,-1.004,1.008,1.504,-0.000,-0.000,0.001,12.0
1571,-1.004,1.008,1.503,-0.000,-0.001,0.000,12.0
1572,-1.004,1.008,1.501,-0.000,-0.003,-0.000,12.0
1573,-1.003,1.008,1.500,-0.000,-0.004,-0.001,12.0
1574,-1.003,1.008,1.500,-0.000,-0.006,-0.001,12.0
1575,-1.003,1.008,1.499,-0.000,-0.007,-0.001,12.0
1576,-1.002,1.008,1.498,-0.000,-0.007,-0.000,12.0
1577,-1.002,1.008,1.497,-0.000,-0.006,0.001,12.0
1578,-1.002,1.008,1.497,-0.000,-0.005,0.001,12.0
1579,-1.002,1.008,1.496,-0.000,-0.004,0.002,12.0
1580,-1.001,1.008,1.495,-0.000,-0.003,0.001,12.0
1581,-1.001,1.008,1.495,-0.000,-0.003,0.001,12.0
1582,-1.001,1.008,1.495,-0.000,-0.003,-0.000,12.0
1583,-1.001,1.008,1.494,-0.000,-0.004,-0.001,12.0
1584,-1.001,1.008,1.494,-0.000,-0.010,-0.002,12.0
1585,-1.001,1.008,1.493,-0.000,-0.014,-0.002,12.0
1586,-1.000,1.008,1.493,-0.000,-0.013,-0.002,12.0
1587,-1.000,1.008,1.493,-0.000,-0.010,-0.001,12.0
1588,-1.000,1.008,1.493,-0.000,-0.005,-0.000,12.0
1589,-1.000,1.008,1.492,-0.000,-0.000,0.000,12.0
1590,-1.000,1.008,1.492,-0.000,0.003,0.001,12.0
1591,-1.000,1.008,1.492,-0.000,0.003,0.001,12.0
1592,-1.000,1.008,1.492,-0.000,0.003,0.000,12.0
1593,-1.000,1.008,1.492,-0.000,0.001,0.000,12.0
1594,-1.000,1.008,1.491,-0.000,-0.000,-0.000,12.0
1595,-1.000,1.008,1.491,-0.000,-0.002,-0.000,12.0
1596,-1.000,1.008,1.491,-0.000,-0.002,-0.000,12.0
1597,-1.000,1.008,1.491,-0.000,-0.002,-0.000,12.0
1598,-1.000,1.008,1.491,-0.000,-0.001,-0.000,12.0
1599,-1.000,1.008,1.491,-0.000,-0.000,0.000,12.0
1600,-1.000,1.008,1.491,-0.000,0.000,0.000,12.0
1601,-1.000,1.008,1.491,-0.000,0.001,0.000,12.0
1602,-1.000,1.008,1.491,-0.000,0.001,0.000,12.0
1603,-1.000,1.008,1.491,-0.000,0.000,0.000,12.0
1604,-1.000,1.008,1.490,-0.000,0.000,-0.000,12.0
1605,-1.000,1.008,1.490,-0.000,-0.000,-0.000,12.0
1606,-1.000,1.008,1.490,-0.000,-0.000,-0.000,12.0
1607,-1.000,1.008,1.490,-0.000,-0.000,-0.000,12.0
1608,-1.000,1.008,1.490,-0.000,-0.006,0.003,12.0
1609,-1.000,1.008,1.490,-0.000,-0.011,0.005,12.0
1610,-1.000,1.008,1.490,-0.000,-0.012,0.005,12.0
1611,-1.001,1.008,1.490,-0.000,-0.009,0.004,12.0
1612,-1.001,1.008,1.490,-0.000,-0.005,0.002,12.0
1613,-1.001,1.008,1.490,-0.000,-0.001,0.001,12.0
1614,-1.001,1.008,1.490,-0.000,0.001,-0.000,12.0
1615,-1.001,1.007,1.490,-0.000,0.002,-0.000,12.0
1616,-1.001,1.007,1.490,-0.000,0.001,-0.000,12.0
1617,-1.001,1.007,1.490,-0.000,-0.000,0.000,12.0
1618,-1.002,1.007,1.490,-0.000,-0.001,0.001,12.0
1619,-1.002,1.007,1.490,-0.000,-0.002,0.001,12.0
1620,-1.002,1.007,1.490,-0.000,-0.002,0.001,12.0
1621,-1.002,1.007,1.496,-0.000,-0.002,0.001,12.0
1622,-1.002,1.007,1.498,-0.000,-0.001,0.001,12.0
1623,-1.002,1.007,1.499,-0.000,0.000,0.001,12.0
1624,-1.003,1.007,1.500,-0.000,-0.000,0.000,12.0
1625,-1.003,1.007,1.501,-0.000,-0.000,0.000,12.0
1626,-1.003,1.007,1.501,-0.000,-0.001,-0.000,12.0
1627,-1.003,1.007,1.502,-0.000,-0.001,-0.000,12.0
1628,-1.003,1.006,1.503,-0.000,-0.000,-0.001,12.0
1629,-1.003,1.006,1.504,-0.000,0.001,-0.001,12.0
1630,-1.004,1.006,1.504,-0.000,0.002,-0.000,12.0
1631,-1.004,1.006,1.505,-0.000,0.003,-0.000,12.0
1632,-1.004,1.006,1.505,-0.000,0.003,0.000,12.0
1633,-1.004,1.006,1.506,-0.000,0.002,0.001,12.0
1634,-1.004,1.006,1.506,-0.000,0.001,0.000,12.0
1635,-1.004,1.006,1.506,-0.000,-0.000,0.000,12.0
1636,-1.005,1.006,1.507,-0.000,-0.002,-0.000,12.0
1637,-1.005,1.006,1.507,-0.000,-0.002,-0.001,12.0
1638,-1.005,1.006,1.507,-0.000,-0.001,-0.001,12.0
1639,-1.005,1.006,1.508,-0.000,0.001,-0.001,12.0
1640,-1.005,1.006,1.508,-0.000,0.002,-0.000,12.0
1641,-1.005,1.005,1.508,-0.000,0.004,-0.000,12.0
1642,-1.005,1.005,1.508,-0.000,0.004,0.000,12.0
1643,-1.006,1.005,1.508,-0.000,0.004,0.000,12.0
1644,-1.006,1.005,1.509,-0.000,0.002,-0.000,12.0
1645,-1.006,1.005,1.509,-0.000,0.000,-0.000,12.0
1646,-1.006,1.005,1.509,-0.000,-0.002,-0.001,12.0
1647,-1.006,1.005,1.509,-0.000,-0.003,-0.001,12.0
1648,-1.006,1.005,1.509,-0.000,-0.002,-0.001,12.0
1649,-1.006,1.005,1.509,-0.000,0.005,-0.004,12.0
1650,-1.006,1.005,1.509,-0.000,0.010,-0.006,12.0
1651,-1.006,1.005,1.509,-0.000,0.011,-0.006,12.0
1652,-1.007,1.005,1.510,-0.000,0.009,-0.004,12.0
1653,-1.007,1.005,1.510,-0.000,0.005,-0.002,12.0
1654,-1.007,1.005,1.510,-0.000,0.001,-0.000,12.0
1655,-1.006,1.005,1.510,-0.000,-0.002,0.001,12.0
1656,-1.006,1.005,1.510,-0.000,-0.003,0.002,12.0
1657,-1.006,1.005,1.510,-0.000,-0.003,0.001,12.0
1658,-1.006,1.005,1.510,-0.000,-0.002,0.001,12.0
1659,-1.007,1.005,1.510,-0.000,-0.000,-0.000,12.0
1660,-1.007,1.005,1.510,-0.000,0.001,-0.001,12.0
1661,-1.007,1.005,1.510,-0.000,0.002,-0.001,12.0
1662,-1.007,1.005,1.504,-0.000,0.002,-0.001,12.0
1663,-1.007,1.005,1.503,-0.000,0.001,-0.001,12.0
1664,-1.007,1.005,1.501,-0.000,0.001,-0.000,12.0
1665,-1.007,1.005,1.500,-0.000,-0.000,0.000,12.0
1666,-1.007,1.005,1.500,-0.000,-0.000,0.000,12.0
1667,-1.007,1.005,1.499,-0.000,-0.001,0.000,12.0
1668,-1.007,1.005,1.498,-0.000,-0.001,0.000,12.0
1669,-1.007,1.005,1.497,-0.000,-0.000,0.000,12.0
1670,-1.007,1.005,1.497,-0.000,0.000,-0.000,12.0
1671,-1.007,1.005,1.496,-0.000,0.000,-0.000,12.0
1672,-1.007,1.005,1.495,-0.000,0.000,-0.000,12.0
1673,-1.007,1.005,1.495,-0.000,0.000,-0.000,12.0
1674,-1.007,1.005,1.495,-0.000,0.000,-0.000,12.0
1675,-1.007,1.005,1.494,-0.000,0.000,-0.000,12.0
1676,-1.007,1.005,1.494,-0.000,-0.000,0.000,12.0
1677,-1.007,1.005,1.493,-0.000,-0.000,0.000,12.0
1678,-1.007,1.005,1.493,-0.000,-0.000,0.000,12.0
1679,-1.007,1.005,1.493,-0.000,-0.000,0.000,12.0
1680,-1.007,1.005,1.493,-0.000,-0.000,0.000,12.0
1681,-1.007,1.005,1.492,-0.000,0.000,-0.000,12.0
1682,-1.007,1.005,1.492,-0.000,0.000,-0.000,12.0
1683,-1.007,1.005,1.492,-0.000,0.000,-0.000,12.0
1684,-1.007,1.005,1.492,-0.000,0.000,-0.000,12.0
1685,-1.007,1.005,1.492,-0.000,0.000,-0.000,12.0
1686,-1.007,1.005,1.491,-0.000,0.000,0.000,12.0
1687,-1.007,1.005,1.491,-0.000,-0.000,0.000,12.0
1688,-1.007,1.005,1.491,-0.000,-0.000,0.000,12.0
1689,-1.007,1.005,1.491,-0.000,-0.000,0.000,12.0
1690,-1.007,1.005,1.491,-0.000,-0.000,0.000,12.0
1691,-1.007,1.005,1.491,-0.000,-0.000,0.000,12.0
1692,-1.007,1.005,1.491,-0.000,0.000,-0.000,12.0
1693,-1.007,1.005,1.491,-0.000,0.000,-0.000,12.0
1694,-1.007,1.005,1.491,-0.000,0.000,-0.000,12.0
1695,-1.007,1.005,1.491,-0.000,0.000,-0.000,12.0
1696,-1.007,1.005,1.490,-0.000,0.000,-0.000,12.0
1697,-1.007,1.005,1.490,-0.000,-0.000,0.000,12.0
1698,-1.007,1.005,1.490,-0.000,-0.000,0.000,12.0
1699,-1.007,1.005,1.490,-0.000,-0.000,0.000,12.0
1700,-1.007,1.005,1.490,-0.000,-0.000,0.000,12.0
