1,0.900,1.000,0.000,0.000,0.000,0.000,1
2,0.900,1.000,0.153,0.000,0.000,0.000,1
3,0.900,1.000,0.473,0.000,0.000,0.000,1
4,0.900,1.000,0.808,0.000,0.000,0.000,1
5,0.900,1.000,1.088,0.000,0.000,0.000,1
6,0.900,1.000,1.290,0.000,0.000,0.000,1
7,0.900,1.000,1.420,0.000,0.000,0.000,1
8,0.900,1.000,1.493,0.000,0.000,0.000,1
9,0.900,1.000,1.522,0.000,0.000,0.000,1
10,0.900,1.000,1.534,0.000,0.000,0.000,1
11,0.900,1.000,1.533,0.000,0.000,0.000,1
12,0.900,1.000,1.527,0.000,0.000,0.000,1
13,0.900,1.000,1.519,0.000,0.000,0.000,1
14,0.900,1.000,1.512,0.000,0.000,0.000,1
15,0.900,1.000,1.506,0.000,0.000,0.000,1
16,0.900,1.000,1.506,0.000,0.000,0.000,1
17,0.900,1.000,1.507,0.000,0.000,0.000,1
18,0.900,1.000,1.507,0.000,0.000,0.000,1
19,0.900,1.000,1.508,0.000,0.000,0.000,1
20,0.900,1.000,1.508,0.000,0.000,0.000,1
21,0.900,1.000,1.509,0.000,0.000,0.000,1
22,0.900,1.000,1.509,0.000,0.000,0.000,1
23,0.900,1.000,1.509,0.000,0.000,0.000,1
24,0.900,1.000,1.509,-0.000,0.007,0.008,16.0
25,0.900,1.000,1.509,-0.000,0.012,0.015,16.0
26,0.900,1.000,1.509,-0.000,0.014,0.018,16.0
27,0.900,1.000,1.509,-0.000,0.011,0.015,16.0
28,0.900,1.000,1.509,-0.000,0.007,0.009,16.0
29,0.901,0.999,1.509,-0.000,0.003,0.004,16.0
30,0.901,0.999,1.509,-0.000,0.001,0.001,16.0
31,0.901,0.999,1.510,-0.000,0.002,0.001,16.0
32,0.901,0.999,1.510,-0.000,0.005,0.004,16.0
33,0.901,0.998,1.510,-0.000,0.008,0.008,16.0
34,0.902,0.998,1.510,-0.000,0.008,0.010,16.0
35,0.902,0.998,1.510,-0.000,0.006,0.008,16.0
36,0.902,0.997,1.510,-0.000,0.003,0.006,16.0
37,0.902,0.997,1.510,-0.000,0.001,0.003,16.0
38,0.903,0.997,1.510,-0.000,0.001,0.002,16.0
39,0.903,0.996,1.504,-0.000,0.003,0.003,16.0
40,0.903,0.996,1.503,-0.000,0.006,0.005,16.0
41,0.904,0.995,1.502,-0.000,0.009,0.008,16.0
42,0.904,0.995,1.501,-0.000,0.008,0.009,16.0
43,0.904,0.994,1.500,-0.000,0.005,0.007,16.0
44,0.905,0.994,1.499,-0.000,0.001,0.004,16.0
45,0.905,0.993,1.498,-0.000,-0.001,0.002,16.0
46,0.906,0.993,1.498,-0.000,-0.000,0.001,16.0
47,0.906,0.992,1.497,-0.000,0.003,0.002,16.0
48,0.907,0.992,1.497,-0.000,0.007,0.005,16.0
49,0.907,0.991,1.496,-0.000,0.009,0.008,16.0
50,0.908,0.991,1.496,-0.000,0.143,0.123,16.0
51,0.909,0.990,1.496,-0.000,0.228,0.195,16.0
52,0.910,0.988,1.496,-0.000,0.225,0.191,16.0
53,0.913,0.986,1.496,-0.000,0.148,0.122,16.0
54,0.916,0.983,1.496,-0.000,-0.067,0.133,16.0
55,0.919,0.980,1.497,-0.000,-0.252,0.102,16.0
56,0.921,0.976,1.497,-0.000,-0.348,0.026,16.0
57,0.922,0.973,1.497,-0.000,-0.293,-0.199,16.0
58,0.921,0.970,1.496,-0.000,-0.325,-0.354,21.0
59,0.920,0.968,1.496,-0.000,-0.291,-0.378,21.0
60,0.918,0.967,1.496,-0.000,-0.198,-0.294,21.0
61,0.915,0.967,1.496,-0.000,-0.085,-0.156,21.0
62,0.912,0.968,1.496,-0.000,0.166,0.003,21.0
63,0.909,0.969,1.496,-0.000,0.170,0.094,21.0
64,0.907,0.970,1.496,-0.000,0.094,0.122,21.0
65,0.905,0.970,1.496,-0.000,0.003,0.101,21.0
66,0.903,0.970,1.496,-0.000,-0.070,0.050,21.0
67,0.901,0.970,1.496,-0.000,-0.105,-0.005,21.0
68,0.898,0.970,1.496,-0.000,-0.100,-0.045,21.0
69,0.895,0.970,1.496,-0.000,-0.067,-0.063,21.0
70,0.892,0.970,1.496,-0.000,-0.023,-0.057,21.0
71,0.889,0.970,1.496,-0.000,0.017,-0.037,21.0
72,0.886,0.971,1.496,-0.000,0.042,-0.012,21.0
73,0.883,0.971,1.496,-0.000,0.049,0.010,21.0
74,0.880,0.972,1.496,-0.000,0.041,0.022,21.0
75,0.878,0.972,1.496,-0.000,0.025,0.024,21.0
76,0.875,0.973,1.496,-0.000,0.009,0.018,21.0
77,0.873,0.973,1.495,-0.000,-0.003,0.008,21.0
78,0.870,0.973,1.495,-0.000,-0.008,-0.001,21.0
79,0.867,0.974,1.495,-0.000,-0.006,-0.007,21.0
80,0.865,0.974,1.495,-0.000,0.000,-0.009,21.0
81,0.862,0.974,1.495,-0.000,0.008,-0.008,21.0
82,0.860,0.975,1.495,-0.000,0.014,-0.004,21.0
83,0.857,0.975,1.495,-0.000,0.017,0.000,21.0
84,0.855,0.975,1.495,-0.000,0.017,0.004,21.0
85,0.852,0.976,1.495,-0.000,0.015,0.005,21.0
86,0.850,0.976,1.495,-0.000,0.012,0.005,21.0
87,0.847,0.976,1.495,-0.000,0.009,0.004,21.0
88,0.845,0.977,1.495,-0.000,0.007,0.002,21.0
89,0.843,0.977,1.495,-0.000,0.007,0.001,21.0
90,0.840,0.977,1.495,-0.000,0.007,-0.000,21.0
91,0.838,0.977,1.495,-0.000,0.008,-0.001,21.0
92,0.836,0.978,1.495,-0.000,0.009,-0.000,21.0
93,0.834,0.978,1.495,-0.000,0.010,0.001,21.0
94,0.831,0.978,1.495,-0.000,0.011,0.001,21.0
95,0.829,0.979,1.495,-0.000,0.010,0.002,21.0
96,0.827,0.979,1.495,-0.000,0.010,0.002,21.0
97,0.825,0.979,1.495,-0.000,0.009,0.002,21.0
98,0.823,0.979,1.495,-0.000,0.009,0.002,21.0
99,0.821,0.980,1.495,-0.000,0.008,0.001,21.0
100,0.819,0.980,1.495,-0.000,0.008,0.001,21.0
101,0.817,0.980,1.495,-0.000,0.008,0.001,21.0
102,0.815,0.980,1.495,-0.000,0.008,0.001,21.0
103,0.813,0.981,1.495,-0.000,0.008,0.001,21.0
104,0.811,0.981,1.495,-0.000,0.008,0.001,21.0
105,0.809,0.981,1.495,-0.000,0.008,0.001,21.0
106,0.807,0.981,1.495,-0.000,0.008,0.001,21.0
107,0.805,0.982,1.495,-0.000,0.008,0.001,21.0
108,0.804,0.982,1.495,-0.000,0.008,0.001,21.0
109,0.802,0.982,1.495,-0.000,0.008,0.001,21.0
110,0.800,0.982,1.495,-0.000,0.008,0.001,21.0
111,0.798,0.983,1.495,-0.000,0.007,0.001,21.0
112,0.797,0.983,1.495,-0.000,0.007,0.001,21.0
113,0.795,0.983,1.495,-0.000,0.007,0.001,21.0
114,0.793,0.983,1.495,-0.000,0.007,0.001,21.0
115,0.792,0.984,1.495,-0.000,0.007,0.001,21.0
116,0.790,0.984,1.495,-0.000,0.007,0.001,21.0
117,0.788,0.984,1.495,-0.000,0.007,0.001,21.0
118,0.787,0.984,1.495,-0.000,0.007,0.001,21.0
119,0.785,0.984,1.495,-0.000,0.007,0.001,21.0
120,0.784,0.985,1.495,-0.000,0.007,0.001,21.0
121,0.782,0.985,1.495,-0.000,0.007,0.001,21.0
122,0.781,0.985,1.495,-0.000,0.006,0.001,21.0
123,0.779,0.985,1.495,-0.000,0.006,0.001,21.0
124,0.778,0.985,1.495,-0.000,0.006,0.001,21.0
125,0.776,0.986,1.495,-0.000,0.006,0.001,21.0
126,0.775,0.986,1.495,-0.000,0.006,0.001,21.0
127,0.773,0.986,1.495,-0.000,0.006,0.001,21.0
128,0.772,0.986,1.495,-0.000,0.006,0.001,21.0
129,0.771,0.986,1.495,-0.000,0.006,0.001,21.0
130,0.769,0.986,1.495,-0.000,0.006,0.001,21.0
131,0.768,0.987,1.495,-0.000,0.006,0.001,21.0
132,0.767,0.987,1.495,-0.000,0.006,0.001,21.0
133,0.765,0.987,1.495,-0.000,0.006,0.001,21.0
134,0.764,0.987,1.495,-0.000,0.006,0.001,21.0
135,0.763,0.987,1.495,-0.000,0.005,0.001,21.0
136,0.761,0.988,1.495,-0.000,0.005,0.001,21.0
137,0.760,0.988,1.495,-0.000,0.005,0.001,21.0
138,0.759,0.988,1.495,-0.000,0.005,0.001,21.0
139,0.758,0.988,1.495,-0.000,0.005,0.001,21.0
140,0.757,0.988,1.495,-0.000,0.005,0.001,21.0
141,0.755,0.988,1.495,-0.000,0.005,0.001,21.0
142,0.754,0.988,1.495,-0.000,0.005,0.001,21.0
143,0.753,0.989,1.495,-0.000,0.005,0.001,21.0
144,0.752,0.989,1.495,-0.000,0.005,0.001,21.0
145,0.751,0.989,1.495,-0.000,0.005,0.001,21.0
146,0.750,0.989,1.495,-0.000,0.005,0.001,21.0
147,0.749,0.989,1.495,-0.000,0.005,0.001,21.0
148,0.748,0.989,1.495,-0.000,0.005,0.001,21.0
149,0.746,0.989,1.495,-0.000,0.005,0.001,21.0
150,0.745,0.990,1.495,-0.000,0.005,0.001,21.0
151,0.744,0.990,1.495,-0.000,0.004,0.001,21.0
152,0.743,0.990,1.495,-0.000,0.004,0.001,21.0
153,0.742,0.990,1.495,-0.000,0.004,0.001,21.0
154,0.741,0.990,1.495,-0.000,0.004,0.001,21.0
155,0.740,0.990,1.495,-0.000,0.004,0.001,21.0
156,0.739,0.990,1.495,-0.000,0.004,0.001,21.0
157,0.739,0.991,1.495,-0.000,0.004,0.001,21.0
158,0.738,0.991,1.495,-0.000,0.004,0.001,21.0
159,0.737,0.991,1.495,-0.000,0.004,0.001,21.0
160,0.736,0.991,1.495,-0.000,0.004,0.001,21.0
161,0.735,0.991,1.495,-0.000,0.004,0.001,21.0
162,0.734,0.991,1.495,-0.000,0.004,0.001,21.0
163,0.733,0.991,1.495,-0.000,0.004,0.000,21.0
164,0.732,0.991,1.495,-0.000,0.004,0.000,21.0
165,0.731,0.991,1.495,-0.000,0.004,0.000,21.0
166,0.730,0.992,1.495,-0.000,0.004,0.000,21.0
167,0.730,0.992,1.495,-0.000,0.004,0.000,21.0
168,0.729,0.992,1.495,-0.000,0.004,0.000,21.0
169,0.728,0.992,1.495,-0.000,0.004,0.000,21.0
170,0.727,0.992,1.495,-0.000,0.003,0.000,21.0
171,0.726,0.992,1.495,-0.000,0.003,0.000,21.0
172,0.726,0.992,1.495,-0.000,0.003,0.000,21.0
173,0.725,0.992,1.495,-0.000,0.003,0.000,21.0
174,0.724,0.992,1.495,-0.000,0.003,0.000,21.0
175,0.723,0.993,1.495,-0.000,0.003,0.000,21.0
176,0.723,0.993,1.495,-0.000,0.003,0.000,21.0
177,0.722,0.993,1.495,-0.000,0.003,0.000,21.0
178,0.721,0.993,1.495,-0.000,0.003,0.000,21.0
179,0.720,0.993,1.495,-0.000,0.003,0.000,21.0
180,0.720,0.993,1.495,-0.000,0.003,0.000,21.0
181,0.719,0.993,1.495,-0.000,0.003,0.000,21.0
182,0.718,0.993,1.495,-0.000,0.003,0.000,21.0
183,0.718,0.993,1.495,-0.000,0.003,0.000,21.0
184,0.717,0.993,1.495,-0.000,0.003,0.000,21.0
185,0.716,0.993,1.495,-0.000,0.003,0.000,21.0
186,0.716,0.994,1.495,-0.000,0.003,0.000,21.0
187,0.715,0.994,1.495,-0.000,0.003,0.000,21.0
188,0.714,0.994,1.495,-0.000,0.003,0.000,21.0
189,0.714,0.994,1.495,-0.000,0.003,0.000,21.0
190,0.713,0.994,1.495,-0.000,0.003,0.000,21.0
191,0.713,0.994,1.495,-0.000,0.003,0.000,21.0
192,0.712,0.994,1.495,-0.000,0.003,0.000,21.0
193,0.711,0.994,1.495,-0.000,0.003,0.000,21.0
194,0.711,0.994,1.495,-0.000,0.003,0.000,21.0
195,0.710,0.994,1.495,-0.000,0.002,0.000,21.0
196,0.710,0.994,1.495,-0.000,0.002,0.000,21.0
197,0.709,0.994,1.495,-0.000,0.002,0.000,21.0
198,0.709,0.994,1.495,-0.000,0.002,0.000,21.0
199,0.708,0.995,1.495,-0.000,0.002,0.000,21.0
200,0.707,0.995,1.495,-0.000,0.002,0.000,21.0
201,0.707,0.995,1.495,-0.000,0.002,0.000,21.0
202,0.706,0.995,1.495,-0.000,0.002,0.000,21.0
203,0.706,0.995,1.495,-0.000,0.002,0.000,21.0
204,0.705,0.995,1.495,-0.000,0.002,0.000,21.0
205,0.705,0.995,1.495,-0.000,0.002,0.000,21.0
206,0.704,0.995,1.495,-0.000,0.002,0.000,21.0
207,0.704,0.995,1.495,-0.000,0.002,0.000,21.0
208,0.703,0.995,1.495,-0.000,0.002,0.000,21.0
209,0.703,0.995,1.495,-0.000,0.002,0.000,21.0
210,0.702,0.995,1.495,-0.000,0.002,0.000,21.0
211,0.702,0.995,1.495,-0.000,0.002,0.000,21.0
212,0.701,0.995,1.495,-0.000,0.002,0.000,21.0
213,0.701,0.995,1.495,-0.000,0.002,0.000,21.0
214,0.701,0.996,1.495,-0.000,0.002,0.000,21.0
215,0.700,0.996,1.495,-0.000,0.002,0.000,21.0
216,0.700,0.996,1.495,-0.000,0.002,0.000,21.0
217,0.699,0.996,1.495,-0.000,0.002,0.000,21.0
218,0.699,0.996,1.495,-0.000,0.002,0.000,21.0
219,0.698,0.996,1.495,-0.000,0.002,0.000,21.0
220,0.698,0.996,1.495,-0.000,0.002,0.000,21.0
221,0.698,0.996,1.495,-0.000,0.002,0.000,21.0
222,0.697,0.996,1.495,-0.000,0.002,0.000,21.0
223,0.697,0.996,1.495,-0.000,0.002,0.000,21.0
224,0.696,0.996,1.495,-0.000,0.002,0.000,21.0
225,0.696,0.996,1.495,-0.000,0.002,0.000,21.0
226,0.696,0.996,1.495,-0.000,0.002,0.000,21.0
227,0.695,0.996,1.495,-0.000,0.002,0.000,21.0
228,0.695,0.996,1.495,-0.000,0.002,0.000,21.0
229,0.694,0.996,1.495,-0.000,0.002,0.000,21.0
230,0.694,0.996,1.495,-0.000,0.002,0.000,21.0
231,0.694,0.996,1.495,-0.000,0.002,0.000,21.0
232,0.693,0.996,1.495,-0.000,0.002,0.000,21.0
233,0.693,0.997,1.495,-0.000,0.002,0.000,21.0
234,0.693,0.997,1.495,-0.000,0.001,0.000,21.0
235,0.692,0.997,1.495,-0.000,0.001,0.000,21.0
236,0.692,0.997,1.495,-0.000,0.001,0.000,21.0
237,0.692,0.997,1.495,-0.000,0.001,0.000,21.0
238,0.691,0.997,1.495,-0.000,0.001,0.000,21.0
239,0.691,0.997,1.495,-0.000,0.001,0.000,21.0
240,0.691,0.997,1.495,-0.000,0.001,0.000,21.0
241,0.690,0.997,1.495,-0.000,0.001,0.000,21.0
242,0.690,0.997,1.495,-0.000,0.001,0.000,21.0
243,0.690,0.997,1.495,-0.000,0.001,0.000,21.0
244,0.690,0.997,1.495,-0.000,0.001,0.000,21.0
245,0.689,0.997,1.495,-0.000,0.001,0.000,21.0
246,0.689,0.997,1.495,-0.000,0.001,0.000,21.0
247,0.689,0.997,1.495,-0.000,0.001,0.000,21.0
248,0.688,0.997,1.495,-0.000,0.001,0.000,21.0
249,0.688,0.997,1.495,-0.000,0.001,0.000,21.0
250,0.688,0.997,1.495,-0.000,0.001,0.000,21.0
251,0.687,0.997,1.495,-0.000,0.001,0.000,21.0
252,0.687,0.997,1.495,-0.000,0.001,0.000,21.0
253,0.687,0.997,1.495,-0.000,0.001,0.000,21.0
254,0.687,0.997,1.495,-0.000,0.001,0.000,21.0
255,0.686,0.997,1.495,-0.000,0.001,0.000,21.0
256,0.686,0.997,1.495,-0.000,0.001,0.000,21.0
257,0.686,0.997,1.495,-0.000,0.001,0.000,21.0
258,0.686,0.997,1.495,-0.000,0.001,0.000,21.0
259,0.685,0.998,1.495,-0.000,0.001,0.000,21.0
260,0.685,0.998,1.495,-0.000,0.001,0.000,21.0
261,0.685,0.998,1.495,-0.000,0.001,0.000,21.0
262,0.685,0.998,1.495,-0.000,0.001,0.000,21.0
263,0.684,0.998,1.495,-0.000,0.001,0.000,21.0
264,0.684,0.998,1.495,-0.000,0.001,0.000,21.0
265,0.684,0.998,1.495,-0.000,0.001,0.000,21.0
266,0.684,0.998,1.495,-0.000,0.001,0.000,21.0
267,0.684,0.998,1.495,-0.000,0.001,0.000,21.0
268,0.683,0.998,1.495,-0.000,0.001,0.000,21.0
269,0.683,0.998,1.495,-0.000,0.001,0.000,21.0
270,0.683,0.998,1.495,-0.000,0.001,0.000,21.0
271,0.683,0.998,1.495,-0.000,0.001,0.000,21.0
272,0.682,0.998,1.495,-0.000,0.001,0.000,21.0
273,0.682,0.998,1.495,-0.000,0.001,0.000,21.0
274,0.682,0.998,1.495,-0.000,0.001,0.000,21.0
275,0.682,0.998,1.495,-0.000,0.001,0.000,21.0
276,0.682,0.998,1.495,-0.000,0.001,0.000,21.0
277,0.681,0.998,1.495,-0.000,0.001,0.000,21.0
278,0.681,0.998,1.495,-0.000,0.001,0.000,21.0
279,0.681,0.998,1.495,-0.000,0.001,0.000,21.0
280,0.681,0.998,1.495,-0.000,0.001,0.000,21.0
281,0.681,0.998,1.495,-0.000,0.001,0.000,21.0
282,0.681,0.998,1.495,-0.000,0.001,0.000,21.0
283,0.680,0.998,1.495,-0.000,0.001,0.000,21.0
284,0.680,0.998,1.495,-0.000,0.001,0.000,21.0
285,0.680,0.998,1.495,-0.000,0.001,0.000,21.0
286,0.680,0.998,1.495,-0.000,0.001,0.000,21.0
287,0.680,0.998,1.495,-0.000,0.001,0.000,21.0
288,0.679,0.998,1.495,-0.000,0.001,0.000,21.0
289,0.679,0.998,1.495,-0.000,0.001,0.000,21.0
290,0.679,0.998,1.495,-0.000,0.001,0.000,21.0
291,0.679,0.998,1.495,-0.000,0.001,0.000,21.0
292,0.679,0.998,1.495,-0.000,0.001,0.000,21.0
293,0.679,0.998,1.495,-0.000,0.001,0.000,21.0
294,0.678,0.998,1.495,-0.000,0.001,0.000,21.0
295,0.678,0.998,1.495,-0.000,0.001,0.000,21.0
296,0.678,0.998,1.495,-0.000,0.001,0.000,21.0
297,0.678,0.999,1.495,-0.000,0.001,0.000,21.0
298,0.678,0.999,1.495,-0.000,0.001,0.000,21.0
299,0.678,0.999,1.495,-0.000,0.001,0.000,21.0
300,0.678,0.999,1.495,-0.000,0.001,0.000,21.0
301,0.677,0.999,1.495,-0.000,0.001,0.000,21.0
302,0.677,0.999,1.495,-0.000,0.001,0.000,21.0
303,0.677,0.999,1.495,-0.000,0.001,0.000,21.0
304,0.677,0.999,1.495,-0.000,0.001,0.000,21.0
305,0.677,0.999,1.495,-0.000,0.001,0.000,21.0
306,0.677,0.999,1.495,-0.000,0.001,0.000,21.0
307,0.677,0.999,1.495,-0.000,0.001,0.000,21.0
308,0.676,0.999,1.495,-0.000,0.001,0.000,21.0
309,0.676,0.999,1.495,-0.000,0.007,0.001,21.0
310,0.676,0.999,1.495,-0.000,0.011,0.001,21.0
311,0.676,0.999,1.495,-0.000,0.011,0.001,21.0
312,0.676,0.999,1.495,-0.000,0.008,0.001,21.0
313,0.676,0.999,1.495,-0.000,0.004,0.001,21.0
314,0.676,0.999,1.495,-0.000,0.001,0.000,21.0
315,0.676,0.999,1.495,-0.000,-0.002,-0.000,21.0
316,0.676,0.999,1.495,-0.000,-0.003,-0.000,21.0
317,0.676,0.999,1.495,-0.000,-0.003,-0.000,21.0
318,0.676,0.999,1.495,-0.000,-0.001,-0.000,21.0
319,0.676,0.999,1.495,-0.000,0.000,0.000,21.0
320,0.676,0.999,1.495,-0.000,0.001,0.000,21.0
321,0.676,0.999,1.495,-0.000,0.002,0.000,21.0
322,0.676,0.999,1.495,-0.000,0.002,0.000,21.0
323,0.676,0.999,1.495,-0.000,0.001,0.000,21.0
324,0.676,0.999,1.495,-0.000,0.000,0.000,21.0
325,0.676,0.999,1.495,-0.000,-0.000,-0.000,21.0
326,0.676,0.999,1.495,-0.000,-0.001,-0.000,21.0
327,0.676,0.999,1.495,-0.000,-0.001,-0.000,21.0
328,0.676,0.999,1.495,-0.000,-0.000,-0.000,21.0
329,0.676,0.999,1.495,-0.000,-0.000,-0.000,21.0
330,0.676,0.999,1.495,-0.000,0.000,0.000,21.0
331,0.676,0.999,1.495,-0.000,0.000,0.000,21.0
332,0.676,0.999,1.495,-0.000,0.000,0.000,21.0
333,0.676,0.999,1.495,-0.000,0.000,0.000,21.0
334,0.676,0.999,1.495,-0.000,0.000,0.000,21.0
335,0.676,0.999,1.495,-0.000,0.000,0.000,21.0
336,0.676,0.999,1.495,-0.000,-0.000,-0.000,21.0
337,0.676,0.999,1.495,-0.000,-0.000,-0.000,21.0
338,0.676,0.999,1.495,-0.000,-0.000,-0.000,21.0
339,0.676,0.999,1.495,-0.000,-0.000,-0.000,21.0
340,0.676,0.999,1.495,-0.000,-0.000,-0.000,21.0
341,0.676,0.999,1.495,-0.000,0.000,0.000,21.0
342,0.676,0.999,1.495,-0.000,0.000,0.000,21.0
343,0.676,0.999,1.495,-0.000,0.000,0.000,21.0
344,0.676,0.999,1.495,-0.000,0.000,0.000,21.0
345,0.676,0.999,1.495,-0.000,0.000,0.000,21.0
346,0.676,0.999,1.495,-0.000,-0.000,-0.000,21.0
347,0.676,0.999,1.495,-0.000,-0.000,-0.000,21.0
348,0.676,0.999,1.495,-0.000,-0.000,-0.000,21.0
349,0.676,0.999,1.495,-0.000,-0.000,-0.000,21.0
350,0.676,0.999,1.495,-0.000,-0.000,-0.000,21.0
351,0.676,0.999,1.495,-0.000,-0.000,-0.000,21.0
352,0.676,0.999,1.495,-0.000,0.000,0.000,21.0
353,0.676,0.999,1.495,-0.000,0.000,0.000,21.0
354,0.676,0.999,1.495,-0.000,0.000,0.000,21.0
355,0.676,0.999,1.495,-0.000,0.000,0.000,21.0
356,0.676,0.999,1.495,-0.000,0.000,0.000,21.0
357,0.676,0.999,1.495,-0.000,-0.000,-0.000,21.0
358,0.676,0.999,1.495,-0.000,-0.000,-0.000,21.0
359,0.676,0.999,1.495,-0.000,-0.000,-0.000,21.0
360,0.676,0.999,1.495,-0.000,-0.000,-0.000,21.0
361,0.676,0.999,1.495,-0.000,-0.000,-0.000,21.0
362,0.676,0.999,1.495,-0.000,0.000,0.000,21.0
363,0.676,0.999,1.495,-0.000,0.000,0.000,21.0
364,0.676,0.999,1.495,-0.000,0.000,0.000,21.0
365,0.676,0.999,1.495,-0.000,0.000,0.000,21.0
366,0.676,0.999,1.495,-0.000,0.000,0.000,21.0
367,0.676,0.999,1.495,-0.000,0.000,0.000,21.0
368,0.676,0.999,1.495,-0.000,-0.000,-0.000,21.0
369,0.676,0.999,1.495,-0.000,-0.000,-0.000,21.0
370,0.676,0.999,1.495,-0.000,-0.000,-0.000,21.0
371,0.676,0.999,1.495,-0.000,-0.000,-0.000,21.0
372,0.676,0.999,1.495,-0.000,-0.000,-0.000,21.0
373,0.676,0.999,1.495,-0.000,0.000,0.000,21.0
374,0.676,0.999,1.495,-0.000,0.000,0.000,21.0
375,0.676,0.999,1.495,-0.000,0.000,0.000,21.0
376,0.676,0.999,1.495,-0.000,0.000,0.000,21.0
377,0.676,0.999,1.495,-0.000,0.000,0.000,21.0
378,0.676,0.999,1.495,-0.000,-0.000,-0.000,21.0
379,0.676,0.999,1.495,-0.000,-0.000,-0.000,21.0
380,0.676,0.999,1.495,-0.000,-0.000,-0.000,21.0
381,0.676,0.999,1.495,-0.000,-0.000,-0.000,21.0
382,0.676,0.999,1.495,-0.000,-0.000,-0.000,21.0
383,0.676,0.999,1.495,-0.000,-0.000,-0.000,21.0
384,0.676,0.999,1.495,-0.000,0.000,0.000,21.0
385,0.676,0.999,1.495,-0.000,0.000,0.000,21.0
386,0.676,0.999,1.495,-0.000,0.000,0.000,21.0
387,0.676,0.999,1.495,-0.000,0.000,0.000,21.0
388,0.676,0.999,1.495,-0.000,0.000,0.000,21.0
389,0.676,0.999,1.495,-0.000,-0.000,-0.000,21.0
390,0.676,0.999,1.495,-0.000,-0.000,-0.000,21.0
391,0.676,0.999,1.495,-0.000,-0.000,-0.000,21.0
392,0.676,0.999,1.495,-0.000,-0.000,-0.000,21.0
393,0.676,0.999,1.495,-0.000,-0.000,-0.000,21.0
394,0.676,0.999,1.495,-0.000,0.000,0.000,21.0
395,0.676,0.999,1.495,-0.000,0.000,0.000,21.0
396,0.676,0.999,1.495,-0.000,0.000,0.000,21.0
397,0.676,0.999,1.495,-0.000,0.000,0.000,21.0
398,0.676,0.999,1.495,-0.000,0.000,0.000,21.0
399,0.676,0.999,1.495,-0.000,0.000,0.000,21.0
400,0.676,0.999,1.495,-0.000,-0.000,-0.000,21.0
401,0.676,0.999,1.495,-0.000,-0.000,-0.000,21.0
402,0.676,0.999,1.495,-0.000,-0.000,-0.000,21.0
403,0.676,0.999,1.495,-0.000,-0.000,-0.000,21.0
404,0.676,0.999,1.495,-0.000,-0.000,-0.000,21.0
405,0.676,0.999,1.495,-0.000,0.000,0.000,21.0
406,0.676,0.999,1.495,-0.000,0.000,0.000,21.0
407,0.676,0.999,1.495,-0.000,0.000,0.000,21.0
408,0.676,0.999,1.495,-0.000,0.000,0.000,21.0
409,0.676,0.999,1.495,-0.000,0.000,0.000,21.0
410,0.676,0.999,1.495,-0.000,-0.000,-0.000,21.0
411,0.676,0.999,1.495,-0.000,-0.000,-0.000,21.0
412,0.676,0.999,1.495,-0.000,-0.000,-0.000,21.0
413,0.676,0.999,1.495,-0.000,-0.000,-0.000,21.0
414,0.676,0.999,1.495,-0.000,-0.000,-0.000,21.0
415,0.676,0.999,1.495,-0.000,-0.000,-0.000,21.0
416,0.676,0.999,1.495,-0.000,0.056,0.212,21.0
417,0.676,0.998,1.495,-0.000,0.092,0.350,21.0
418,0.677,0.996,1.495,-0.000,0.095,0.365,21.0
419,0.678,0.993,1.495,-0.000,0.073,0.281,21.0
420,0.679,0.989,1.495,-0.000,-0.017,-0.063,21.0
421,0.680,0.985,1.495,-0.000,-0.032,-0.119,21.0
422,0.681,0.981,1.495,-0.000,-0.023,-0.086,21.0
423,0.682,0.978,1.495,-0.000,-0.007,-0.023,21.0
424,0.682,0.975,1.495,-0.000,0.010,0.038,21.0
425,0.683,0.972,1.495,-0.000,0.020,0.078,21.0
426,0.684,0.968,1.495,-0.000,0.023,0.088,21.0
427,0.685,0.964,1.495,-0.000,0.019,0.073,21.0
428,0.686,0.960,1.496,-0.000,0.012,0.042,21.0
429,0.687,0.956,1.496,-0.000,0.003,0.010,21.0
430,0.688,0.951,1.496,-0.000,-0.004,-0.014,21.0
431,0.690,0.947,1.496,-0.000,-0.007,-0.026,21.0
432,0.691,0.943,1.496,-0.000,-0.007,-0.026,21.0
433,0.692,0.938,1.496,-0.000,-0.004,-0.017,21.0
434,0.693,0.934,1.496,-0.000,-0.001,-0.005,21.0
435,0.694,0.930,1.496,-0.000,0.002,0.005,21.0
436,0.695,0.926,1.496,-0.000,0.003,0.011,21.0
437,0.696,0.922,1.496,-0.000,0.004,0.011,21.0
438,0.697,0.918,1.496,-0.000,0.003,0.008,21.0
439,0.698,0.913,1.496,-0.000,0.001,0.003,21.0
440,0.700,0.909,1.496,-0.000,-0.000,-0.002,21.0
441,0.701,0.905,1.496,-0.000,-0.001,-0.006,21.0
442,0.702,0.900,1.496,-0.000,-0.002,-0.007,21.0
443,0.703,0.896,1.496,-0.000,-0.002,-0.006,21.0
444,0.704,0.892,1.496,-0.000,-0.001,-0.004,21.0
445,0.705,0.888,1.496,-0.000,-0.000,-0.002,21.0
446,0.706,0.883,1.497,-0.000,0.000,-0.001,21.0
447,0.707,0.879,1.497,-0.000,0.000,-0.000,21.0
448,0.709,0.875,1.497,-0.000,0.000,-0.000,21.0
449,0.710,0.871,1.497,-0.000,0.000,-0.001,21.0
450,0.711,0.866,1.497,-0.000,-0.000,-0.002,21.0
451,0.712,0.862,1.497,-0.000,-0.000,-0.003,21.0
452,0.713,0.858,1.497,-0.000,-0.001,-0.003,21.0
453,0.714,0.854,1.497,-0.000,-0.001,-0.003,21.0
454,0.715,0.849,1.497,-0.000,-0.001,-0.003,21.0
455,0.716,0.845,1.497,-0.000,-0.000,-0.003,21.0
456,0.718,0.841,1.497,-0.000,-0.000,-0.002,21.0
457,0.719,0.837,1.497,-0.000,-0.011,-0.041,21.0
458,0.720,0.833,1.497,-0.000,-0.028,-0.105,21.0
459,0.721,0.829,1.497,-0.000,-0.104,-0.371,21.0
460,0.721,0.826,1.497,-0.000,-0.147,-0.517,21.0
461,0.722,0.825,1.497,-0.000,-0.142,-0.497,21.0
462,0.721,0.826,1.497,-0.000,-0.102,-0.357,21.0
463,0.721,0.828,1.497,-0.000,-0.048,-0.167,21.0
464,0.720,0.831,1.497,-0.000,0.001,0.006,21.0
465,0.719,0.834,1.497,-0.000,0.033,0.118,21.0
466,0.718,0.836,1.497,-0.000,0.044,0.153,21.0
467,0.718,0.838,1.497,-0.000,0.036,0.125,21.0
468,0.717,0.840,1.497,-0.000,0.018,0.062,21.0
469,0.717,0.841,1.497,-0.000,-0.001,-0.006,21.0
470,0.716,0.842,1.497,-0.000,-0.015,-0.056,21.0
471,0.716,0.844,1.498,-0.000,-0.021,-0.076,21.0
472,0.715,0.846,1.498,-0.000,-0.019,-0.068,21.0
473,0.715,0.847,1.498,-0.000,-0.012,-0.041,21.0
474,0.714,0.850,1.498,-0.000,-0.002,-0.009,21.0
475,0.713,0.852,1.498,-0.000,0.005,0.018,21.0
476,0.713,0.854,1.498,-0.000,0.010,0.034,21.0
477,0.712,0.856,1.498,-0.000,0.010,0.036,21.0
478,0.711,0.858,1.498,-0.000,0.008,0.028,21.0
479,0.711,0.859,1.498,-0.000,0.005,0.016,21.0
480,0.710,0.861,1.498,-0.000,0.001,0.004,21.0
481,0.710,0.863,1.498,-0.000,-0.001,-0.004,21.0
482,0.709,0.865,1.498,-0.000,-0.002,-0.006,21.0
483,0.709,0.866,1.498,-0.000,-0.001,-0.004,21.0
484,0.708,0.868,1.498,-0.000,0.000,0.001,21.0
485,0.708,0.870,1.498,-0.000,0.002,0.006,21.0
486,0.707,0.872,1.498,-0.000,0.003,0.010,21.0
487,0.706,0.873,1.498,-0.000,0.004,0.012,21.0
488,0.706,0.875,1.498,-0.000,0.004,0.012,21.0
489,0.705,0.877,1.498,-0.000,0.003,0.010,21.0
490,0.705,0.878,1.498,-0.000,0.002,0.008,21.0
491,0.704,0.880,1.498,-0.000,0.002,0.006,21.0
492,0.704,0.881,1.498,-0.000,0.002,0.005,21.0
493,0.703,0.883,1.498,-0.000,0.001,0.004,21.0
494,0.703,0.884,1.498,-0.000,0.002,0.005,21.0
495,0.703,0.886,1.498,-0.000,0.002,0.006,21.0
496,0.702,0.887,1.498,-0.000,0.002,0.007,21.0
497,0.702,0.889,1.498,-0.000,0.002,0.007,21.0
498,0.701,0.890,1.498,-0.000,0.002,0.007,21.0
499,0.701,0.892,1.498,-0.000,0.002,0.007,21.0
500,0.700,0.893,1.498,-0.000,0.002,0.007,21.0
501,0.700,0.895,1.498,-0.000,0.002,0.006,21.0
502,0.699,0.896,1.498,-0.000,0.002,0.006,21.0
503,0.699,0.897,1.498,-0.000,0.002,0.005,21.0
504,0.699,0.899,1.498,-0.000,0.002,0.005,21.0
505,0.698,0.900,1.498,-0.000,0.002,0.005,21.0
506,0.698,0.901,1.498,-0.000,0.002,0.006,21.0
507,0.697,0.903,1.498,-0.000,0.002,0.006,21.0
508,0.697,0.904,1.498,-0.000,0.002,0.006,21.0
509,0.696,0.905,1.498,-0.000,0.002,0.006,21.0
510,0.696,0.906,1.498,-0.000,0.002,0.005,21.0
511,0.696,0.908,1.498,-0.000,0.002,0.005,21.0
512,0.695,0.909,1.498,-0.000,0.002,0.005,21.0
513,0.695,0.910,1.498,-0.000,0.002,0.005,21.0
514,0.695,0.911,1.498,-0.000,0.002,0.005,21.0
515,0.694,0.912,1.498,-0.000,0.002,0.005,21.0
516,0.694,0.913,1.498,-0.000,0.002,0.005,21.0
517,0.693,0.915,1.498,-0.000,0.002,0.005,21.0
518,0.693,0.916,1.498,-0.000,0.002,0.005,21.0
519,0.693,0.917,1.498,-0.000,0.002,0.005,21.0
520,0.692,0.918,1.498,-0.000,0.001,0.005,21.0
521,0.692,0.919,1.498,-0.000,0.001,0.005,21.0
522,0.692,0.920,1.498,-0.000,0.001,0.005,21.0
523,0.691,0.921,1.498,-0.000,0.001,0.005,21.0
524,0.691,0.922,1.498,-0.000,0.001,0.004,21.0
525,0.691,0.923,1.498,-0.000,0.001,0.004,21.0
526,0.690,0.924,1.498,-0.000,0.001,0.004,21.0
527,0.690,0.925,1.498,-0.000,0.001,0.004,21.0
528,0.690,0.926,1.498,-0.000,0.001,0.004,21.0
529,0.690,0.927,1.498,-0.000,0.001,0.004,21.0
530,0.689,0.928,1.498,-0.000,0.001,0.004,21.0
531,0.689,0.929,1.498,-0.000,0.001,0.004,21.0
532,0.689,0.930,1.498,-0.000,0.001,0.004,21.0
533,0.688,0.931,1.498,-0.000,0.001,0.004,21.0
534,0.688,0.932,1.498,-0.000,0.001,0.004,21.0
535,0.688,0.933,1.498,-0.000,0.001,0.004,21.0
536,0.688,0.934,1.498,-0.000,0.001,0.004,21.0
537,0.687,0.934,1.498,-0.000,0.001,0.004,21.0
538,0.687,0.935,1.498,-0.000,0.001,0.004,21.0
539,0.687,0.936,1.498,-0.000,0.001,0.004,21.0
540,0.686,0.937,1.498,-0.000,0.001,0.004,21.0
541,0.686,0.938,1.498,-0.000,0.001,0.004,21.0
542,0.686,0.939,1.498,-0.000,0.001,0.004,21.0
543,0.686,0.939,1.498,-0.000,0.001,0.003,21.0
544,0.685,0.940,1.498,-0.000,0.001,0.003,21.0
545,0.685,0.941,1.498,-0.000,0.001,0.003,21.0
546,0.685,0.942,1.498,-0.000,0.001,0.003,21.0
547,0.685,0.942,1.498,-0.000,0.001,0.003,21.0
548,0.685,0.943,1.498,-0.000,0.001,0.003,21.0
549,0.684,0.944,1.498,-0.000,0.001,0.003,21.0
550,0.684,0.945,1.498,-0.000,0.001,0.003,21.0
551,0.684,0.945,1.498,-0.000,0.001,0.003,21.0
552,0.684,0.946,1.498,-0.000,0.001,0.003,21.0
553,0.683,0.947,1.498,-0.000,0.001,0.003,21.0
554,0.683,0.948,1.498,-0.000,0.001,0.003,21.0
555,0.683,0.948,1.498,-0.000,0.001,0.003,21.0
556,0.683,0.949,1.498,-0.000,0.001,0.003,21.0
557,0.683,0.950,1.498,-0.000,0.001,0.003,21.0
558,0.682,0.950,1.498,-0.000,0.001,0.003,21.0
559,0.682,0.951,1.498,-0.000,0.001,0.003,21.0
560,0.682,0.952,1.498,-0.000,0.001,0.003,21.0
561,0.682,0.952,1.498,-0.000,0.001,0.003,21.0
562,0.681,0.953,1.498,-0.000,0.001,0.003,21.0
563,0.681,0.953,1.498,-0.000,0.001,0.003,21.0
564,0.681,0.954,1.498,-0.000,0.001,0.003,21.0
565,0.681,0.955,1.498,-0.000,0.001,0.003,21.0
566,0.681,0.955,1.498,-0.000,0.001,0.003,21.0
567,0.681,0.956,1.498,-0.000,0.001,0.003,21.0
568,0.680,0.956,1.498,-0.000,0.001,0.002,21.0
569,0.680,0.957,1.498,-0.000,0.001,0.002,21.0
570,0.680,0.958,1.498,-0.000,0.001,0.002,21.0
571,0.680,0.958,1.498,-0.000,0.001,0.002,21.0
572,0.680,0.959,1.498,-0.000,0.001,0.002,21.0
573,0.679,0.959,1.498,-0.000,0.001,0.002,21.0
574,0.679,0.960,1.498,-0.000,0.001,0.002,21.0
575,0.679,0.960,1.498,-0.000,0.001,0.002,21.0
576,0.679,0.961,1.498,-0.000,0.001,0.002,21.0
577,0.679,0.961,1.498,-0.000,0.001,0.002,21.0
578,0.679,0.962,1.498,-0.000,0.001,0.002,21.0
579,0.679,0.962,1.498,-0.000,0.001,0.002,21.0
580,0.678,0.963,1.498,-0.000,0.001,0.002,21.0
581,0.678,0.963,1.498,-0.000,0.001,0.002,21.0
582,0.678,0.964,1.498,-0.000,0.001,0.002,21.0
583,0.678,0.964,1.498,-0.000,0.001,0.002,21.0
584,0.678,0.965,1.498,-0.000,0.001,0.002,21.0
585,0.678,0.965,1.498,-0.000,0.001,0.002,21.0
586,0.677,0.966,1.498,-0.000,0.001,0.002,21.0
587,0.677,0.966,1.498,-0.000,0.001,0.002,21.0
588,0.677,0.966,1.498,-0.000,0.001,0.002,21.0
589,0.677,0.967,1.498,-0.000,0.001,0.002,21.0
590,0.677,0.967,1.498,-0.000,0.001,0.002,21.0
591,0.677,0.968,1.498,-0.000,0.001,0.002,21.0
592,0.677,0.968,1.498,-0.000,0.001,0.002,21.0
593,0.677,0.969,1.498,-0.000,0.001,0.002,21.0
594,0.676,0.969,1.498,-0.000,0.001,0.002,21.0
595,0.676,0.969,1.498,-0.000,0.001,0.002,21.0
596,0.676,0.970,1.498,-0.000,0.001,0.002,21.0
597,0.676,0.970,1.498,-0.000,0.001,0.002,21.0
598,0.676,0.971,1.498,-0.000,0.001,0.002,21.0
599,0.676,0.971,1.498,-0.000,0.001,0.002,21.0
600,0.676,0.971,1.498,-0.000,0.001,0.002,21.0
601,0.676,0.972,1.498,-0.000,0.001,0.002,21.0
602,0.675,0.972,1.498,-0.000,0.001,0.002,21.0
603,0.675,0.972,1.498,-0.000,0.000,0.002,21.0
604,0.675,0.973,1.498,-0.000,0.000,0.002,21.0
605,0.675,0.973,1.498,-0.000,0.000,0.002,21.0
606,0.675,0.974,1.498,-0.000,0.000,0.002,21.0
607,0.675,0.974,1.498,-0.000,0.000,0.001,21.0
608,0.675,0.974,1.498,-0.000,0.000,0.001,21.0
609,0.675,0.975,1.498,-0.000,0.000,0.001,21.0
610,0.675,0.975,1.498,-0.000,0.000,0.001,21.0
611,0.674,0.975,1.498,-0.000,0.000,0.001,21.0
612,0.674,0.976,1.498,-0.000,0.000,0.001,21.0
613,0.674,0.976,1.498,-0.000,0.000,0.001,21.0
614,0.674,0.976,1.498,-0.000,0.000,0.001,21.0
615,0.674,0.977,1.498,-0.000,0.000,0.001,21.0
616,0.674,0.977,1.498,-0.000,0.000,0.001,21.0
617,0.674,0.977,1.498,-0.000,0.000,0.001,21.0
618,0.674,0.977,1.498,-0.000,0.000,0.001,21.0
619,0.674,0.978,1.498,-0.000,0.000,0.001,21.0
620,0.674,0.978,1.498,-0.000,0.000,0.001,21.0
621,0.673,0.978,1.498,-0.000,0.000,0.001,21.0
622,0.673,0.979,1.498,-0.000,0.000,0.001,21.0
623,0.673,0.979,1.498,-0.000,0.000,0.001,21.0
624,0.673,0.979,1.498,-0.000,0.000,0.001,21.0
625,0.673,0.979,1.498,-0.000,0.000,0.001,21.0
626,0.673,0.980,1.498,-0.000,0.000,0.001,21.0
627,0.673,0.980,1.498,-0.000,0.000,0.001,21.0
628,0.673,0.980,1.498,-0.000,0.000,0.001,21.0
629,0.673,0.980,1.498,-0.000,0.000,0.001,21.0
630,0.673,0.981,1.498,-0.000,0.000,0.001,21.0
631,0.673,0.981,1.498,-0.000,0.000,0.001,21.0
632,0.673,0.981,1.498,-0.000,0.000,0.001,21.0
633,0.672,0.981,1.498,-0.000,0.000,0.001,21.0
634,0.672,0.982,1.498,-0.000,0.000,0.001,21.0
635,0.672,0.982,1.498,-0.000,0.000,0.001,21.0
636,0.672,0.982,1.498,-0.000,0.000,0.001,21.0
637,0.672,0.982,1.498,-0.000,0.000,0.001,21.0
638,0.672,0.983,1.498,-0.000,0.000,0.001,21.0
639,0.672,0.983,1.498,-0.000,0.000,0.001,21.0
640,0.672,0.983,1.498,-0.000,0.000,0.001,21.0
641,0.672,0.983,1.498,-0.000,0.000,0.001,21.0
642,0.672,0.984,1.498,-0.000,0.000,0.001,21.0
643,0.672,0.984,1.498,-0.000,0.000,0.001,21.0
644,0.672,0.984,1.498,-0.000,0.000,0.001,21.0
645,0.672,0.984,1.498,-0.000,0.000,0.001,21.0
646,0.672,0.984,1.498,-0.000,0.000,0.001,21.0
647,0.672,0.985,1.498,-0.000,0.000,0.001,21.0
648,0.671,0.985,1.498,-0.000,0.000,0.001,21.0
649,0.671,0.985,1.498,-0.000,0.000,0.001,21.0
650,0.671,0.985,1.498,-0.000,0.000,0.001,21.0
651,0.671,0.985,1.498,-0.000,0.000,0.001,21.0
652,0.671,0.986,1.498,-0.000,0.000,0.001,21.0
653,0.671,0.986,1.498,-0.000,0.000,0.001,21.0
654,0.671,0.986,1.498,-0.000,0.000,0.001,21.0
655,0.671,0.986,1.498,-0.000,0.000,0.001,21.0
656,0.671,0.986,1.498,-0.000,0.000,0.001,21.0
657,0.671,0.986,1.498,-0.000,0.000,0.001,21.0
658,0.671,0.987,1.498,-0.000,0.000,0.001,21.0
659,0.671,0.987,1.498,-0.000,0.000,0.001,21.0
660,0.671,0.987,1.498,-0.000,0.000,0.001,21.0
661,0.671,0.987,1.498,-0.000,0.000,0.001,21.0
662,0.671,0.987,1.498,-0.000,0.000,0.001,21.0
663,0.671,0.988,1.498,-0.000,0.000,0.001,21.0
664,0.671,0.988,1.498,-0.000,0.000,0.001,21.0
665,0.670,0.988,1.498,-0.000,0.000,0.001,21.0
666,0.670,0.988,1.498,-0.000,0.000,0.001,21.0
667,0.670,0.988,1.498,-0.000,0.000,0.001,21.0
668,0.670,0.988,1.498,-0.000,0.000,0.001,21.0
669,0.670,0.988,1.498,-0.000,0.000,0.001,21.0
670,0.670,0.989,1.498,-0.000,0.000,0.001,21.0
671,0.670,0.989,1.498,-0.000,0.000,0.001,21.0
672,0.670,0.989,1.498,-0.000,0.000,0.001,21.0
673,0.670,0.989,1.498,-0.000,0.000,0.001,21.0
674,0.670,0.989,1.498,-0.000,0.000,0.001,21.0
675,0.670,0.989,1.498,-0.000,0.000,0.001,21.0
676,0.670,0.989,1.498,-0.000,0.000,0.001,21.0
677,0.670,0.990,1.498,-0.000,0.000,0.001,21.0
678,0.670,0.990,1.498,-0.000,0.000,0.001,21.0
679,0.670,0.990,1.498,-0.000,0.000,0.001,21.0
680,0.670,0.990,1.498,-0.000,0.000,0.001,21.0
681,0.670,0.990,1.498,-0.000,0.000,0.001,21.0
682,0.670,0.990,1.498,-0.000,0.000,0.001,21.0
683,0.670,0.990,1.498,-0.000,0.000,0.001,21.0
684,0.670,0.991,1.498,-0.000,0.000,0.001,21.0
685,0.670,0.991,1.498,-0.000,0.002,0.006,21.0
686,0.670,0.991,1.498,-0.000,0.003,0.010,21.0
687,0.670,0.991,1.498,-0.000,0.003,0.011,21.0
688,0.670,0.991,1.498,-0.000,0.003,0.008,21.0
689,0.670,0.991,1.498,-0.000,0.001,0.004,21.0
690,0.670,0.991,1.498,-0.000,0.000,0.001,21.0
691,0.670,0.991,1.498,-0.000,-0.001,-0.002,21.0
692,0.670,0.991,1.498,-0.000,-0.001,-0.003,21.0
693,0.670,0.991,1.498,-0.000,-0.001,-0.003,21.0
694,0.670,0.991,1.498,-0.000,-0.000,-0.001,21.0
695,0.670,0.991,1.498,-0.000,0.000,0.000,21.0
696,0.670,0.991,1.498,-0.000,0.000,0.001,21.0
697,0.670,0.991,1.498,-0.000,0.001,0.002,21.0
698,0.670,0.991,1.498,-0.000,0.000,0.002,21.0
699,0.670,0.991,1.498,-0.000,0.000,0.001,21.0
700,0.670,0.991,1.498,-0.000,0.000,0.000,21.0
701,0.670,0.991,1.498,-0.000,-0.000,-0.000,21.0
702,0.670,0.991,1.498,-0.000,-0.000,-0.000,21.0
703,0.670,0.991,1.498,-0.000,-0.000,-0.001,21.0
704,0.670,0.991,1.498,-0.000,-0.000,-0.000,21.0
705,0.670,0.991,1.498,-0.000,-0.000,-0.000,21.0
706,0.670,0.991,1.498,-0.000,0.000,0.000,21.0
707,0.670,0.991,1.498,-0.000,0.000,0.000,21.0
708,0.670,0.991,1.498,-0.000,0.000,0.000,21.0
709,0.670,0.991,1.498,-0.000,0.000,0.000,21.0
710,0.670,0.991,1.498,-0.000,0.000,0.000,21.0
711,0.670,0.991,1.498,-0.000,0.000,0.000,21.0
712,0.670,0.991,1.498,-0.000,-0.000,-0.000,21.0
713,0.670,0.991,1.498,-0.000,-0.000,-0.000,21.0
714,0.670,0.991,1.498,-0.000,-0.000,-0.000,21.0
715,0.670,0.991,1.498,-0.000,-0.000,-0.000,21.0
716,0.670,0.991,1.498,-0.000,-0.000,-0.000,21.0
717,0.670,0.991,1.498,-0.000,0.000,0.000,21.0
718,0.670,0.991,1.498,-0.000,0.000,0.000,21.0
719,0.670,0.991,1.498,-0.000,0.000,0.000,21.0
720,0.670,0.991,1.498,-0.000,0.000,0.000,21.0
721,0.670,0.991,1.498,-0.000,0.000,0.000,21.0
722,0.670,0.991,1.498,-0.000,-0.000,-0.000,21.0
723,0.670,0.991,1.498,-0.000,-0.000,-0.000,21.0
724,0.670,0.991,1.498,-0.000,-0.000,-0.000,21.0
725,0.670,0.991,1.498,-0.000,-0.000,-0.000,21.0
726,0.670,0.991,1.498,-0.000,-0.000,-0.000,21.0
727,0.670,0.991,1.498,-0.000,-0.000,-0.000,21.0
728,0.670,0.991,1.498,-0.000,0.000,0.000,21.0
729,0.670,0.991,1.498,-0.000,0.000,0.000,21.0
730,0.670,0.991,1.498,-0.000,0.000,0.000,21.0
731,0.670,0.991,1.498,-0.000,0.000,0.000,21.0
732,0.670,0.991,1.498,-0.000,0.000,0.000,21.0
733,0.670,0.991,1.498,-0.000,-0.000,-0.000,21.0
734,0.670,0.991,1.498,-0.000,-0.000,-0.000,21.0
735,0.670,0.991,1.498,-0.000,-0.000,-0.000,21.0
736,0.670,0.991,1.498,-0.000,-0.000,-0.000,21.0
737,0.670,0.991,1.498,-0.000,-0.000,-0.000,21.0
738,0.670,0.991,1.498,-0.000,0.000,0.000,21.0
739,0.670,0.991,1.498,-0.000,0.000,0.000,21.0
740,0.670,0.991,1.498,-0.000,0.000,0.000,21.0
741,0.670,0.991,1.498,-0.000,0.000,0.000,21.0
742,0.670,0.991,1.498,-0.000,0.000,0.000,21.0
743,0.670,0.991,1.498,-0.000,0.000,0.000,21.0
744,0.670,0.991,1.498,-0.000,-0.000,-0.000,21.0
745,0.670,0.991,1.498,-0.000,-0.000,-0.000,21.0
746,0.670,0.991,1.498,-0.000,-0.000,-0.000,21.0
747,0.670,0.991,1.498,-0.000,-0.000,-0.000,21.0
748,0.670,0.991,1.498,-0.000,-0.000,-0.000,21.0
749,0.670,0.991,1.498,-0.000,0.000,0.000,21.0
750,0.670,0.991,1.498,-0.000,0.000,0.000,21.0
751,0.670,0.991,1.498,-0.000,0.000,0.000,21.0
752,0.670,0.991,1.498,-0.000,0.000,0.000,21.0
753,0.670,0.991,1.498,-0.000,0.000,0.000,21.0
754,0.670,0.991,1.498,-0.000,-0.000,-0.000,21.0
755,0.670,0.991,1.498,-0.000,-0.000,-0.000,21.0
756,0.670,0.991,1.498,-0.000,-0.000,-0.000,21.0
757,0.670,0.991,1.498,-0.000,-0.000,-0.000,21.0
758,0.670,0.991,1.498,-0.000,-0.000,-0.000,21.0
759,0.670,0.991,1.498,-0.000,-0.000,-0.000,21.0
760,0.670,0.991,1.498,-0.000,0.000,0.000,21.0
761,0.670,0.991,1.498,-0.000,0.000,0.000,21.0
762,0.670,0.991,1.498,-0.000,0.000,0.000,21.0
763,0.670,0.991,1.498,-0.000,0.000,0.000,21.0
764,0.670,0.991,1.498,-0.000,0.000,0.000,21.0
765,0.670,0.991,1.498,-0.000,-0.000,-0.000,21.0
766,0.670,0.991,1.498,-0.000,-0.000,-0.000,21.0
767,0.670,0.991,1.498,-0.000,-0.000,-0.000,21.0
768,0.670,0.991,1.498,-0.000,-0.000,-0.000,21.0
769,0.670,0.991,1.498,-0.000,-0.000,-0.000,21.0
770,0.670,0.991,1.498,-0.000,0.000,0.000,21.0
771,0.670,0.991,1.498,-0.000,0.000,0.000,21.0
772,0.670,0.991,1.498,-0.000,0.000,0.000,21.0
773,0.670,0.991,1.498,-0.000,0.000,0.000,21.0
774,0.670,0.991,1.498,-0.000,0.000,0.000,21.0
775,0.670,0.991,1.498,-0.000,0.000,0.000,21.0
776,0.670,0.991,1.498,-0.000,-0.000,-0.000,21.0
777,0.670,0.991,1.498,-0.000,-0.000,-0.000,21.0
778,0.670,0.991,1.498,-0.000,-0.000,-0.000,21.0
779,0.670,0.991,1.498,-0.000,-0.000,-0.000,21.0
780,0.670,0.991,1.498,-0.000,-0.000,-0.000,21.0
781,0.670,0.991,1.498,-0.000,0.000,0.000,21.0
782,0.670,0.991,1.498,-0.000,0.000,0.000,21.0
783,0.670,0.991,1.498,-0.000,0.000,0.000,21.0
784,0.670,0.991,1.498,-0.000,0.000,0.000,21.0
785,0.670,0.991,1.498,-0.000,0.000,0.000,21.0
786,0.670,0.991,1.498,-0.000,-0.000,-0.000,21.0
787,0.670,0.991,1.498,-0.000,-0.000,-0.000,21.0
788,0.670,0.991,1.498,-0.000,-0.000,-0.000,21.0
789,0.670,0.991,1.498,-0.000,-0.000,-0.000,21.0
790,0.670,0.991,1.498,-0.000,-0.000,-0.000,21.0
791,0.670,0.991,1.498,-0.000,-0.000,-0.000,21.0
792,0.670,0.991,1.498,-0.000,0.000,0.000,21.0
793,0.670,0.991,1.498,-0.000,0.000,0.000,21.0
794,0.670,0.991,1.498,-0.000,0.000,0.000,21.0
795,0.670,0.991,1.498,-0.000,0.000,0.000,21.0
796,0.670,0.991,1.498,-0.000,0.000,0.000,21.0
797,0.670,0.991,1.498,-0.000,-0.000,-0.000,21.0
798,0.670,0.991,1.498,-0.000,-0.000,-0.000,21.0
799,0.670,0.991,1.498,-0.000,-0.000,-0.000,21.0
800,0.670,0.991,1.498,-0.000,-0.000,-0.000,21.0
801,0.670,0.991,1.498,-0.000,-0.000,-0.000,21.0
802,0.670,0.991,1.498,-0.000,0.000,0.000,21.0
803,0.670,0.991,1.498,-0.000,0.000,0.000,21.0
804,0.670,0.991,1.498,-0.000,0.000,0.000,21.0
805,0.670,0.991,1.498,-0.000,0.000,0.000,21.0
806,0.670,0.991,1.498,-0.000,0.000,0.000,21.0
807,0.670,0.991,1.498,-0.000,0.000,0.000,21.0
808,0.670,0.991,1.498,-0.000,-0.000,-0.000,21.0
809,0.670,0.991,1.498,-0.000,-0.000,-0.000,21.0
810,0.670,0.991,1.498,-0.000,-0.000,-0.000,21.0
811,0.670,0.991,1.498,-0.000,-0.000,-0.000,21.0
812,0.670,0.991,1.498,-0.000,-0.000,-0.000,21.0
813,0.670,0.991,1.498,-0.000,0.000,0.000,21.0
814,0.670,0.991,1.498,-0.000,0.000,0.000,21.0
815,0.670,0.991,1.498,-0.000,0.000,0.000,21.0
816,0.670,0.991,1.498,-0.000,0.000,0.000,21.0
817,0.670,0.991,1.498,-0.000,0.000,0.000,21.0
818,0.670,0.991,1.498,-0.000,-0.000,-0.000,21.0
819,0.670,0.991,1.498,-0.000,-0.000,-0.000,21.0
820,0.670,0.991,1.498,-0.000,-0.000,-0.000,21.0
821,0.670,0.991,1.498,-0.000,-0.000,-0.000,21.0
822,0.670,0.991,1.498,-0.000,-0.000,-0.000,21.0
823,0.670,0.991,1.498,-0.000,-0.000,-0.000,21.0
824,0.670,0.991,1.498,-0.000,0.000,0.000,21.0
825,0.670,0.991,1.498,-0.000,0.000,0.000,21.0
826,0.670,0.991,1.498,-0.000,0.000,0.000,21.0
827,0.670,0.991,1.498,-0.000,0.000,0.000,21.0
828,0.670,0.991,1.498,-0.000,0.000,0.000,21.0
829,0.670,0.991,1.498,-0.000,-0.000,-0.000,21.0
830,0.670,0.991,1.498,-0.000,-0.000,-0.000,21.0
831,0.670,0.991,1.498,-0.000,-0.000,-0.000,21.0
832,0.670,0.991,1.498,-0.000,-0.000,-0.000,21.0
833,0.670,0.991,1.498,-0.000,-0.000,-0.000,21.0
834,0.670,0.991,1.498,-0.000,0.000,0.000,21.0
835,0.670,0.991,1.498,-0.000,0.000,0.000,21.0
836,0.670,0.991,1.498,-0.000,0.000,0.000,21.0
837,0.670,0.991,1.498,-0.000,0.000,0.000,21.0
838,0.670,0.991,1.498,-0.000,0.000,0.000,21.0
839,0.670,0.991,1.498,-0.000,0.000,0.000,21.0
840,0.670,0.991,1.498,-0.000,-0.000,-0.000,21.0
841,0.670,0.991,1.498,-0.000,-0.000,-0.000,21.0
842,0.670,0.991,1.498,-0.000,-0.000,-0.000,21.0
843,0.670,0.991,1.498,-0.000,-0.000,-0.000,21.0
844,0.670,0.991,1.498,-0.000,-0.000,-0.000,21.0
845,0.670,0.991,1.498,-0.000,-0.000,0.000,21.0
846,0.670,0.991,1.498,-0.000,-0.000,0.000,21.0
847,0.670,0.991,1.498,-0.000,-0.000,0.000,21.0
848,0.670,0.991,1.498,-0.000,-0.000,0.000,21.0
849,0.670,0.991,1.498,-0.000,-0.000,0.000,21.0
850,0.670,0.991,1.498,-0.000,0.000,0.000,21.0
851,0.670,0.991,1.498,-0.000,0.000,0.000,21.0
852,0.670,0.991,1.498,-0.000,0.000,0.000,21.0
853,0.670,0.991,1.498,-0.000,0.000,0.000,21.0
854,0.670,0.991,1.498,-0.000,0.000,0.000,21.0
855,0.670,0.991,1.498,-0.000,0.000,0.000,21.0
856,0.670,0.991,1.498,-0.000,0.000,-0.000,21.0
857,0.670,0.991,1.498,-0.000,0.000,-0.000,21.0
858,0.670,0.991,1.498,-0.000,0.000,-0.000,21.0
859,0.670,0.991,1.498,-0.000,0.000,-0.000,21.0
860,0.670,0.991,1.498,-0.000,0.000,-0.000,21.0
861,0.670,0.991,1.498,-0.000,0.000,-0.000,21.0
862,0.670,0.991,1.498,-0.000,0.000,-0.000,21.0
863,0.670,0.991,1.498,-0.000,0.000,-0.000,21.0
864,0.670,0.991,1.498,-0.000,-0.000,-0.000,21.0
865,0.670,0.991,1.498,-0.000,-0.000,-0.000,21.0
866,0.670,0.991,1.498,-0.000,-0.000,-0.000,21.0
867,0.670,0.991,1.498,-0.000,-0.000,-0.000,21.0
868,0.670,0.991,1.498,-0.000,-0.000,-0.000,21.0
869,0.670,0.991,1.498,-0.000,-0.000,-0.000,21.0
870,0.670,0.991,1.498,-0.000,-0.000,0.000,21.0
871,0.670,0.991,1.498,-0.000,-0.000,0.000,21.0
872,0.670,0.991,1.498,-0.000,-0.000,0.000,21.0
873,0.670,0.991,1.498,-0.000,-0.000,0.000,21.0
874,0.670,0.991,1.498,-0.000,-0.000,0.000,21.0
875,0.670,0.991,1.498,-0.000,-0.000,0.000,21.0
876,0.670,0.991,1.498,-0.000,-0.000,0.000,21.0
877,0.670,0.991,1.498,-0.000,-0.000,0.000,21.0
878,0.670,0.991,1.498,-0.000,0.000,0.000,21.0
879,0.670,0.991,1.498,-0.000,0.000,0.000,21.0
880,0.670,0.991,1.498,-0.000,0.000,0.000,21.0
881,0.670,0.991,1.498,-0.000,0.000,0.000,21.0
882,0.670,0.991,1.498,-0.000,0.000,0.000,21.0
883,0.670,0.991,1.498,-0.000,0.000,0.000,21.0
884,0.670,0.991,1.498,-0.000,0.000,-0.000,21.0
885,0.670,0.991,1.498,-0.000,0.000,-0.000,21.0
886,0.670,0.991,1.498,-0.000,0.000,-0.000,21.0
887,0.670,0.991,1.498,-0.000,0.000,-0.000,21.0
888,0.670,0.991,1.498,-0.000,0.000,-0.000,21.0
889,0.670,0.991,1.498,-0.000,0.000,-0.000,21.0
890,0.670,0.991,1.498,-0.000,0.000,-0.000,21.0
891,0.670,0.991,1.498,-0.000,-0.000,-0.000,21.0
892,0.670,0.991,1.498,-0.000,-0.000,-0.000,21.0
893,0.670,0.991,1.498,-0.000,-0.000,-0.000,21.0
894,0.670,0.991,1.498,-0.000,-0.000,-0.000,21.0
895,0.670,0.991,1.498,-0.000,-0.000,-0.000,21.0
896,0.670,0.991,1.498,-0.000,-0.000,-0.000,21.0
897,0.670,0.991,1.498,-0.000,-0.000,-0.000,21.0
898,0.670,0.991,1.498,-0.000,-0.000,0.000,21.0
899,0.670,0.991,1.498,-0.000,-0.000,0.000,21.0
900,0.670,0.991,1.498,-0.000,-0.000,0.000,21.0
901,0.670,0.991,1.498,-0.000,-0.000,0.000,21.0
902,0.670,0.991,1.498,-0.000,-0.000,0.000,21.0
903,0.670,0.991,1.498,-0.000,-0.000,0.000,21.0
904,0.670,0.991,1.498,-0.000,-0.000,0.000,21.0
905,0.670,0.991,1.498,-0.000,0.000,0.000,21.0
906,0.670,0.991,1.498,-0.000,0.000,0.000,21.0
907,0.670,0.991,1.498,-0.000,0.000,0.000,21.0
908,0.670,0.991,1.498,-0.000,0.000,0.000,21.0
909,0.670,0.991,1.498,-0.000,0.000,0.000,21.0
910,0.670,0.991,1.498,-0.000,0.000,0.000,21.0
911,0.670,0.991,1.498,-0.000,0.000,0.000,21.0
912,0.670,0.991,1.498,-0.000,0.000,-0.000,21.0
913,0.670,0.991,1.498,-0.000,0.000,-0.000,21.0
914,0.670,0.991,1.498,-0.000,0.000,-0.000,21.0
915,0.670,0.991,1.498,-0.000,0.000,-0.000,21.0
916,0.670,0.991,1.498,-0.000,0.000,-0.000,21.0
917,0.670,0.991,1.498,-0.000,0.000,-0.000,21.0
918,0.670,0.991,1.498,-0.000,-0.000,-0.000,21.0
919,0.670,0.991,1.498,-0.000,-0.000,-0.000,21.0
920,0.670,0.991,1.498,-0.000,-0.000,-0.000,21.0
921,0.670,0.991,1.498,-0.000,-0.000,-0.000,21.0
922,0.670,0.991,1.498,-0.000,-0.000,-0.000,21.0
923,0.670,0.991,1.498,-0.000,-0.000,-0.000,21.0
924,0.670,0.991,1.498,-0.000,-0.000,-0.000,21.0
925,0.670,0.991,1.498,-0.000,-0.000,0.000,21.0
926,0.670,0.991,1.498,-0.000,-0.000,0.000,21.0
927,0.670,0.991,1.498,-0.000,-0.000,0.000,21.0
928,0.670,0.991,1.498,-0.000,-0.000,0.000,21.0
929,0.670,0.991,1.498,-0.000,-0.000,0.000,21.0
930,0.670,0.991,1.498,-0.000,-0.000,0.000,21.0
931,0.670,0.991,1.498,-0.000,-0.000,0.000,21.0
932,0.670,0.991,1.498,-0.000,0.000,0.000,21.0
933,0.670,0.991,1.498,-0.000,0.000,0.000,21.0
934,0.670,0.991,1.498,-0.000,0.000,0.000,21.0
935,0.670,0.991,1.498,-0.000,0.000,0.000,21.0
936,0.670,0.991,1.498,-0.000,0.000,0.000,21.0
937,0.670,0.991,1.498,-0.000,0.000,0.000,21.0
938,0.670,0.991,1.498,-0.000,0.000,0.000,21.0
939,0.670,0.991,1.498,-0.000,0.000,-0.000,21.0
940,0.670,0.991,1.498,-0.000,0.000,-0.000,21.0
941,0.670,0.991,1.498,-0.000,0.000,-0.000,21.0
942,0.670,0.991,1.498,-0.000,0.000,-0.000,21.0
943,0.670,0.991,1.498,-0.000,0.000,-0.000,21.0
944,0.670,0.991,1.498,-0.000,0.000,-0.000,21.0
945,0.670,0.991,1.498,-0.000,0.000,-0.000,21.0
946,0.670,0.991,1.498,-0.000,-0.000,-0.000,21.0
947,0.670,0.991,1.498,-0.000,-0.000,-0.000,21.0
948,0.670,0.991,1.498,-0.000,-0.000,-0.000,21.0
949,0.670,0.991,1.498,-0.000,-0.000,-0.000,21.0
950,0.670,0.991,1.498,-0.000,-0.000,-0.000,21.0
951,0.670,0.991,1.498,-0.000,-0.000,-0.000,21.0
952,0.670,0.991,1.498,-0.000,-0.000,-0.000,21.0
953,0.670,0.991,1.498,-0.000,-0.000,0.000,21.0
954,0.670,0.991,1.498,-0.000,-0.000,0.000,21.0
955,0.670,0.991,1.498,-0.000,-0.000,0.000,21.0
956,0.670,0.991,1.498,-0.000,-0.000,0.000,21.0
957,0.670,0.991,1.498,-0.000,-0.000,0.000,21.0
958,0.670,0.991,1.498,-0.000,-0.000,0.000,21.0
959,0.670,0.991,1.498,-0.000,0.000,0.000,21.0
960,0.670,0.991,1.498,-0.000,0.000,0.000,21.0
961,0.670,0.991,1.498,-0.000,0.000,0.000,21.0
962,0.670,0.991,1.498,-0.000,0.000,0.000,21.0
963,0.670,0.991,1.498,-0.000,0.000,0.000,21.0
964,0.670,0.991,1.498,-0.000,0.000,0.000,21.0
965,0.670,0.991,1.498,-0.000,0.000,0.000,21.0
966,0.670,0.991,1.498,-0.000,0.000,0.000,21.0
967,0.670,0.991,1.498,-0.000,0.000,-0.000,21.0
968,0.670,0.991,1.498,-0.000,0.000,-0.000,21.0
969,0.670,0.991,1.498,-0.000,0.000,-0.000,21.0
970,0.670,0.991,1.498,-0.000,0.000,-0.000,21.0
971,0.670,0.991,1.498,-0.000,0.000,-0.000,21.0
972,0.670,0.991,1.498,-0.000,0.000,-0.000,21.0
973,0.670,0.991,1.498,-0.000,-0.000,-0.000,21.0
974,0.670,0.991,1.498,-0.000,-0.000,-0.000,21.0
975,0.670,0.991,1.498,-0.000,-0.000,-0.000,21.0
976,0.670,0.991,1.498,-0.000,-0.000,-0.000,21.0
977,0.670,0.991,1.498,-0.000,-0.000,-0.000,21.0
978,0.670,0.991,1.498,-0.000,-0.000,-0.000,21.0
979,0.670,0.991,1.498,-0.000,-0.000,-0.000,21.0
980,0.670,0.991,1.498,-0.000,-0.000,-0.000,21.0
981,0.670,0.991,1.498,-0.000,-0.000,0.000,21.0
982,0.670,0.991,1.498,-0.000,-0.000,0.000,21.0
983,0.670,0.991,1.498,-0.000,-0.000,0.000,21.0
984,0.670,0.991,1.498,-0.000,-0.000,0.000,21.0
985,0.670,0.991,1.498,-0.000,-0.000,0.000,21.0
986,0.670,0.991,1.498,-0.000,-0.000,0.000,21.0
987,0.670,0.991,1.498,-0.000,0.000,0.000,21.0
988,0.670,0.991,1.498,-0.000,0.000,0.000,21.0
989,0.670,0.991,1.498,-0.000,0.000,0.000,21.0
990,0.670,0.991,1.498,-0.000,0.000,0.000,21.0
991,0.670,0.991,1.498,-0.000,0.000,0.000,21.0
992,0.670,0.991,1.498,-0.000,0.000,0.000,21.0
993,0.670,0.991,1.498,-0.000,0.000,0.000,21.0
994,0.670,0.991,1.498,-0.000,0.000,0.000,21.0
995,0.670,0.991,1.498,-0.000,0.000,-0.000,21.0
996,0.670,0.991,1.498,-0.000,0.000,-0.000,21.0
997,0.670,0.991,1.498,-0.000,0.000,-0.000,21.0
998,0.670,0.991,1.498,-0.000,0.000,-0.000,21.0
999,0.670,0.991,1.498,-0.000,0.000,-0.000,21.0
1000,0.670,0.991,1.498,-0.000,-0.000,-0.000,21.0
