1,-1.000,-0.500,0.000,0.000,0.000,0.000,1
2,-1.000,-0.500,0.153,0.000,0.000,0.000,1
3,-1.000,-0.500,0.473,0.000,0.000,0.000,1
4,-1.000,-0.500,0.808,0.000,0.000,0.000,1
5,-1.000,-0.500,1.088,0.000,0.000,0.000,1
6,-1.000,-0.500,1.290,0.000,0.000,0.000,1
7,-1.000,-0.500,1.420,0.000,0.000,0.000,1
8,-1.000,-0.500,1.493,0.000,0.000,0.000,1
9,-1.000,-0.500,1.522,0.000,0.000,0.000,1
10,-1.000,-0.500,1.534,0.000,0.000,0.000,1
11,-1.000,-0.500,1.533,0.000,0.000,0.000,1
12,-1.000,-0.500,1.527,0.000,0.000,-0.219,1
13,-1.000,-0.499,1.519,0.000,0.000,-0.361,1
14,-1.000,-0.497,1.512,0.000,0.000,-0.370,1
15,-1.000,-0.494,1.506,0.000,0.000,-0.263,1
16,-1.000,-0.490,1.507,0.000,0.000,0.079,1
17,-1.000,-0.486,1.507,0.000,-0.152,0.494,8.0
18,-1.001,-0.484,1.507,0.000,-0.252,0.692,8.0
19,-1.002,-0.484,1.508,0.000,-0.262,0.650,8.0
20,-1.004,-0.486,1.508,0.000,-0.202,0.441,8.0
21,-1.007,-0.490,1.509,0.000,-0.107,0.172,8.0
22,-1.010,-0.494,1.509,0.000,0.139,-0.217,8.0
23,-1.013,-0.498,1.510,0.000,0.150,-0.265,8.0
24,-1.016,-0.501,1.504,0.000,0.085,-0.213,8.0
25,-1.018,-0.504,1.503,0.000,0.005,-0.105,8.0
26,-1.020,-0.506,1.503,0.000,-0.058,0.013,5.0
27,-1.022,-0.507,1.502,0.000,-0.090,0.101,5.0
28,-1.025,-0.510,1.501,0.000,-0.089,0.136,11.0
29,-1.028,-0.512,1.501,0.000,-0.064,0.123,11.0
30,-1.031,-0.515,1.500,0.000,-0.028,0.079,11.0
31,-1.034,-0.519,1.500,0.000,0.005,0.024,11.0
32,-1.037,-0.522,1.500,0.000,0.026,-0.021,11.0
33,-1.040,-0.526,1.499,0.000,0.032,-0.046,11.0
34,-1.044,-0.529,1.499,0.000,0.026,-0.049,11.0
35,-1.047,-0.532,1.499,0.000,0.013,-0.036,11.0
36,-1.049,-0.535,1.499,0.000,-0.000,-0.011,11.0
37,-1.052,-0.538,1.498,0.000,-0.009,0.023,11.0
38,-1.055,-0.541,1.498,0.000,-0.013,0.053,11.0
39,-1.058,-0.544,1.498,0.000,-0.012,0.072,11.0
40,-1.061,-0.548,1.498,0.000,-0.007,0.079,11.0
41,-1.064,-0.552,1.497,0.000,0.002,0.077,5.0
42,-1.068,-0.556,1.497,0.000,0.009,0.067,5.0
43,-1.071,-0.560,1.497,0.000,0.012,0.051,5.0
44,-1.074,-0.564,1.497,0.000,0.013,0.033,5.0
45,-1.077,-0.569,1.496,0.000,0.011,0.015,5.0
46,-1.080,-0.574,1.496,0.000,0.008,-0.002,5.0
47,-1.083,-0.578,1.496,0.000,0.005,-0.019,5.0
48,-1.086,-0.583,1.496,0.000,0.003,-0.035,5.0
49,-1.088,-0.587,1.496,0.000,0.002,-0.048,5.0
50,-1.091,-0.592,1.496,0.000,0.003,-0.057,5.0
51,-1.094,-0.596,1.495,0.000,0.003,-0.061,5.0
52,-1.097,-0.600,1.495,0.000,0.004,-0.061,5.0
53,-1.100,-0.604,1.495,0.000,0.004,-0.056,5.0
54,-1.103,-0.607,1.495,0.000,0.005,-0.040,5.0
55,-1.106,-0.611,1.495,0.000,0.006,-0.020,5.0
56,-1.109,-0.614,1.495,0.000,0.007,-0.001,5.0
57,-1.112,-0.617,1.495,0.000,0.008,0.011,5.0
58,-1.114,-0.621,1.496,0.000,0.009,0.016,5.0
59,-1.117,-0.624,1.496,0.000,0.010,0.014,5.0
60,-1.120,-0.628,1.496,0.000,0.010,0.008,5.0
61,-1.123,-0.631,1.496,0.000,0.010,0.002,5.0
62,-1.125,-0.635,1.496,0.000,0.010,-0.003,5.0
63,-1.128,-0.638,1.496,0.000,0.010,-0.005,5.0
64,-1.131,-0.642,1.496,0.000,0.009,-0.004,5.0
65,-1.133,-0.645,1.496,0.000,0.009,-0.001,5.0
66,-1.136,-0.649,1.496,0.000,0.009,0.002,5.0
67,-1.139,-0.652,1.497,0.000,0.010,0.005,5.0
68,-1.141,-0.656,1.497,0.000,0.010,0.007,5.0
69,-1.144,-0.660,1.497,0.000,0.011,0.007,5.0
70,-1.146,-0.663,1.497,0.000,0.011,0.007,5.0
71,-1.149,-0.667,1.497,0.000,0.012,0.005,5.0
72,-1.151,-0.671,1.497,0.000,0.012,0.004,5.0
73,-1.153,-0.674,1.498,0.000,0.012,0.004,5.0
74,-1.156,-0.678,1.498,0.000,0.012,0.003,5.0
75,-1.158,-0.682,1.498,0.000,0.012,0.004,5.0
76,-1.160,-0.686,1.498,0.000,0.012,0.004,5.0
77,-1.162,-0.689,1.498,0.000,0.013,0.004,5.0
78,-1.165,-0.693,1.499,0.000,0.013,0.005,5.0
79,-1.167,-0.697,1.499,0.000,0.013,0.005,5.0
80,-1.169,-0.701,1.499,0.000,0.014,0.005,5.0
81,-1.171,-0.705,1.499,0.000,0.014,0.005,5.0
82,-1.173,-0.709,1.500,0.000,0.014,0.005,5.0
83,-1.175,-0.713,1.500,0.000,0.014,0.004,5.0
84,-1.177,-0.717,1.500,0.000,0.015,0.004,5.0
85,-1.179,-0.721,1.500,0.000,0.015,0.004,5.0
86,-1.181,-0.725,1.501,0.000,0.015,0.004,5.0
87,-1.182,-0.729,1.501,0.000,0.015,0.004,5.0
88,-1.184,-0.733,1.501,0.000,0.016,0.004,5.0
89,-1.186,-0.737,1.502,0.000,0.016,0.003,5.0
90,-1.187,-0.741,1.502,0.000,0.017,0.000,5.0
91,-1.189,-0.745,1.502,0.000,0.019,-0.004,5.0
92,-1.190,-0.749,1.503,0.000,0.021,-0.009,5.0
93,-1.192,-0.753,1.503,0.000,0.022,-0.012,5.0
94,-1.193,-0.757,1.503,0.000,0.022,-0.014,5.0
95,-1.194,-0.761,1.503,0.000,0.022,-0.014,5.0
96,-1.196,-0.765,1.504,0.000,0.008,-0.250,2.0
97,-1.197,-0.768,1.504,0.000,-0.001,-0.403,2.0
98,-1.198,-0.770,1.504,0.000,0.263,-0.437,2.0
99,-1.198,-0.770,1.504,0.000,0.437,-0.353,2.0
100,-1.197,-0.769,1.504,0.000,0.458,-0.204,2.0
101,-1.195,-0.768,1.504,0.000,0.356,-0.049,2.0
102,-1.191,-0.766,1.505,0.000,0.191,0.064,2.0
103,-1.186,-0.764,1.505,0.000,-0.180,0.183,2.0
104,-1.182,-0.763,1.505,0.000,-0.471,0.235,1
105,-1.179,-0.763,1.505,0.000,-0.596,0.215,1
106,-1.179,-0.763,1.505,0.000,-0.448,0.114,1
107,-1.180,-0.764,1.505,0.000,0.006,0.075,8.0
108,-1.181,-0.765,1.505,0.000,0.377,0.041,8.0
109,-1.181,-0.767,1.505,0.000,0.340,-0.061,8.0
110,-1.179,-0.768,1.505,0.000,0.224,-0.339,8.0
111,-1.177,-0.768,1.505,0.000,0.072,-0.489,8.0
112,-1.175,-0.766,1.506,0.000,-0.063,-0.473,10.0
113,-1.173,-0.763,1.506,0.000,-0.144,-0.335,10.0
114,-1.171,-0.758,1.506,0.000,-0.160,-0.149,10.0
115,-1.170,-0.753,1.506,0.000,-0.125,0.018,10.0
116,-1.169,-0.748,1.507,0.000,-0.062,0.122,10.0
117,-1.168,-0.744,1.507,0.000,0.001,0.152,10.0
118,-1.168,-0.739,1.507,0.000,0.045,0.120,10.0
119,-1.167,-0.736,1.507,0.000,0.058,0.094,1
120,-1.166,-0.732,1.507,0.000,0.041,0.085,1
121,-1.165,-0.729,1.507,0.000,-0.024,0.204,1
122,-1.165,-0.727,1.507,0.000,-0.244,0.403,11.0
123,-1.165,-0.726,1.507,0.000,-0.373,0.475,11.0
124,-1.166,-0.726,1.507,0.000,-0.373,0.412,11.0
125,-1.168,-0.728,1.508,0.000,-0.277,0.264,11.0
126,-1.171,-0.731,1.508,0.000,-0.136,0.095,11.0
127,-1.175,-0.734,1.508,0.000,-0.004,-0.040,11.0
128,-1.179,-0.737,1.508,0.000,0.083,-0.113,11.0
129,-1.183,-0.740,1.509,0.000,0.113,-0.121,11.0
130,-1.186,-0.743,1.509,0.000,0.094,-0.081,11.0
131,-1.189,-0.745,1.509,0.000,0.048,-0.022,11.0
132,-1.192,-0.747,1.509,0.000,-0.004,0.032,11.0
133,-1.195,-0.749,1.509,0.000,-0.042,0.065,11.0
134,-1.198,-0.751,1.510,0.000,-0.058,0.072,11.0
135,-1.201,-0.754,1.510,0.000,-0.053,0.056,11.0
136,-1.204,-0.757,1.510,0.000,-0.034,0.030,11.0
137,-1.208,-0.760,1.510,0.000,-0.011,0.002,11.0
138,-1.211,-0.763,1.504,0.000,0.009,-0.017,11.0
139,-1.215,-0.765,1.503,0.000,0.021,-0.025,11.0
140,-1.218,-0.768,1.502,0.000,0.022,-0.023,11.0
141,-1.222,-0.771,1.501,0.000,0.017,-0.014,11.0
142,-1.225,-0.774,1.500,0.000,0.008,-0.003,11.0
143,-1.228,-0.776,1.499,0.000,-0.001,0.006,11.0
144,-1.232,-0.779,1.498,0.000,-0.006,0.010,11.0
145,-1.235,-0.782,1.498,0.000,-0.007,0.009,11.0
146,-1.238,-0.785,1.497,0.000,-0.002,0.003,11.0
147,-1.242,-0.787,1.497,0.000,0.005,-0.004,11.0
148,-1.245,-0.790,1.496,0.000,0.012,-0.011,11.0
149,-1.248,-0.793,1.496,0.000,0.017,-0.016,11.0
150,-1.252,-0.796,1.495,0.000,0.019,-0.017,11.0
151,-1.255,-0.798,1.495,0.000,0.019,-0.016,11.0
152,-1.258,-0.801,1.495,0.000,0.016,-0.013,11.0
153,-1.261,-0.804,1.494,0.000,0.013,-0.010,11.0
154,-1.264,-0.806,1.494,0.000,0.011,-0.008,11.0
155,-1.267,-0.809,1.494,0.000,0.010,-0.007,11.0
156,-1.270,-0.811,1.493,0.000,0.010,-0.008,11.0
157,-1.273,-0.814,1.493,0.000,0.011,-0.009,11.0
158,-1.276,-0.816,1.493,0.000,0.012,-0.010,11.0
159,-1.279,-0.818,1.493,0.000,0.013,-0.011,11.0
160,-1.282,-0.821,1.493,0.000,0.013,-0.011,11.0
161,-1.285,-0.823,1.492,0.000,0.013,-0.011,11.0
162,-1.288,-0.825,1.492,0.000,0.013,-0.011,11.0
163,-1.291,-0.828,1.492,0.000,0.012,-0.010,11.0
164,-1.293,-0.830,1.492,0.000,0.012,-0.010,11.0
165,-1.296,-0.832,1.492,0.000,0.011,-0.009,11.0
166,-1.299,-0.834,1.492,0.000,0.011,-0.009,11.0
167,-1.301,-0.837,1.492,0.000,0.011,-0.009,11.0
168,-1.304,-0.839,1.492,0.000,0.011,-0.009,11.0
169,-1.307,-0.841,1.491,0.000,0.011,-0.009,11.0
170,-1.309,-0.843,1.491,0.000,0.011,-0.009,11.0
171,-1.312,-0.845,1.491,0.000,0.011,-0.009,11.0
172,-1.314,-0.847,1.491,0.000,0.011,-0.009,11.0
173,-1.317,-0.849,1.491,0.000,0.011,-0.009,11.0
174,-1.319,-0.851,1.491,0.000,0.010,-0.009,11.0
175,-1.321,-0.853,1.491,0.000,0.010,-0.008,11.0
176,-1.324,-0.855,1.491,0.000,0.010,-0.008,11.0
177,-1.326,-0.857,1.491,0.000,0.010,-0.008,11.0
178,-1.328,-0.859,1.491,0.000,0.010,-0.008,11.0
179,-1.330,-0.860,1.491,0.000,0.010,-0.008,11.0
180,-1.333,-0.862,1.491,0.000,0.010,-0.008,11.0
181,-1.335,-0.864,1.491,0.000,0.009,-0.008,11.0
182,-1.337,-0.866,1.491,0.000,0.009,-0.008,11.0
183,-1.339,-0.868,1.491,0.000,0.009,-0.008,11.0
184,-1.341,-0.869,1.491,0.000,0.009,-0.007,11.0
185,-1.343,-0.871,1.491,0.000,0.009,-0.007,11.0
186,-1.345,-0.873,1.491,0.000,0.009,-0.007,11.0
187,-1.347,-0.874,1.491,0.000,0.009,-0.007,11.0
188,-1.349,-0.876,1.490,0.000,0.009,-0.007,11.0
189,-1.351,-0.878,1.490,0.000,0.008,-0.007,11.0
190,-1.353,-0.879,1.490,0.000,0.008,-0.007,11.0
191,-1.355,-0.881,1.490,0.000,0.008,-0.007,11.0
192,-1.357,-0.882,1.490,0.000,0.008,-0.007,11.0
193,-1.359,-0.884,1.490,0.000,0.008,-0.007,11.0
194,-1.361,-0.885,1.490,0.000,0.008,-0.007,11.0
195,-1.363,-0.887,1.490,0.000,0.008,-0.006,11.0
196,-1.364,-0.888,1.490,0.000,0.008,-0.006,11.0
197,-1.366,-0.890,1.490,0.000,0.008,-0.006,11.0
198,-1.368,-0.891,1.490,0.000,0.008,-0.006,11.0
199,-1.370,-0.893,1.490,0.000,0.007,-0.006,11.0
200,-1.371,-0.894,1.490,0.000,0.007,-0.006,11.0
201,-1.373,-0.896,1.490,0.000,0.007,-0.006,11.0
202,-1.375,-0.897,1.490,0.000,0.007,-0.006,11.0
203,-1.376,-0.898,1.490,0.000,0.007,-0.006,11.0
204,-1.378,-0.900,1.490,0.000,0.007,-0.006,11.0
205,-1.380,-0.901,1.490,0.000,0.007,-0.006,11.0
206,-1.381,-0.902,1.490,0.000,0.007,-0.006,11.0
207,-1.383,-0.903,1.490,0.000,0.007,-0.006,11.0
208,-1.384,-0.905,1.490,0.000,0.007,-0.005,11.0
209,-1.386,-0.906,1.490,0.000,0.007,-0.005,11.0
210,-1.387,-0.907,1.490,0.000,0.006,-0.005,11.0
211,-1.389,-0.908,1.490,0.000,0.006,-0.005,11.0
212,-1.390,-0.910,1.490,0.000,0.006,-0.005,11.0
213,-1.392,-0.911,1.490,0.000,0.006,-0.005,11.0
214,-1.393,-0.912,1.490,0.000,0.006,-0.005,11.0
215,-1.394,-0.913,1.490,0.000,0.006,-0.005,11.0
216,-1.396,-0.914,1.490,0.000,0.006,-0.005,11.0
217,-1.397,-0.915,1.490,0.000,0.006,-0.005,11.0
218,-1.399,-0.917,1.490,0.000,0.006,-0.005,11.0
219,-1.400,-0.918,1.490,0.000,0.006,-0.005,11.0
220,-1.401,-0.919,1.490,0.000,0.006,-0.005,11.0
221,-1.403,-0.920,1.490,0.000,0.006,-0.005,11.0
222,-1.404,-0.921,1.490,0.000,0.005,-0.005,11.0
223,-1.405,-0.922,1.490,0.000,0.005,-0.004,11.0
224,-1.406,-0.923,1.490,0.000,0.005,-0.004,11.0
225,-1.408,-0.924,1.490,0.000,0.005,-0.004,11.0
226,-1.409,-0.925,1.490,0.000,0.005,-0.004,11.0
227,-1.410,-0.926,1.490,0.000,0.005,-0.004,11.0
228,-1.411,-0.927,1.496,0.000,0.005,-0.004,11.0
229,-1.412,-0.928,1.498,0.000,0.005,-0.004,11.0
230,-1.413,-0.929,1.499,0.000,0.005,-0.004,11.0
231,-1.415,-0.930,1.500,0.000,0.005,-0.004,11.0
232,-1.416,-0.931,1.501,0.000,0.005,-0.004,11.0
233,-1.417,-0.931,1.501,0.000,0.005,-0.004,11.0
234,-1.418,-0.932,1.502,0.000,0.005,-0.004,11.0
235,-1.419,-0.933,1.503,0.000,0.005,-0.004,11.0
236,-1.420,-0.934,1.504,0.000,0.005,-0.004,11.0
237,-1.421,-0.935,1.504,0.000,0.005,-0.004,11.0
238,-1.422,-0.936,1.505,0.000,0.004,-0.004,11.0
239,-1.423,-0.937,1.505,0.000,0.004,-0.004,11.0
240,-1.424,-0.938,1.506,0.000,0.004,-0.004,11.0
241,-1.425,-0.938,1.506,0.000,0.004,-0.004,11.0
242,-1.426,-0.939,1.506,0.000,0.004,-0.003,11.0
243,-1.427,-0.940,1.507,0.000,0.004,-0.003,11.0
244,-1.428,-0.941,1.507,0.000,0.004,-0.003,11.0
245,-1.429,-0.942,1.507,0.000,0.004,-0.003,11.0
246,-1.430,-0.942,1.508,0.000,0.004,-0.003,11.0
247,-1.431,-0.943,1.508,0.000,0.004,-0.003,11.0
248,-1.432,-0.944,1.508,0.000,0.004,-0.003,11.0
249,-1.433,-0.945,1.508,0.000,0.004,-0.003,11.0
250,-1.433,-0.945,1.508,0.000,0.004,-0.003,11.0
251,-1.434,-0.946,1.509,0.000,0.004,-0.003,11.0
252,-1.435,-0.947,1.509,0.000,0.004,-0.003,11.0
253,-1.436,-0.947,1.509,0.000,0.004,-0.003,11.0
254,-1.437,-0.948,1.509,0.000,0.004,-0.003,11.0
255,-1.438,-0.949,1.509,0.000,0.004,-0.003,11.0
256,-1.439,-0.949,1.509,0.000,0.004,-0.003,11.0
257,-1.439,-0.950,1.509,0.000,0.003,-0.003,11.0
258,-1.440,-0.951,1.509,0.000,0.003,-0.003,11.0
259,-1.441,-0.951,1.510,0.000,0.003,-0.003,11.0
260,-1.442,-0.952,1.510,0.000,0.003,-0.003,11.0
261,-1.442,-0.953,1.510,0.000,0.003,-0.003,11.0
262,-1.443,-0.953,1.510,0.000,0.003,-0.003,11.0
263,-1.444,-0.954,1.510,0.000,0.003,-0.003,11.0
264,-1.445,-0.954,1.510,0.000,0.003,-0.003,11.0
265,-1.445,-0.955,1.510,0.000,0.003,-0.003,11.0
266,-1.446,-0.956,1.510,0.000,0.003,-0.003,11.0
267,-1.447,-0.956,1.510,0.000,0.003,-0.003,11.0
268,-1.448,-0.957,1.510,0.000,0.003,-0.002,11.0
269,-1.448,-0.957,1.510,0.000,0.003,-0.002,11.0
270,-1.449,-0.958,1.504,0.000,0.003,-0.002,11.0
271,-1.450,-0.958,1.503,0.000,0.003,-0.002,11.0
272,-1.450,-0.959,1.501,0.000,0.003,-0.002,11.0
273,-1.451,-0.960,1.500,0.000,0.003,-0.002,11.0
274,-1.452,-0.960,1.499,0.000,0.003,-0.002,11.0
275,-1.452,-0.961,1.499,0.000,0.003,-0.002,11.0
276,-1.453,-0.961,1.498,0.000,0.003,-0.002,11.0
277,-1.453,-0.962,1.497,0.000,0.003,-0.002,11.0
278,-1.454,-0.962,1.497,0.000,0.003,-0.002,11.0
279,-1.455,-0.963,1.496,0.000,0.003,-0.002,11.0
280,-1.455,-0.963,1.495,0.000,0.003,-0.002,11.0
281,-1.456,-0.964,1.495,0.000,0.003,-0.002,11.0
282,-1.456,-0.964,1.494,0.000,0.002,-0.002,11.0
283,-1.457,-0.965,1.494,0.000,0.002,-0.002,11.0
284,-1.457,-0.965,1.494,0.000,0.002,-0.002,11.0
285,-1.458,-0.965,1.493,0.000,0.002,-0.002,11.0
286,-1.459,-0.966,1.493,0.000,0.002,-0.002,11.0
287,-1.459,-0.966,1.493,0.000,0.002,-0.002,11.0
288,-1.460,-0.967,1.493,0.000,0.002,-0.002,11.0
289,-1.460,-0.967,1.492,0.000,0.002,-0.002,11.0
290,-1.461,-0.968,1.492,0.000,0.002,-0.002,11.0
291,-1.461,-0.968,1.492,0.000,0.002,-0.002,11.0
292,-1.462,-0.969,1.492,0.000,0.002,-0.002,11.0
293,-1.462,-0.969,1.492,0.000,0.002,-0.002,11.0
294,-1.463,-0.969,1.491,0.000,0.002,-0.002,11.0
295,-1.463,-0.970,1.491,0.000,0.002,-0.002,11.0
296,-1.464,-0.970,1.491,0.000,0.002,-0.002,11.0
297,-1.464,-0.971,1.491,0.000,0.002,-0.002,11.0
298,-1.465,-0.971,1.491,0.000,0.002,-0.002,11.0
299,-1.465,-0.971,1.491,0.000,0.002,-0.002,11.0
300,-1.466,-0.972,1.491,0.000,0.002,-0.002,11.0
301,-1.466,-0.972,1.491,0.000,0.002,-0.002,11.0
302,-1.466,-0.972,1.491,0.000,0.002,-0.002,11.0
303,-1.467,-0.973,1.490,0.000,0.002,-0.002,11.0
304,-1.467,-0.973,1.490,0.000,0.002,-0.002,11.0
305,-1.468,-0.973,1.490,0.000,0.002,-0.002,11.0
306,-1.468,-0.974,1.490,0.000,0.002,-0.001,11.0
307,-1.469,-0.974,1.490,0.000,0.002,-0.001,11.0
308,-1.469,-0.974,1.490,0.000,0.002,-0.001,11.0
309,-1.469,-0.975,1.490,0.000,0.002,-0.001,11.0
310,-1.470,-0.975,1.490,0.000,0.002,-0.001,11.0
311,-1.470,-0.975,1.490,0.000,0.002,-0.001,11.0
312,-1.471,-0.976,1.490,0.000,0.002,-0.001,11.0
313,-1.471,-0.976,1.490,0.000,0.002,-0.001,11.0
314,-1.471,-0.976,1.490,0.000,0.002,-0.001,11.0
315,-1.472,-0.977,1.490,0.000,0.002,-0.001,11.0
316,-1.472,-0.977,1.490,0.000,0.002,-0.001,11.0
317,-1.472,-0.977,1.496,0.000,0.002,-0.001,11.0
318,-1.473,-0.978,1.497,0.000,0.002,-0.001,11.0
319,-1.473,-0.978,1.499,0.000,0.002,-0.001,11.0
320,-1.474,-0.978,1.500,0.000,0.002,-0.001,11.0
321,-1.474,-0.979,1.501,0.000,0.001,-0.001,11.0
322,-1.474,-0.979,1.501,0.000,0.001,-0.001,11.0
323,-1.475,-0.979,1.502,0.000,0.001,-0.001,11.0
324,-1.475,-0.979,1.503,0.000,0.001,-0.001,11.0
325,-1.475,-0.980,1.504,0.000,0.001,-0.001,11.0
326,-1.476,-0.980,1.504,0.000,0.001,-0.001,11.0
327,-1.476,-0.980,1.505,0.000,0.001,-0.001,11.0
328,-1.476,-0.980,1.505,0.000,0.001,-0.001,11.0
329,-1.477,-0.981,1.506,0.000,0.001,-0.001,11.0
330,-1.477,-0.981,1.506,0.000,0.001,-0.001,11.0
331,-1.477,-0.981,1.506,0.000,0.001,-0.001,11.0
332,-1.477,-0.981,1.507,0.000,0.001,-0.001,11.0
333,-1.478,-0.982,1.507,0.000,0.001,-0.001,11.0
334,-1.478,-0.982,1.507,0.000,0.001,-0.001,11.0
335,-1.478,-0.982,1.508,0.000,0.001,-0.001,11.0
336,-1.479,-0.982,1.508,0.000,0.001,-0.001,11.0
337,-1.479,-0.983,1.508,0.000,0.001,-0.001,11.0
338,-1.479,-0.983,1.508,0.000,0.001,-0.001,11.0
339,-1.479,-0.983,1.508,0.000,0.001,-0.001,11.0
340,-1.480,-0.983,1.509,0.000,0.001,-0.001,11.0
341,-1.480,-0.983,1.509,0.000,0.001,-0.001,11.0
342,-1.480,-0.984,1.509,0.000,0.001,-0.001,11.0
343,-1.480,-0.984,1.509,0.000,0.001,-0.001,11.0
344,-1.481,-0.984,1.509,0.000,0.001,-0.001,11.0
345,-1.481,-0.984,1.509,0.000,0.001,-0.001,11.0
346,-1.481,-0.985,1.509,0.000,0.001,-0.001,11.0
347,-1.481,-0.985,1.509,0.000,0.001,-0.001,11.0
348,-1.482,-0.985,1.509,0.000,0.001,-0.001,11.0
349,-1.482,-0.985,1.510,0.000,0.001,-0.001,11.0
350,-1.482,-0.985,1.510,0.000,0.001,-0.001,11.0
351,-1.482,-0.986,1.510,0.000,0.001,-0.001,11.0
352,-1.483,-0.986,1.510,0.000,0.001,-0.001,11.0
353,-1.483,-0.986,1.510,0.000,0.001,-0.001,11.0
354,-1.483,-0.986,1.510,0.000,0.001,-0.001,11.0
355,-1.483,-0.986,1.510,0.000,0.001,-0.001,11.0
356,-1.484,-0.986,1.510,0.000,0.001,-0.001,11.0
357,-1.484,-0.987,1.510,0.000,0.001,-0.001,11.0
358,-1.484,-0.987,1.510,0.000,0.001,-0.001,11.0
359,-1.484,-0.987,1.510,0.000,0.001,-0.001,11.0
360,-1.484,-0.987,1.510,0.000,0.001,-0.001,11.0
361,-1.485,-0.987,1.504,0.000,0.001,-0.001,11.0
362,-1.485,-0.987,1.503,0.000,0.001,-0.001,11.0
363,-1.485,-0.988,1.501,0.000,0.001,-0.001,11.0
364,-1.485,-0.988,1.500,0.000,0.001,-0.001,11.0
365,-1.485,-0.988,1.499,0.000,0.001,-0.001,11.0
366,-1.486,-0.988,1.499,0.000,0.001,-0.001,11.0
367,-1.486,-0.988,1.498,0.000,0.001,-0.001,11.0
368,-1.486,-0.988,1.497,0.000,0.001,-0.001,11.0
369,-1.486,-0.989,1.497,0.000,0.001,-0.001,11.0
370,-1.486,-0.989,1.496,0.000,0.001,-0.001,11.0
371,-1.486,-0.989,1.495,0.000,0.001,-0.001,11.0
372,-1.487,-0.989,1.495,0.000,0.001,-0.001,11.0
373,-1.487,-0.989,1.494,0.000,0.001,-0.001,11.0
374,-1.487,-0.989,1.494,0.000,0.001,-0.001,11.0
375,-1.487,-0.989,1.494,0.000,0.001,-0.001,11.0
376,-1.487,-0.990,1.493,0.000,0.001,-0.001,11.0
377,-1.488,-0.990,1.493,0.000,0.001,-0.001,11.0
378,-1.488,-0.990,1.493,0.000,0.001,-0.001,11.0
379,-1.488,-0.990,1.492,0.000,0.001,-0.001,11.0
380,-1.488,-0.990,1.492,0.000,0.001,-0.001,11.0
381,-1.488,-0.990,1.492,0.000,0.001,-0.001,11.0
382,-1.488,-0.990,1.492,0.000,0.001,-0.001,11.0
383,-1.488,-0.991,1.492,0.000,0.001,-0.001,11.0
384,-1.489,-0.991,1.492,0.000,0.001,-0.001,11.0
385,-1.489,-0.991,1.491,0.000,0.001,-0.001,11.0
386,-1.489,-0.991,1.491,0.000,0.001,-0.001,11.0
387,-1.489,-0.991,1.491,0.000,0.001,-0.001,11.0
388,-1.489,-0.991,1.491,0.000,0.001,-0.001,11.0
389,-1.489,-0.991,1.491,0.000,0.001,-0.001,11.0
390,-1.489,-0.991,1.491,0.000,0.001,-0.000,11.0
391,-1.490,-0.991,1.491,0.000,0.001,-0.000,11.0
392,-1.490,-0.992,1.491,0.000,0.001,-0.000,11.0
393,-1.490,-0.992,1.491,0.000,0.001,-0.000,11.0
394,-1.490,-0.992,1.490,0.000,0.001,-0.000,11.0
395,-1.490,-0.992,1.490,0.000,0.001,-0.000,11.0
396,-1.490,-0.992,1.490,0.000,0.001,-0.000,11.0
397,-1.490,-0.992,1.490,0.000,0.001,-0.000,11.0
398,-1.491,-0.992,1.490,0.000,0.001,-0.000,11.0
399,-1.491,-0.992,1.490,0.000,0.001,-0.000,11.0
400,-1.491,-0.992,1.490,0.000,0.001,-0.000,11.0
401,-1.491,-0.993,1.490,0.000,0.001,-0.000,11.0
402,-1.491,-0.993,1.490,0.000,0.001,-0.000,11.0
403,-1.491,-0.993,1.490,0.000,0.001,-0.000,11.0
404,-1.491,-0.993,1.490,0.000,0.000,-0.000,11.0
405,-1.491,-0.993,1.490,0.000,0.000,-0.000,11.0
406,-1.491,-0.993,1.490,0.000,0.000,-0.000,11.0
407,-1.492,-0.993,1.490,0.000,0.000,-0.000,11.0
408,-1.492,-0.993,1.496,0.000,0.000,-0.000,11.0
409,-1.492,-0.993,1.497,0.000,0.000,-0.000,11.0
410,-1.492,-0.993,1.499,0.000,0.000,-0.000,11.0
411,-1.492,-0.993,1.500,0.000,0.000,-0.000,11.0
412,-1.492,-0.994,1.501,0.000,0.000,-0.000,11.0
413,-1.492,-0.994,1.501,0.000,0.000,-0.000,11.0
414,-1.492,-0.994,1.502,0.000,0.000,-0.000,11.0
415,-1.492,-0.994,1.503,0.000,0.005,-0.004,11.0
416,-1.493,-0.994,1.504,0.000,0.008,-0.007,11.0
417,-1.493,-0.994,1.504,0.000,0.009,-0.007,11.0
418,-1.493,-0.994,1.505,0.000,0.007,-0.005,11.0
419,-1.493,-0.994,1.505,0.000,0.003,-0.003,11.0
420,-1.493,-0.994,1.506,0.000,0.000,-0.000,11.0
421,-1.493,-0.994,1.506,0.000,-0.002,0.001,11.0
422,-1.493,-0.994,1.506,0.000,-0.002,0.002,11.0
423,-1.493,-0.994,1.507,0.000,-0.002,0.002,11.0
424,-1.493,-0.994,1.507,0.000,-0.001,0.001,11.0
425,-1.493,-0.994,1.507,0.000,0.000,-0.000,11.0
426,-1.493,-0.994,1.508,0.000,0.001,-0.001,11.0
427,-1.493,-0.994,1.508,0.000,0.001,-0.001,11.0
428,-1.493,-0.994,1.508,0.000,0.001,-0.001,11.0
429,-1.493,-0.994,1.508,0.000,0.001,-0.001,11.0
430,-1.493,-0.994,1.508,0.000,0.000,-0.000,11.0
431,-1.493,-0.994,1.509,0.000,-0.000,0.000,11.0
432,-1.493,-0.994,1.509,0.000,-0.000,0.000,11.0
433,-1.493,-0.994,1.509,0.000,-0.000,0.000,11.0
434,-1.493,-0.994,1.509,0.000,-0.000,0.000,11.0
435,-1.493,-0.994,1.509,0.000,-0.000,0.000,11.0
436,-1.493,-0.994,1.509,0.000,0.000,-0.000,11.0
437,-1.493,-0.994,1.509,0.000,0.000,-0.000,11.0
438,-1.493,-0.994,1.509,0.000,0.000,-0.000,11.0
439,-1.493,-0.994,1.509,0.000,0.000,-0.000,11.0
440,-1.493,-0.994,1.510,0.000,0.000,-0.000,11.0
441,-1.493,-0.994,1.510,0.000,0.000,-0.000,11.0
442,-1.493,-0.994,1.510,0.000,-0.000,0.000,11.0
443,-1.493,-0.994,1.510,0.000,-0.000,0.000,11.0
444,-1.493,-0.994,1.510,0.000,-0.000,0.000,11.0
445,-1.493,-0.994,1.510,0.000,-0.000,0.000,11.0
446,-1.493,-0.994,1.510,0.000,-0.000,0.000,11.0
447,-1.493,-0.994,1.510,0.000,0.000,-0.000,11.0
448,-1.493,-0.994,1.510,0.000,0.000,-0.000,11.0
449,-1.493,-0.994,1.510,0.000,0.000,-0.000,11.0
450,-1.493,-0.994,1.510,0.000,0.000,-0.000,11.0
451,-1.493,-0.994,1.510,0.000,0.000,-0.000,11.0
452,-1.493,-0.994,1.504,0.000,-0.000,0.000,11.0
453,-1.493,-0.994,1.503,0.000,-0.000,0.000,11.0
454,-1.493,-0.994,1.501,0.000,-0.000,0.000,11.0
455,-1.493,-0.994,1.500,0.000,-0.000,0.000,8.0
456,-1.493,-0.994,1.499,0.000,-0.000,0.000,8.0
457,-1.493,-0.994,1.499,0.000,-0.000,0.000,8.0
458,-1.493,-0.994,1.498,0.000,0.183,-0.121,8.0
459,-1.492,-0.993,1.497,0.000,0.302,-0.199,8.0
460,-1.490,-0.992,1.497,0.000,0.314,-0.208,8.0
461,-1.488,-0.991,1.496,0.000,0.242,-0.160,8.0
462,-1.484,-0.988,1.496,0.000,0.128,-0.085,8.0
463,-1.480,-0.986,1.495,0.000,0.016,-0.012,8.0
464,-1.476,-0.983,1.495,0.000,-0.062,0.039,8.0
465,-1.472,-0.980,1.495,0.000,-0.093,0.060,8.0
466,-1.469,-0.978,1.495,0.000,-0.082,0.053,8.0
467,-1.465,-0.976,1.495,0.000,-0.045,0.029,8.0
468,-1.462,-0.974,1.495,0.000,-0.002,0.000,8.0
469,-1.459,-0.971,1.494,0.000,0.031,-0.022,8.0
470,-1.456,-0.969,1.494,0.000,0.047,-0.032,8.0
471,-1.452,-0.967,1.494,0.000,0.045,-0.031,8.0
472,-1.449,-0.965,1.494,0.000,-0.001,-0.000,1
473,-1.445,-0.962,1.494,0.000,-0.074,0.049,1
474,-1.442,-0.960,1.494,0.000,-0.266,0.180,11.0
475,-1.439,-0.958,1.494,0.000,-0.367,0.249,11.0
476,-1.438,-0.957,1.494,0.000,-0.350,0.238,11.0
477,-1.438,-0.957,1.494,0.000,-0.249,0.169,11.0
478,-1.439,-0.958,1.494,0.000,-0.113,0.077,11.0
479,-1.440,-0.959,1.494,0.000,0.008,-0.005,11.0
480,-1.441,-0.959,1.494,0.000,0.085,-0.058,11.0
481,-1.442,-0.960,1.494,0.000,0.108,-0.073,11.0
482,-1.443,-0.961,1.494,0.000,0.086,-0.059,11.0
483,-1.443,-0.961,1.494,0.000,0.040,-0.028,11.0
484,-1.443,-0.961,1.494,0.000,-0.008,0.005,11.0
485,-1.443,-0.961,1.494,0.000,-0.043,0.029,11.0
486,-1.444,-0.961,1.494,0.000,-0.057,0.039,11.0
487,-1.444,-0.962,1.494,0.000,-0.050,0.034,11.0
488,-1.445,-0.962,1.494,0.000,-0.031,0.021,11.0
489,-1.446,-0.963,1.494,0.000,-0.008,0.005,11.0
490,-1.446,-0.963,1.494,0.000,0.011,-0.007,11.0
491,-1.447,-0.964,1.494,0.000,0.021,-0.015,11.0
492,-1.448,-0.964,1.494,0.000,0.023,-0.015,11.0
493,-1.449,-0.965,1.494,0.000,0.017,-0.012,11.0
494,-1.449,-0.965,1.494,0.000,0.008,-0.006,11.0
495,-1.450,-0.966,1.494,0.000,-0.000,0.000,11.0
496,-1.450,-0.966,1.494,0.000,-0.006,0.004,11.0
497,-1.451,-0.966,1.494,0.000,-0.007,0.005,11.0
498,-1.452,-0.967,1.494,0.000,-0.005,0.004,11.0
499,-1.452,-0.967,1.494,0.000,-0.002,0.001,11.0
500,-1.453,-0.968,1.494,0.000,0.002,-0.001,11.0
501,-1.454,-0.968,1.494,0.000,0.005,-0.003,11.0
502,-1.454,-0.969,1.494,0.000,0.006,-0.004,11.0
503,-1.455,-0.969,1.494,0.000,0.006,-0.004,11.0
504,-1.455,-0.969,1.494,0.000,0.005,-0.003,11.0
505,-1.456,-0.970,1.494,0.000,0.003,-0.002,11.0
506,-1.457,-0.970,1.494,0.000,0.002,-0.001,11.0
507,-1.457,-0.971,1.494,0.000,0.001,-0.001,11.0
508,-1.458,-0.971,1.494,0.000,0.001,-0.001,11.0
509,-1.458,-0.971,1.494,0.000,0.001,-0.001,11.0
510,-1.459,-0.972,1.494,0.000,0.002,-0.001,11.0
511,-1.459,-0.972,1.494,0.000,0.002,-0.002,11.0
512,-1.460,-0.972,1.494,0.000,0.003,-0.002,11.0
513,-1.460,-0.973,1.494,0.000,0.003,-0.002,11.0
514,-1.461,-0.973,1.494,0.000,0.003,-0.002,11.0
515,-1.461,-0.974,1.494,0.000,0.003,-0.002,11.0
516,-1.462,-0.974,1.494,0.000,0.002,-0.002,11.0
517,-1.462,-0.974,1.494,0.000,0.002,-0.001,11.0
518,-1.463,-0.975,1.494,0.000,0.002,-0.001,11.0
519,-1.463,-0.975,1.494,0.000,0.002,-0.001,11.0
520,-1.464,-0.975,1.494,0.000,0.002,-0.001,11.0
521,-1.464,-0.976,1.494,0.000,0.002,-0.001,11.0
522,-1.465,-0.976,1.494,0.000,0.002,-0.001,11.0
523,-1.465,-0.976,1.494,0.000,0.002,-0.001,11.0
524,-1.466,-0.976,1.494,0.000,0.002,-0.001,11.0
525,-1.466,-0.977,1.494,0.000,0.002,-0.001,11.0
526,-1.467,-0.977,1.494,0.000,0.002,-0.001,11.0
527,-1.467,-0.977,1.494,0.000,0.002,-0.001,11.0
528,-1.467,-0.978,1.494,0.000,0.002,-0.001,11.0
529,-1.468,-0.978,1.494,0.000,0.002,-0.001,11.0
530,-1.468,-0.978,1.494,0.000,0.002,-0.001,11.0
531,-1.469,-0.979,1.494,0.000,0.002,-0.001,11.0
532,-1.469,-0.979,1.494,0.000,0.002,-0.001,11.0
533,-1.470,-0.979,1.494,0.000,0.002,-0.001,11.0
534,-1.470,-0.979,1.494,0.000,0.002,-0.001,11.0
535,-1.470,-0.980,1.494,0.000,0.002,-0.001,11.0
536,-1.471,-0.980,1.494,0.000,0.002,-0.001,11.0
537,-1.471,-0.980,1.494,0.000,0.002,-0.001,11.0
538,-1.471,-0.980,1.494,0.000,0.002,-0.001,11.0
539,-1.472,-0.981,1.494,0.000,0.002,-0.001,11.0
540,-1.472,-0.981,1.494,0.000,0.002,-0.001,11.0
541,-1.473,-0.981,1.494,0.000,0.002,-0.001,11.0
542,-1.473,-0.981,1.494,0.000,0.002,-0.001,11.0
543,-1.473,-0.982,1.494,0.000,0.002,-0.001,11.0
544,-1.474,-0.982,1.494,0.000,0.002,-0.001,11.0
545,-1.474,-0.982,1.494,0.000,-0.001,-0.001,11.0
546,-1.474,-0.982,1.494,0.000,-0.000,-0.001,11.0
547,-1.475,-0.983,1.494,0.000,0.001,-0.001,11.0
548,-1.475,-0.983,1.494,0.000,0.003,-0.001,11.0
549,-1.475,-0.983,1.494,0.000,0.003,-0.001,11.0
550,-1.476,-0.983,1.494,0.000,0.003,-0.001,11.0
551,-1.476,-0.984,1.494,0.000,0.003,-0.001,11.0
552,-1.476,-0.984,1.494,0.000,0.002,-0.001,11.0
553,-1.477,-0.984,1.494,0.000,0.001,-0.001,11.0
554,-1.477,-0.984,1.494,0.000,0.001,-0.001,11.0
555,-1.477,-0.984,1.494,0.000,0.001,-0.001,11.0
556,-1.478,-0.985,1.494,0.000,0.001,-0.001,11.0
557,-1.478,-0.985,1.494,0.000,0.001,-0.001,11.0
558,-1.478,-0.985,1.494,0.000,0.001,-0.001,11.0
559,-1.478,-0.985,1.494,0.000,0.001,-0.001,11.0
560,-1.479,-0.985,1.494,0.000,0.002,-0.001,11.0
561,-1.479,-0.986,1.494,0.000,0.001,-0.001,11.0
562,-1.479,-0.986,1.494,0.000,0.001,-0.001,11.0
563,-1.480,-0.986,1.494,0.000,0.001,-0.001,11.0
564,-1.480,-0.986,1.494,0.000,0.001,-0.001,11.0
565,-1.480,-0.986,1.494,0.000,0.001,-0.001,11.0
566,-1.480,-0.986,1.494,0.000,0.001,-0.001,11.0
567,-1.481,-0.987,1.494,0.000,0.001,-0.001,11.0
568,-1.481,-0.987,1.494,0.000,0.001,-0.001,11.0
569,-1.481,-0.987,1.494,0.000,0.001,-0.001,11.0
570,-1.481,-0.987,1.494,0.000,0.001,-0.001,11.0
571,-1.482,-0.987,1.494,0.000,0.001,-0.001,11.0
572,-1.482,-0.987,1.494,0.000,0.001,-0.001,11.0
573,-1.482,-0.988,1.494,0.000,0.001,-0.001,11.0
574,-1.482,-0.988,1.494,0.000,0.001,-0.001,11.0
575,-1.483,-0.988,1.494,0.000,0.001,-0.001,11.0
576,-1.483,-0.988,1.494,0.000,0.001,-0.001,11.0
577,-1.483,-0.988,1.494,0.000,0.001,-0.001,11.0
578,-1.483,-0.988,1.494,0.000,0.001,-0.001,11.0
579,-1.483,-0.989,1.494,0.000,0.001,-0.001,11.0
580,-1.484,-0.989,1.494,0.000,0.001,-0.001,11.0
581,-1.484,-0.989,1.494,0.000,0.001,-0.001,11.0
582,-1.484,-0.989,1.494,0.000,0.001,-0.001,11.0
583,-1.484,-0.989,1.494,0.000,0.001,-0.001,11.0
584,-1.484,-0.989,1.494,0.000,0.001,-0.001,11.0
585,-1.485,-0.989,1.494,0.000,0.001,-0.001,11.0
586,-1.485,-0.990,1.494,0.000,0.001,-0.001,11.0
587,-1.485,-0.990,1.494,0.000,0.001,-0.001,11.0
588,-1.485,-0.990,1.494,0.000,0.001,-0.001,11.0
589,-1.485,-0.990,1.494,0.000,0.001,-0.001,11.0
590,-1.486,-0.990,1.494,0.000,0.001,-0.001,11.0
591,-1.486,-0.990,1.494,0.000,0.001,-0.001,11.0
592,-1.486,-0.990,1.494,0.000,0.001,-0.001,11.0
593,-1.486,-0.991,1.494,0.000,0.001,-0.001,11.0
594,-1.486,-0.991,1.494,0.000,0.001,-0.001,11.0
595,-1.487,-0.991,1.494,0.000,0.001,-0.001,11.0
596,-1.487,-0.991,1.494,0.000,0.001,-0.001,11.0
597,-1.487,-0.991,1.494,0.000,0.001,-0.001,11.0
598,-1.487,-0.991,1.494,0.000,0.001,-0.001,11.0
599,-1.487,-0.991,1.494,0.000,0.001,-0.001,11.0
600,-1.487,-0.991,1.494,0.000,0.001,-0.000,11.0
601,-1.488,-0.991,1.494,0.000,0.001,-0.000,11.0
602,-1.488,-0.992,1.494,0.000,0.001,-0.000,11.0
603,-1.488,-0.992,1.494,0.000,0.001,-0.000,11.0
604,-1.488,-0.992,1.494,0.000,0.001,-0.000,11.0
605,-1.488,-0.992,1.494,0.000,0.001,-0.000,11.0
606,-1.488,-0.992,1.494,0.000,0.001,-0.000,11.0
607,-1.489,-0.992,1.494,0.000,0.001,-0.000,11.0
608,-1.489,-0.992,1.494,0.000,0.001,-0.000,11.0
609,-1.489,-0.992,1.494,0.000,0.001,-0.000,11.0
610,-1.489,-0.992,1.494,0.000,0.001,-0.000,11.0
611,-1.489,-0.993,1.494,0.000,0.001,-0.000,11.0
612,-1.489,-0.993,1.494,0.000,0.001,-0.000,11.0
613,-1.489,-0.993,1.494,0.000,0.001,-0.000,11.0
614,-1.490,-0.993,1.494,0.000,0.001,-0.000,11.0
615,-1.490,-0.993,1.494,0.000,0.001,-0.000,11.0
616,-1.490,-0.993,1.494,0.000,0.001,-0.000,11.0
617,-1.490,-0.993,1.494,0.000,0.001,-0.000,11.0
618,-1.490,-0.993,1.494,0.000,0.001,-0.000,11.0
619,-1.490,-0.993,1.494,0.000,0.001,-0.000,11.0
620,-1.490,-0.993,1.494,0.000,0.001,-0.000,11.0
621,-1.490,-0.993,1.494,0.000,0.001,-0.000,11.0
622,-1.491,-0.994,1.494,0.000,0.001,-0.000,11.0
623,-1.491,-0.994,1.494,0.000,0.001,-0.000,11.0
624,-1.491,-0.994,1.494,0.000,0.001,-0.000,11.0
625,-1.491,-0.994,1.494,0.000,0.001,-0.000,11.0
626,-1.491,-0.994,1.494,0.000,0.001,-0.000,11.0
627,-1.491,-0.994,1.494,0.000,0.001,-0.000,11.0
628,-1.491,-0.994,1.494,0.000,0.000,-0.000,11.0
629,-1.491,-0.994,1.494,0.000,0.000,-0.000,11.0
630,-1.492,-0.994,1.494,0.000,0.000,-0.000,11.0
631,-1.492,-0.994,1.494,0.000,0.000,-0.000,11.0
632,-1.492,-0.994,1.494,0.000,0.000,-0.000,11.0
633,-1.492,-0.994,1.494,0.000,0.000,-0.000,11.0
634,-1.492,-0.994,1.494,0.000,0.006,-0.004,11.0
635,-1.492,-0.995,1.494,0.000,0.009,-0.006,11.0
636,-1.492,-0.995,1.494,0.000,0.009,-0.006,11.0
637,-1.492,-0.995,1.494,0.000,0.007,-0.005,11.0
638,-1.492,-0.995,1.494,0.000,0.004,-0.003,11.0
639,-1.492,-0.995,1.494,0.000,0.000,-0.000,11.0
640,-1.492,-0.995,1.494,0.000,-0.002,0.001,11.0
641,-1.492,-0.995,1.494,0.000,-0.003,0.002,11.0
642,-1.492,-0.995,1.494,0.000,-0.002,0.002,11.0
643,-1.492,-0.995,1.494,0.000,-0.001,0.001,11.0
644,-1.492,-0.995,1.494,0.000,0.000,-0.000,11.0
645,-1.492,-0.995,1.494,0.000,0.001,-0.001,11.0
646,-1.492,-0.995,1.494,0.000,0.001,-0.001,11.0
647,-1.492,-0.995,1.494,0.000,0.001,-0.001,11.0
648,-1.492,-0.995,1.494,0.000,0.001,-0.001,11.0
649,-1.492,-0.995,1.494,0.000,0.000,-0.000,11.0
650,-1.492,-0.995,1.494,0.000,-0.000,0.000,11.0
651,-1.492,-0.995,1.494,0.000,-0.000,0.000,11.0
652,-1.492,-0.995,1.494,0.000,-0.000,0.000,11.0
653,-1.492,-0.995,1.494,0.000,-0.000,0.000,11.0
654,-1.492,-0.995,1.494,0.000,-0.000,0.000,11.0
655,-1.492,-0.995,1.494,0.000,0.000,-0.000,11.0
656,-1.492,-0.995,1.494,0.000,0.000,-0.000,11.0
657,-1.492,-0.995,1.494,0.000,0.000,-0.000,11.0
658,-1.492,-0.995,1.494,0.000,0.000,-0.000,11.0
659,-1.492,-0.995,1.494,0.000,0.000,-0.000,11.0
660,-1.492,-0.995,1.494,0.000,0.000,-0.000,11.0
661,-1.492,-0.995,1.494,0.000,-0.000,0.000,11.0
662,-1.492,-0.995,1.494,0.000,-0.000,0.000,11.0
663,-1.492,-0.995,1.494,0.000,-0.000,0.000,11.0
664,-1.492,-0.995,1.494,0.000,-0.000,0.000,11.0
665,-1.492,-0.995,1.494,0.000,-0.000,0.000,11.0
666,-1.492,-0.995,1.494,0.000,0.000,-0.000,11.0
667,-1.492,-0.995,1.494,0.000,0.000,-0.000,11.0
668,-1.492,-0.995,1.494,0.000,0.000,-0.000,11.0
669,-1.492,-0.995,1.494,0.000,0.000,-0.000,11.0
670,-1.492,-0.995,1.494,0.000,0.000,-0.000,11.0
671,-1.492,-0.995,1.494,0.000,-0.000,0.000,11.0
672,-1.492,-0.995,1.494,0.000,-0.000,0.000,11.0
673,-1.492,-0.995,1.494,0.000,-0.000,0.000,11.0
674,-1.492,-0.995,1.494,0.000,-0.000,0.000,11.0
675,-1.492,-0.995,1.494,0.000,-0.000,0.000,11.0
676,-1.492,-0.995,1.494,0.000,-0.000,0.000,11.0
677,-1.492,-0.995,1.494,0.000,0.000,-0.000,11.0
678,-1.492,-0.995,1.494,0.000,0.000,-0.000,11.0
679,-1.492,-0.995,1.494,0.000,0.000,-0.000,11.0
680,-1.492,-0.995,1.494,0.000,0.000,-0.000,11.0
681,-1.492,-0.995,1.494,0.000,0.000,-0.000,11.0
682,-1.492,-0.995,1.494,0.000,-0.000,0.000,11.0
683,-1.492,-0.995,1.494,0.000,-0.000,0.000,11.0
684,-1.492,-0.995,1.494,0.000,-0.000,0.000,11.0
685,-1.492,-0.995,1.494,0.000,-0.000,0.000,11.0
686,-1.492,-0.995,1.494,0.000,-0.000,0.000,11.0
687,-1.492,-0.995,1.494,0.000,0.000,-0.000,11.0
688,-1.492,-0.995,1.494,0.000,0.000,-0.000,11.0
689,-1.492,-0.995,1.494,0.000,0.000,-0.000,11.0
690,-1.492,-0.995,1.494,0.000,0.000,-0.000,11.0
691,-1.492,-0.995,1.494,0.000,0.000,-0.000,11.0
692,-1.492,-0.995,1.494,0.000,0.000,-0.000,11.0
693,-1.492,-0.995,1.494,0.000,-0.000,0.000,11.0
694,-1.492,-0.995,1.494,0.000,-0.000,0.000,11.0
695,-1.492,-0.995,1.494,0.000,-0.000,0.000,11.0
696,-1.492,-0.995,1.494,0.000,-0.000,0.000,11.0
697,-1.492,-0.995,1.494,0.000,-0.000,0.000,11.0
698,-1.492,-0.995,1.494,0.000,0.000,-0.000,11.0
699,-1.492,-0.995,1.494,0.000,0.000,-0.000,11.0
700,-1.492,-0.995,1.494,0.000,0.000,-0.000,11.0
701,-1.492,-0.995,1.494,0.000,0.000,-0.000,11.0
702,-1.492,-0.995,1.494,0.000,0.000,-0.000,11.0
703,-1.492,-0.995,1.494,0.000,-0.000,0.000,11.0
704,-1.492,-0.995,1.494,0.000,-0.000,0.000,11.0
705,-1.492,-0.995,1.494,0.000,-0.000,0.000,11.0
706,-1.492,-0.995,1.494,0.000,-0.000,0.000,11.0
707,-1.492,-0.995,1.494,0.000,-0.000,0.000,11.0
708,-1.492,-0.995,1.494,0.000,-0.000,0.000,11.0
709,-1.492,-0.995,1.494,0.000,0.000,-0.000,11.0
710,-1.492,-0.995,1.494,0.000,0.000,-0.000,11.0
711,-1.492,-0.995,1.494,0.000,0.000,-0.000,11.0
712,-1.492,-0.995,1.494,0.000,0.000,-0.000,11.0
713,-1.492,-0.995,1.494,0.000,0.000,-0.000,11.0
714,-1.492,-0.995,1.494,0.000,-0.000,0.000,11.0
715,-1.492,-0.995,1.494,0.000,-0.000,0.000,11.0
716,-1.492,-0.995,1.494,0.000,-0.000,0.000,11.0
717,-1.492,-0.995,1.494,0.000,-0.000,0.000,11.0
718,-1.492,-0.995,1.494,0.000,-0.000,0.000,11.0
719,-1.492,-0.995,1.494,0.000,0.000,-0.000,11.0
720,-1.492,-0.995,1.494,0.000,0.000,-0.000,11.0
721,-1.492,-0.995,1.494,0.000,0.000,-0.000,11.0
722,-1.492,-0.995,1.494,0.000,0.000,-0.000,11.0
723,-1.492,-0.995,1.494,0.000,0.000,-0.000,11.0
724,-1.492,-0.995,1.494,0.000,0.000,-0.000,11.0
725,-1.492,-0.995,1.494,0.000,-0.000,0.000,11.0
726,-1.492,-0.995,1.494,0.000,-0.000,0.000,11.0
727,-1.492,-0.995,1.494,0.000,-0.000,0.000,11.0
728,-1.492,-0.995,1.494,0.000,-0.000,0.000,11.0
729,-1.492,-0.995,1.494,0.000,-0.000,0.000,11.0
730,-1.492,-0.995,1.494,0.000,0.000,-0.000,11.0
731,-1.492,-0.995,1.494,0.000,0.000,-0.000,11.0
732,-1.492,-0.995,1.494,0.000,0.000,-0.000,11.0
733,-1.492,-0.995,1.494,0.000,0.000,-0.000,11.0
734,-1.492,-0.995,1.494,0.000,0.000,-0.000,11.0
735,-1.492,-0.995,1.494,0.000,-0.000,0.000,11.0
736,-1.492,-0.995,1.494,0.000,-0.000,0.000,11.0
737,-1.492,-0.995,1.494,0.000,-0.000,0.000,11.0
738,-1.492,-0.995,1.494,0.000,-0.000,0.000,11.0
739,-1.492,-0.995,1.494,0.000,-0.000,0.000,11.0
740,-1.492,-0.995,1.494,0.000,-0.000,0.000,11.0
741,-1.492,-0.995,1.494,0.000,0.000,-0.000,11.0
742,-1.492,-0.995,1.494,0.000,0.000,-0.000,11.0
743,-1.492,-0.995,1.494,0.000,0.000,-0.000,11.0
744,-1.492,-0.995,1.494,0.000,0.000,-0.000,11.0
745,-1.492,-0.995,1.494,0.000,0.000,-0.000,11.0
746,-1.492,-0.995,1.494,0.000,-0.000,0.000,11.0
747,-1.492,-0.995,1.494,0.000,-0.000,0.000,11.0
748,-1.492,-0.995,1.494,0.000,-0.000,0.000,11.0
749,-1.492,-0.995,1.494,0.000,-0.000,0.000,11.0
750,-1.492,-0.995,1.494,0.000,-0.000,0.000,11.0
751,-1.492,-0.995,1.494,0.000,0.000,-0.000,11.0
752,-1.492,-0.995,1.494,0.000,0.000,-0.000,11.0
753,-1.492,-0.995,1.494,0.000,0.000,-0.000,11.0
754,-1.492,-0.995,1.494,0.000,0.000,-0.000,11.0
755,-1.492,-0.995,1.494,0.000,0.000,-0.000,11.0
756,-1.492,-0.995,1.494,0.000,0.000,-0.000,11.0
757,-1.492,-0.995,1.494,0.000,-0.000,0.000,11.0
758,-1.492,-0.995,1.494,0.000,-0.000,0.000,11.0
759,-1.492,-0.995,1.494,0.000,-0.000,0.000,11.0
760,-1.492,-0.995,1.494,0.000,-0.000,0.000,11.0
761,-1.492,-0.995,1.494,0.000,-0.000,0.000,11.0
762,-1.492,-0.995,1.494,0.000,0.000,-0.000,11.0
763,-1.492,-0.995,1.494,0.000,0.000,-0.000,11.0
764,-1.492,-0.995,1.494,0.000,0.000,-0.000,11.0
765,-1.492,-0.995,1.494,0.000,0.000,-0.000,11.0
766,-1.492,-0.995,1.494,0.000,0.000,-0.000,11.0
767,-1.492,-0.995,1.494,0.000,-0.000,0.000,11.0
768,-1.492,-0.995,1.494,0.000,-0.000,0.000,11.0
769,-1.492,-0.995,1.494,0.000,-0.000,0.000,11.0
770,-1.492,-0.995,1.494,0.000,-0.000,0.000,11.0
771,-1.492,-0.995,1.494,0.000,-0.000,0.000,11.0
772,-1.492,-0.995,1.494,0.000,-0.000,0.000,11.0
773,-1.492,-0.995,1.494,0.000,0.000,-0.000,11.0
774,-1.492,-0.995,1.494,0.000,0.000,-0.000,11.0
775,-1.492,-0.995,1.494,0.000,0.000,-0.000,11.0
776,-1.492,-0.995,1.494,0.000,0.000,-0.000,11.0
777,-1.492,-0.995,1.494,0.000,0.000,-0.000,11.0
778,-1.492,-0.995,1.494,0.000,-0.000,0.000,11.0
779,-1.492,-0.995,1.494,0.000,-0.000,0.000,11.0
780,-1.492,-0.995,1.494,0.000,-0.000,0.000,11.0
781,-1.492,-0.995,1.494,0.000,-0.000,0.000,11.0
782,-1.492,-0.995,1.494,0.000,-0.000,0.000,11.0
783,-1.492,-0.995,1.494,0.000,0.000,-0.000,11.0
784,-1.492,-0.995,1.494,0.000,0.000,-0.000,11.0
785,-1.492,-0.995,1.494,0.000,0.000,-0.000,11.0
786,-1.492,-0.995,1.494,0.000,0.000,-0.000,11.0
787,-1.492,-0.995,1.494,0.000,0.000,-0.000,11.0
788,-1.492,-0.995,1.494,0.000,0.000,-0.000,11.0
789,-1.492,-0.995,1.494,0.000,-0.000,0.000,11.0
790,-1.492,-0.995,1.494,0.000,-0.000,0.000,11.0
791,-1.492,-0.995,1.494,0.000,-0.000,0.000,11.0
792,-1.492,-0.995,1.494,0.000,-0.000,0.000,11.0
793,-1.492,-0.995,1.494,0.000,-0.000,0.000,11.0
794,-1.492,-0.995,1.494,0.000,0.000,0.000,11.0
795,-1.492,-0.995,1.494,0.000,0.000,0.000,11.0
796,-1.492,-0.995,1.494,0.000,0.000,0.000,11.0
797,-1.492,-0.995,1.494,0.000,0.000,0.000,11.0
798,-1.492,-0.995,1.494,0.000,0.000,0.000,11.0
799,-1.492,-0.995,1.494,0.000,0.000,0.000,11.0
800,-1.492,-0.995,1.494,0.000,0.000,-0.000,11.0
801,-1.492,-0.995,1.494,0.000,0.000,-0.000,11.0
802,-1.492,-0.995,1.494,0.000,0.000,-0.000,11.0
803,-1.492,-0.995,1.494,0.000,0.000,-0.000,11.0
804,-1.492,-0.995,1.494,0.000,0.000,-0.000,11.0
805,-1.492,-0.995,1.494,0.000,-0.000,-0.000,11.0
806,-1.492,-0.995,1.494,0.000,-0.000,-0.000,11.0
807,-1.492,-0.995,1.494,0.000,-0.000,-0.000,11.0
808,-1.492,-0.995,1.494,0.000,-0.000,-0.000,11.0
809,-1.492,-0.995,1.494,0.000,-0.000,-0.000,11.0
810,-1.492,-0.995,1.494,0.000,-0.000,-0.000,11.0
811,-1.492,-0.995,1.494,0.000,-0.000,-0.000,11.0
812,-1.492,-0.995,1.494,0.000,-0.000,-0.000,11.0
813,-1.492,-0.995,1.494,0.000,-0.000,-0.000,11.0
814,-1.492,-0.995,1.494,0.000,-0.000,0.000,11.0
815,-1.492,-0.995,1.494,0.000,-0.000,0.000,11.0
816,-1.492,-0.995,1.494,0.000,-0.000,0.000,11.0
817,-1.492,-0.995,1.494,0.000,-0.000,0.000,11.0
818,-1.492,-0.995,1.494,0.000,0.000,0.000,11.0
819,-1.492,-0.995,1.494,0.000,0.000,0.000,11.0
820,-1.492,-0.995,1.494,0.000,0.000,0.000,11.0
821,-1.492,-0.995,1.494,0.000,0.000,0.000,11.0
822,-1.492,-0.995,1.494,0.000,0.000,0.000,11.0
823,-1.492,-0.995,1.494,0.000,0.000,0.000,11.0
824,-1.492,-0.995,1.494,0.000,0.000,0.000,11.0
825,-1.492,-0.995,1.494,0.000,0.000,0.000,11.0
826,-1.492,-0.995,1.494,0.000,0.000,0.000,11.0
827,-1.492,-0.995,1.494,0.000,0.000,0.000,11.0
828,-1.492,-0.995,1.494,0.000,0.000,-0.000,11.0
829,-1.492,-0.995,1.494,0.000,0.000,-0.000,11.0
830,-1.492,-0.995,1.494,0.000,0.000,-0.000,11.0
831,-1.492,-0.995,1.494,0.000,0.000,-0.000,11.0
832,-1.492,-0.995,1.494,0.000,-0.000,-0.000,11.0
833,-1.492,-0.995,1.494,0.000,-0.000,-0.000,11.0
834,-1.492,-0.995,1.494,0.000,-0.000,-0.000,11.0
835,-1.492,-0.995,1.494,0.000,-0.000,-0.000,11.0
836,-1.492,-0.995,1.494,0.000,-0.000,-0.000,11.0
837,-1.492,-0.995,1.494,0.000,-0.000,-0.000,11.0
838,-1.492,-0.995,1.494,0.000,-0.000,-0.000,11.0
839,-1.492,-0.995,1.494,0.000,-0.000,-0.000,11.0
840,-1.492,-0.995,1.494,0.000,-0.000,-0.000,11.0
841,-1.492,-0.995,1.494,0.000,-0.000,-0.000,11.0
842,-1.492,-0.995,1.494,0.000,-0.000,0.000,11.0
843,-1.492,-0.995,1.494,0.000,-0.000,0.000,11.0
844,-1.492,-0.995,1.494,0.000,-0.000,0.000,11.0
845,-1.492,-0.995,1.494,0.000,-0.000,0.000,11.0
846,-1.492,-0.995,1.494,0.000,0.000,0.000,11.0
847,-1.492,-0.995,1.494,0.000,0.000,0.000,11.0
848,-1.492,-0.995,1.494,0.000,0.000,0.000,11.0
849,-1.492,-0.995,1.494,0.000,0.000,0.000,11.0
850,-1.492,-0.995,1.494,0.000,0.000,0.000,11.0
851,-1.492,-0.995,1.494,0.000,0.000,0.000,11.0
852,-1.492,-0.995,1.494,0.000,0.000,0.000,11.0
853,-1.492,-0.995,1.494,0.000,0.000,0.000,11.0
854,-1.492,-0.995,1.494,0.000,0.000,0.000,11.0
855,-1.492,-0.995,1.494,0.000,0.000,-0.000,11.0
856,-1.492,-0.995,1.494,0.000,0.000,-0.000,11.0
857,-1.492,-0.995,1.494,0.000,0.000,-0.000,11.0
858,-1.492,-0.995,1.494,0.000,0.000,-0.000,11.0
859,-1.492,-0.995,1.494,0.000,-0.000,-0.000,11.0
860,-1.492,-0.995,1.494,0.000,-0.000,-0.000,11.0
861,-1.492,-0.995,1.494,0.000,-0.000,-0.000,11.0
862,-1.492,-0.995,1.494,0.000,-0.000,-0.000,11.0
863,-1.492,-0.995,1.494,0.000,-0.000,-0.000,11.0
864,-1.492,-0.995,1.494,0.000,-0.000,-0.000,11.0
865,-1.492,-0.995,1.494,0.000,-0.000,-0.000,11.0
866,-1.492,-0.995,1.494,0.000,-0.000,-0.000,11.0
867,-1.492,-0.995,1.494,0.000,-0.000,-0.000,11.0
868,-1.492,-0.995,1.494,0.000,-0.000,-0.000,11.0
869,-1.492,-0.995,1.494,0.000,-0.000,0.000,11.0
870,-1.492,-0.995,1.494,0.000,-0.000,0.000,11.0
871,-1.492,-0.995,1.494,0.000,-0.000,0.000,11.0
872,-1.492,-0.995,1.494,0.000,-0.000,0.000,11.0
873,-1.492,-0.995,1.494,0.000,0.000,0.000,11.0
874,-1.492,-0.995,1.494,0.000,0.000,0.000,11.0
875,-1.492,-0.995,1.494,0.000,0.000,0.000,11.0
876,-1.492,-0.995,1.494,0.000,0.000,0.000,11.0
877,-1.492,-0.995,1.494,0.000,0.000,0.000,11.0
878,-1.492,-0.995,1.494,0.000,0.000,0.000,11.0
879,-1.492,-0.995,1.494,0.000,0.000,0.000,11.0
880,-1.492,-0.995,1.494,0.000,0.000,0.000,11.0
881,-1.492,-0.995,1.494,0.000,0.000,0.000,11.0
882,-1.492,-0.995,1.494,0.000,0.000,0.000,11.0
883,-1.492,-0.995,1.494,0.000,0.000,-0.000,11.0
884,-1.492,-0.995,1.494,0.000,0.000,-0.000,11.0
885,-1.492,-0.995,1.494,0.000,0.000,-0.000,11.0
886,-1.492,-0.995,1.494,0.000,0.000,-0.000,11.0
887,-1.492,-0.995,1.494,0.000,-0.000,-0.000,11.0
888,-1.492,-0.995,1.494,0.000,-0.000,-0.000,11.0
889,-1.492,-0.995,1.494,0.000,-0.000,-0.000,11.0
890,-1.492,-0.995,1.494,0.000,-0.000,-0.000,11.0
891,-1.492,-0.995,1.494,0.000,-0.000,-0.000,11.0
892,-1.492,-0.995,1.494,0.000,-0.000,-0.000,11.0
893,-1.492,-0.995,1.494,0.000,-0.000,-0.000,11.0
894,-1.492,-0.995,1.494,0.000,-0.000,-0.000,11.0
895,-1.492,-0.995,1.494,0.000,-0.000,-0.000,11.0
896,-1.492,-0.995,1.494,0.000,-0.000,-0.000,11.0
897,-1.492,-0.995,1.494,0.000,-0.000,0.000,11.0
898,-1.492,-0.995,1.494,0.000,-0.000,0.000,11.0
899,-1.492,-0.995,1.494,0.000,-0.000,0.000,11.0
900,-1.492,-0.995,1.494,0.000,-0.000,0.000,11.0
901,-1.492,-0.995,1.494,0.000,0.000,0.000,11.0
902,-1.492,-0.995,1.494,0.000,0.000,0.000,11.0
903,-1.492,-0.995,1.494,0.000,0.000,0.000,11.0
904,-1.492,-0.995,1.494,0.000,0.000,0.000,11.0
905,-1.492,-0.995,1.494,0.000,0.000,0.000,11.0
906,-1.492,-0.995,1.494,0.000,0.000,0.000,11.0
907,-1.492,-0.995,1.494,0.000,0.000,0.000,11.0
908,-1.492,-0.995,1.494,0.000,0.000,0.000,11.0
909,-1.492,-0.995,1.494,0.000,0.000,0.000,11.0
910,-1.492,-0.995,1.494,0.000,0.000,-0.000,11.0
911,-1.492,-0.995,1.494,0.000,0.000,-0.000,11.0
912,-1.492,-0.995,1.494,0.000,0.000,-0.000,11.0
913,-1.492,-0.995,1.494,0.000,0.000,-0.000,11.0
914,-1.492,-0.995,1.494,0.000,-0.000,-0.000,11.0
915,-1.492,-0.995,1.494,0.000,-0.000,-0.000,11.0
916,-1.492,-0.995,1.494,0.000,-0.000,-0.000,11.0
917,-1.492,-0.995,1.494,0.000,-0.000,-0.000,11.0
918,-1.492,-0.995,1.494,0.000,-0.000,-0.000,11.0
919,-1.492,-0.995,1.494,0.000,-0.000,-0.000,11.0
920,-1.492,-0.995,1.494,0.000,-0.000,-0.000,11.0
921,-1.492,-0.995,1.494,0.000,-0.000,-0.000,11.0
922,-1.492,-0.995,1.494,0.000,-0.000,-0.000,11.0
923,-1.492,-0.995,1.494,0.000,-0.000,-0.000,11.0
924,-1.492,-0.995,1.494,0.000,-0.000,0.000,11.0
925,-1.492,-0.995,1.494,0.000,-0.000,0.000,11.0
926,-1.492,-0.995,1.494,0.000,-0.000,0.000,11.0
927,-1.492,-0.995,1.494,0.000,-0.000,0.000,11.0
928,-1.492,-0.995,1.494,0.000,0.000,0.000,11.0
929,-1.492,-0.995,1.494,0.000,0.000,0.000,11.0
930,-1.492,-0.995,1.494,0.000,0.000,0.000,11.0
931,-1.492,-0.995,1.494,0.000,0.000,0.000,11.0
932,-1.492,-0.995,1.494,0.000,0.000,0.000,11.0
933,-1.492,-0.995,1.494,0.000,0.000,0.000,11.0
934,-1.492,-0.995,1.494,0.000,0.000,0.000,11.0
935,-1.492,-0.995,1.494,0.000,0.000,0.000,11.0
936,-1.492,-0.995,1.494,0.000,0.000,0.000,11.0
937,-1.492,-0.995,1.494,0.000,0.000,0.000,11.0
938,-1.492,-0.995,1.494,0.000,0.000,-0.000,11.0
939,-1.492,-0.995,1.494,0.000,0.000,-0.000,11.0
940,-1.492,-0.995,1.494,0.000,0.000,-0.000,11.0
941,-1.492,-0.995,1.494,0.000,0.000,-0.000,11.0
942,-1.492,-0.995,1.494,0.000,-0.000,-0.000,11.0
943,-1.492,-0.995,1.494,0.000,-0.000,-0.000,11.0
944,-1.492,-0.995,1.494,0.000,-0.000,-0.000,11.0
945,-1.492,-0.995,1.494,0.000,-0.000,-0.000,11.0
946,-1.492,-0.995,1.494,0.000,-0.000,-0.000,11.0
947,-1.492,-0.995,1.494,0.000,-0.000,-0.000,11.0
948,-1.492,-0.995,1.494,0.000,-0.000,-0.000,11.0
949,-1.492,-0.995,1.494,0.000,-0.000,-0.000,11.0
950,-1.492,-0.995,1.494,0.000,-0.000,-0.000,11.0
951,-1.492,-0.995,1.494,0.000,-0.000,-0.000,11.0
952,-1.492,-0.995,1.494,0.000,-0.000,0.000,11.0
953,-1.492,-0.995,1.494,0.000,-0.000,0.000,11.0
954,-1.492,-0.995,1.494,0.000,-0.000,0.000,11.0
955,-1.492,-0.995,1.494,0.000,0.000,0.000,11.0
956,-1.492,-0.995,1.494,0.000,0.000,0.000,11.0
957,-1.492,-0.995,1.494,0.000,0.000,0.000,11.0
958,-1.492,-0.995,1.494,0.000,0.000,0.000,11.0
959,-1.492,-0.995,1.494,0.000,0.000,0.000,11.0
960,-1.492,-0.995,1.494,0.000,0.000,0.000,11.0
961,-1.492,-0.995,1.494,0.000,0.000,0.000,11.0
962,-1.492,-0.995,1.494,0.000,0.000,0.000,11.0
963,-1.492,-0.995,1.494,0.000,0.000,0.000,11.0
964,-1.492,-0.995,1.494,0.000,0.000,0.000,11.0
965,-1.492,-0.995,1.494,0.000,0.000,-0.000,11.0
966,-1.492,-0.995,1.494,0.000,0.000,-0.000,11.0
967,-1.492,-0.995,1.494,0.000,0.000,-0.000,11.0
968,-1.492,-0.995,1.494,0.000,0.000,-0.000,11.0
969,-1.492,-0.995,1.494,0.000,-0.000,-0.000,11.0
970,-1.492,-0.995,1.494,0.000,-0.000,-0.000,11.0
971,-1.492,-0.995,1.494,0.000,-0.000,-0.000,11.0
972,-1.492,-0.995,1.494,0.000,-0.000,-0.000,11.0
973,-1.492,-0.995,1.494,0.000,-0.000,-0.000,11.0
974,-1.492,-0.995,1.494,0.000,-0.000,-0.000,11.0
975,-1.492,-0.995,1.494,0.000,-0.000,-0.000,11.0
976,-1.492,-0.995,1.494,0.000,-0.000,-0.000,11.0
977,-1.492,-0.995,1.494,0.000,-0.000,-0.000,11.0
978,-1.492,-0.995,1.494,0.000,-0.000,-0.000,11.0
979,-1.492,-0.995,1.494,0.000,-0.000,0.000,11.0
980,-1.492,-0.995,1.494,0.000,-0.000,0.000,11.0
981,-1.492,-0.995,1.494,0.000,-0.000,0.000,11.0
982,-1.492,-0.995,1.494,0.000,-0.000,0.000,11.0
983,-1.492,-0.995,1.494,0.000,0.000,0.000,11.0
984,-1.492,-0.995,1.494,0.000,0.000,0.000,11.0
985,-1.492,-0.995,1.494,0.000,0.000,0.000,11.0
986,-1.492,-0.995,1.494,0.000,0.000,0.000,11.0
987,-1.492,-0.995,1.494,0.000,0.000,0.000,11.0
988,-1.492,-0.995,1.494,0.000,0.000,0.000,11.0
989,-1.492,-0.995,1.494,0.000,0.000,0.000,11.0
990,-1.492,-0.995,1.494,0.000,0.000,0.000,11.0
991,-1.492,-0.995,1.494,0.000,0.000,0.000,11.0
992,-1.492,-0.995,1.494,0.000,0.000,0.000,11.0
993,-1.492,-0.995,1.494,0.000,0.000,-0.000,11.0
994,-1.492,-0.995,1.494,0.000,0.000,-0.000,11.0
995,-1.492,-0.995,1.494,0.000,0.000,-0.000,11.0
996,-1.492,-0.995,1.494,0.000,-0.000,-0.000,11.0
997,-1.492,-0.995,1.494,0.000,-0.000,-0.000,11.0
998,-1.492,-0.995,1.494,0.000,-0.000,-0.000,11.0
999,-1.492,-0.995,1.494,0.000,-0.000,-0.000,11.0
1000,-1.492,-0.995,1.494,0.000,-0.000,-0.000,11.0
1001,-1.492,-0.995,1.494,0.000,-0.000,-0.000,11.0
1002,-1.492,-0.995,1.494,0.000,-0.000,-0.000,11.0
1003,-1.492,-0.995,1.494,0.000,-0.000,-0.000,11.0
1004,-1.492,-0.995,1.494,0.000,-0.000,-0.000,11.0
1005,-1.492,-0.995,1.494,0.000,-0.000,-0.000,11.0
1006,-1.492,-0.995,1.494,0.000,-0.000,-0.000,11.0
1007,-1.492,-0.995,1.494,0.000,-0.000,0.000,11.0
1008,-1.492,-0.995,1.494,0.000,-0.000,0.000,11.0
1009,-1.492,-0.995,1.494,0.000,-0.000,0.000,11.0
1010,-1.492,-0.995,1.494,0.000,0.000,0.000,11.0
1011,-1.492,-0.995,1.494,0.000,0.000,0.000,11.0
1012,-1.492,-0.995,1.494,0.000,0.000,0.000,11.0
1013,-1.492,-0.995,1.494,0.000,0.000,0.000,11.0
1014,-1.492,-0.995,1.494,0.000,0.000,0.000,11.0
1015,-1.492,-0.995,1.494,0.000,0.000,0.000,11.0
1016,-1.492,-0.995,1.494,0.000,0.000,0.000,11.0
1017,-1.492,-0.995,1.494,0.000,0.000,0.000,11.0
1018,-1.492,-0.995,1.494,0.000,0.000,0.000,11.0
1019,-1.492,-0.995,1.494,0.000,0.000,0.000,11.0
1020,-1.492,-0.995,1.494,0.000,0.000,-0.000,11.0
1021,-1.492,-0.995,1.494,0.000,0.000,-0.000,11.0
1022,-1.492,-0.995,1.494,0.000,0.000,-0.000,11.0
1023,-1.492,-0.995,1.494,0.000,0.000,-0.000,11.0
1024,-1.492,-0.995,1.494,0.000,-0.000,-0.000,11.0
1025,-1.492,-0.995,1.494,0.000,-0.000,-0.000,11.0
1026,-1.492,-0.995,1.494,0.000,-0.000,-0.000,11.0
1027,-1.492,-0.995,1.494,0.000,-0.000,-0.000,11.0
1028,-1.492,-0.995,1.494,0.000,-0.000,-0.000,11.0
1029,-1.492,-0.995,1.494,0.000,-0.000,-0.000,11.0
1030,-1.492,-0.995,1.494,0.000,-0.000,-0.000,11.0
1031,-1.492,-0.995,1.494,0.000,-0.000,-0.000,11.0
1032,-1.492,-0.995,1.494,0.000,-0.000,-0.000,11.0
1033,-1.492,-0.995,1.494,0.000,-0.000,-0.000,11.0
1034,-1.492,-0.995,1.494,0.000,-0.000,0.000,11.0
1035,-1.492,-0.995,1.494,0.000,-0.000,0.000,11.0
1036,-1.492,-0.995,1.494,0.000,-0.000,0.000,11.0
1037,-1.492,-0.995,1.494,0.000,0.000,0.000,11.0
1038,-1.492,-0.995,1.494,0.000,0.000,0.000,11.0
1039,-1.492,-0.995,1.494,0.000,0.000,0.000,11.0
1040,-1.492,-0.995,1.494,0.000,0.000,0.000,11.0
1041,-1.492,-0.995,1.494,0.000,0.000,0.000,11.0
1042,-1.492,-0.995,1.494,0.000,0.000,0.000,11.0
1043,-1.492,-0.995,1.494,0.000,0.000,0.000,11.0
1044,-1.492,-0.995,1.494,0.000,0.000,0.000,11.0
1045,-1.492,-0.995,1.494,0.000,0.000,0.000,11.0
1046,-1.492,-0.995,1.494,0.000,0.000,0.000,11.0
1047,-1.492,-0.995,1.494,0.000,0.000,0.000,11.0
1048,-1.492,-0.995,1.494,0.000,0.000,-0.000,11.0
1049,-1.492,-0.995,1.494,0.000,0.000,-0.000,11.0
1050,-1.492,-0.995,1.494,0.000,0.000,-0.000,11.0
1051,-1.492,-0.995,1.494,0.000,-0.000,-0.000,11.0
1052,-1.492,-0.995,1.494,0.000,-0.000,-0.000,11.0
1053,-1.492,-0.995,1.494,0.000,-0.000,-0.000,11.0
1054,-1.492,-0.995,1.494,0.000,-0.000,-0.000,11.0
1055,-1.492,-0.995,1.494,0.000,-0.000,-0.000,11.0
1056,-1.492,-0.995,1.494,0.000,-0.000,-0.000,11.0
1057,-1.492,-0.995,1.494,0.000,-0.000,-0.000,11.0
1058,-1.492,-0.995,1.494,0.000,-0.000,-0.000,11.0
1059,-1.492,-0.995,1.494,0.000,-0.000,-0.000,11.0
1060,-1.492,-0.995,1.494,0.000,-0.000,-0.000,11.0
1061,-1.492,-0.995,1.494,0.000,-0.000,0.000,11.0
1062,-1.492,-0.995,1.494,0.000,-0.000,0.000,11.0
1063,-1.492,-0.995,1.494,0.000,-0.000,0.000,11.0
1064,-1.492,-0.995,1.494,0.000,-0.000,0.000,11.0
1065,-1.492,-0.995,1.494,0.000,0.000,0.000,11.0
1066,-1.492,-0.995,1.494,0.000,0.000,0.000,11.0
1067,-1.492,-0.995,1.494,0.000,0.000,0.000,11.0
1068,-1.492,-0.995,1.494,0.000,0.000,0.000,11.0
1069,-1.492,-0.995,1.494,0.000,0.000,0.000,11.0
1070,-1.492,-0.995,1.494,0.000,0.000,0.000,11.0
1071,-1.492,-0.995,1.494,0.000,0.000,0.000,11.0
1072,-1.492,-0.995,1.494,0.000,0.000,0.000,11.0
1073,-1.492,-0.995,1.494,0.000,0.000,0.000,11.0
1074,-1.492,-0.995,1.494,0.000,0.000,0.000,11.0
1075,-1.492,-0.995,1.494,0.000,0.000,-0.000,11.0
1076,-1.492,-0.995,1.494,0.000,0.000,-0.000,11.0
1077,-1.492,-0.995,1.494,0.000,0.000,-0.000,11.0
1078,-1.492,-0.995,1.494,0.000,-0.000,-0.000,11.0
1079,-1.492,-0.995,1.494,0.000,-0.000,-0.000,11.0
1080,-1.492,-0.995,1.494,0.000,-0.000,-0.000,11.0
1081,-1.492,-0.995,1.494,0.000,-0.000,-0.000,11.0
1082,-1.492,-0.995,1.494,0.000,-0.000,-0.000,11.0
1083,-1.492,-0.995,1.494,0.000,-0.000,-0.000,11.0
1084,-1.492,-0.995,1.494,0.000,-0.000,-0.000,11.0
1085,-1.492,-0.995,1.494,0.000,-0.000,-0.000,11.0
1086,-1.492,-0.995,1.494,0.000,-0.000,-0.000,11.0
1087,-1.492,-0.995,1.494,0.000,-0.000,-0.000,11.0
1088,-1.492,-0.995,1.494,0.000,-0.000,-0.000,11.0
1089,-1.492,-0.995,1.494,0.000,-0.000,0.000,11.0
1090,-1.492,-0.995,1.494,0.000,-0.000,0.000,11.0
1091,-1.492,-0.995,1.494,0.000,-0.000,0.000,11.0
1092,-1.492,-0.995,1.494,0.000,0.000,0.000,11.0
1093,-1.492,-0.995,1.494,0.000,0.000,0.000,11.0
1094,-1.492,-0.995,1.494,0.000,0.000,0.000,11.0
1095,-1.492,-0.995,1.494,0.000,0.000,0.000,11.0
1096,-1.492,-0.995,1.494,0.000,0.000,0.000,11.0
1097,-1.492,-0.995,1.494,0.000,0.000,0.000,11.0
1098,-1.492,-0.995,1.494,0.000,0.000,0.000,11.0
1099,-1.492,-0.995,1.494,0.000,0.000,0.000,11.0
1100,-1.492,-0.995,1.494,0.000,0.000,0.000,11.0
1101,-1.492,-0.995,1.494,0.000,0.000,0.000,11.0
1102,-1.492,-0.995,1.494,0.000,0.000,0.000,11.0
1103,-1.492,-0.995,1.494,0.000,0.000,-0.000,11.0
1104,-1.492,-0.995,1.494,0.000,0.000,-0.000,11.0
1105,-1.492,-0.995,1.494,0.000,0.000,-0.000,11.0
1106,-1.492,-0.995,1.494,0.000,-0.000,-0.000,11.0
1107,-1.492,-0.995,1.494,0.000,-0.000,-0.000,11.0
1108,-1.492,-0.995,1.494,0.000,-0.000,-0.000,11.0
1109,-1.492,-0.995,1.494,0.000,-0.000,-0.000,11.0
1110,-1.492,-0.995,1.494,0.000,-0.000,-0.000,11.0
1111,-1.492,-0.995,1.494,0.000,-0.000,-0.000,11.0
1112,-1.492,-0.995,1.494,0.000,-0.000,-0.000,11.0
1113,-1.492,-0.995,1.494,0.000,-0.000,-0.000,11.0
1114,-1.492,-0.995,1.494,0.000,-0.000,-0.000,11.0
1115,-1.492,-0.995,1.494,0.000,-0.000,-0.000,11.0
1116,-1.492,-0.995,1.494,0.000,-0.000,0.000,11.0
1117,-1.492,-0.995,1.494,0.000,-0.000,0.000,11.0
1118,-1.492,-0.995,1.494,0.000,-0.000,0.000,11.0
1119,-1.492,-0.995,1.494,0.000,0.000,0.000,11.0
1120,-1.492,-0.995,1.494,0.000,0.000,0.000,11.0
1121,-1.492,-0.995,1.494,0.000,0.000,0.000,11.0
1122,-1.492,-0.995,1.494,0.000,0.000,0.000,11.0
1123,-1.492,-0.995,1.494,0.000,0.000,0.000,11.0
1124,-1.492,-0.995,1.494,0.000,0.000,0.000,11.0
1125,-1.492,-0.995,1.494,0.000,0.000,0.000,11.0
1126,-1.492,-0.995,1.494,0.000,0.000,0.000,11.0
1127,-1.492,-0.995,1.494,0.000,0.000,0.000,11.0
1128,-1.492,-0.995,1.494,0.000,0.000,0.000,11.0
1129,-1.492,-0.995,1.494,0.000,0.000,0.000,11.0
1130,-1.492,-0.995,1.494,0.000,0.000,-0.000,11.0
1131,-1.492,-0.995,1.494,0.000,0.000,-0.000,11.0
1132,-1.492,-0.995,1.494,0.000,0.000,-0.000,11.0
1133,-1.492,-0.995,1.494,0.000,-0.000,-0.000,11.0
1134,-1.492,-0.995,1.494,0.000,-0.000,-0.000,11.0
1135,-1.492,-0.995,1.494,0.000,-0.000,-0.000,11.0
1136,-1.492,-0.995,1.494,0.000,-0.000,-0.000,11.0
1137,-1.492,-0.995,1.494,0.000,-0.000,-0.000,11.0
1138,-1.492,-0.995,1.494,0.000,-0.000,-0.000,11.0
1139,-1.492,-0.995,1.494,0.000,-0.000,-0.000,11.0
1140,-1.492,-0.995,1.494,0.000,-0.000,-0.000,11.0
1141,-1.492,-0.995,1.494,0.000,-0.000,-0.000,11.0
1142,-1.492,-0.995,1.494,0.000,-0.000,-0.000,11.0
1143,-1.492,-0.995,1.494,0.000,-0.000,-0.000,11.0
1144,-1.492,-0.995,1.494,0.000,-0.000,0.000,11.0
1145,-1.492,-0.995,1.494,0.000,-0.000,0.000,11.0
1146,-1.492,-0.995,1.494,0.000,-0.000,0.000,11.0
1147,-1.492,-0.995,1.494,0.000,0.000,0.000,11.0
1148,-1.492,-0.995,1.494,0.000,0.000,0.000,11.0
1149,-1.492,-0.995,1.494,0.000,0.000,0.000,11.0
1150,-1.492,-0.995,1.494,0.000,0.000,0.000,11.0
1151,-1.492,-0.995,1.494,0.000,0.000,0.000,11.0
1152,-1.492,-0.995,1.494,0.000,0.000,0.000,11.0
1153,-1.492,-0.995,1.494,0.000,0.000,0.000,11.0
1154,-1.492,-0.995,1.494,0.000,0.000,0.000,11.0
1155,-1.492,-0.995,1.494,0.000,0.000,0.000,11.0
1156,-1.492,-0.995,1.494,0.000,0.000,0.000,11.0
1157,-1.492,-0.995,1.494,0.000,0.000,0.000,11.0
1158,-1.492,-0.995,1.494,0.000,0.000,-0.000,11.0
1159,-1.492,-0.995,1.494,0.000,0.000,-0.000,11.0
1160,-1.492,-0.995,1.494,0.000,-0.000,-0.000,11.0
1161,-1.492,-0.995,1.494,0.000,-0.000,-0.000,11.0
1162,-1.492,-0.995,1.494,0.000,-0.000,-0.000,11.0
1163,-1.492,-0.995,1.494,0.000,-0.000,-0.000,11.0
1164,-1.492,-0.995,1.494,0.000,-0.000,-0.000,11.0
1165,-1.492,-0.995,1.494,0.000,-0.000,-0.000,11.0
1166,-1.492,-0.995,1.494,0.000,-0.000,-0.000,11.0
1167,-1.492,-0.995,1.494,0.000,-0.000,-0.000,11.0
1168,-1.492,-0.995,1.494,0.000,-0.000,-0.000,11.0
1169,-1.492,-0.995,1.494,0.000,-0.000,-0.000,11.0
1170,-1.492,-0.995,1.494,0.000,-0.000,-0.000,11.0
1171,-1.492,-0.995,1.494,0.000,-0.000,0.000,11.0
1172,-1.492,-0.995,1.494,0.000,-0.000,0.000,11.0
1173,-1.492,-0.995,1.494,0.000,-0.000,0.000,11.0
1174,-1.492,-0.995,1.494,0.000,0.000,0.000,11.0
1175,-1.492,-0.995,1.494,0.000,0.000,0.000,11.0
1176,-1.492,-0.995,1.494,0.000,0.000,0.000,11.0
1177,-1.492,-0.995,1.494,0.000,0.000,0.000,11.0
1178,-1.492,-0.995,1.494,0.000,0.000,0.000,11.0
1179,-1.492,-0.995,1.494,0.000,0.000,0.000,11.0
1180,-1.492,-0.995,1.494,0.000,0.000,0.000,11.0
1181,-1.492,-0.995,1.494,0.000,0.000,0.000,11.0
1182,-1.492,-0.995,1.494,0.000,0.000,0.000,11.0
1183,-1.492,-0.995,1.494,0.000,0.000,0.000,11.0
1184,-1.492,-0.995,1.494,0.000,0.000,0.000,11.0
1185,-1.492,-0.995,1.494,0.000,0.000,-0.000,11.0
1186,-1.492,-0.995,1.494,0.000,0.000,-0.000,11.0
1187,-1.492,-0.995,1.494,0.000,0.000,-0.000,11.0
1188,-1.492,-0.995,1.494,0.000,-0.000,-0.000,11.0
1189,-1.492,-0.995,1.494,0.000,-0.000,-0.000,11.0
1190,-1.492,-0.995,1.494,0.000,-0.000,-0.000,11.0
1191,-1.492,-0.995,1.494,0.000,-0.000,-0.000,11.0
1192,-1.492,-0.995,1.494,0.000,-0.000,-0.000,11.0
1193,-1.492,-0.995,1.494,0.000,-0.000,-0.000,11.0
1194,-1.492,-0.995,1.494,0.000,-0.000,-0.000,11.0
1195,-1.492,-0.995,1.494,0.000,-0.000,-0.000,11.0
1196,-1.492,-0.995,1.494,0.000,-0.000,-0.000,11.0
1197,-1.492,-0.995,1.494,0.000,-0.000,-0.000,11.0
1198,-1.492,-0.995,1.494,0.000,-0.000,-0.000,11.0
1199,-1.492,-0.995,1.494,0.000,-0.000,0.000,11.0
1200,-1.492,-0.995,1.494,0.000,-0.000,0.000,11.0
