1,0.000,-0.500,0.000,0.000,0.000,-0.007,-1
2,0.000,-0.500,0.000,0.000,0.000,-0.009,-1
3,0.000,-0.500,0.000,0.000,0.000,-0.006,-1
4,0.000,-0.500,0.000,0.000,0.000,-0.006,-1
5,0.000,-0.500,0.000,0.000,0.000,-0.007,-1
6,0.000,-0.500,0.000,0.000,0.000,-0.007,-1
7,0.000,-0.500,0.000,0.000,0.000,-0.006,-1
8,0.000,-0.500,0.000,0.000,0.000,-0.006,-1
9,0.000,-0.500,0.000,0.000,0.000,-0.007,-1
10,-0.002,-0.500,0.000,0.000,0.012,-0.006,2.0
11,-0.007,-0.500,0.000,0.001,0.036,-0.006,2.0
12,-0.013,-0.500,0.000,0.001,0.064,-0.006,2.0
13,-0.019,-0.500,0.000,0.002,0.093,-0.006,2.0
14,-0.024,-0.500,0.000,0.002,0.124,-0.006,2.0
15,-0.030,-0.500,0.000,0.003,0.155,-0.006,2.0
16,-0.036,-0.500,0.000,0.004,0.187,-0.006,2.0
17,-0.042,-0.500,0.000,0.005,0.219,-0.006,2.0
18,-0.048,-0.500,0.000,0.005,0.253,-0.006,2.0
19,-0.054,-0.500,0.000,0.006,0.288,-0.006,2.0
20,-0.060,-0.500,0.000,0.007,0.324,-0.006,2.0
21,-0.066,-0.500,0.000,0.007,0.362,-0.006,2.0
22,-0.072,-0.500,0.000,0.008,0.401,-0.006,2.0
23,-0.078,-0.500,0.000,0.009,0.442,-0.006,2.0
24,-0.084,-0.500,0.000,0.009,0.485,-0.006,2.0
25,-0.090,-0.500,0.000,0.010,0.530,-0.006,2.0
26,-0.096,-0.500,0.000,0.011,0.578,-0.006,2.0
27,-0.102,-0.500,0.000,0.011,0.628,-0.006,2.0
28,-0.108,-0.500,0.000,0.012,0.680,-0.006,2.0
29,-0.114,-0.500,0.000,0.012,0.736,-0.006,2.0
30,-0.120,-0.500,0.000,0.013,0.795,-0.006,2.0
31,-0.126,-0.500,0.000,0.013,0.857,-0.006,2.0
32,-0.132,-0.500,0.000,0.014,0.923,-0.007,2.0
33,-0.138,-0.500,0.000,0.014,0.993,-0.007,2.0
34,-0.144,-0.500,0.000,0.014,1.067,-0.007,2.0
35,-0.150,-0.500,0.000,0.014,1.146,-0.007,2.0
36,-0.156,-0.500,0.000,0.015,1.229,-0.007,2.0
37,-0.161,-0.500,0.000,0.015,1.318,-0.007,2.0
38,-0.167,-0.500,0.000,0.015,1.413,-0.007,2.0
39,-0.173,-0.500,0.000,0.015,1.513,-0.007,2.0
40,-0.179,-0.500,0.000,0.015,1.620,-0.007,2.0
41,-0.185,-0.500,0.000,0.015,1.733,-0.007,2.0
42,-0.191,-0.500,0.000,0.015,1.853,-0.007,2.0
43,-0.197,-0.500,0.000,0.015,1.980,-0.007,2.0
44,-0.202,-0.500,0.000,0.014,2.116,-0.007,2.0
45,-0.208,-0.500,0.000,0.014,2.256,-0.006,2.0
46,-0.213,-0.500,0.000,0.014,2.284,0.000,2.0
47,-0.218,-0.500,0.000,0.013,2.169,-0.011,2.0
48,-0.223,-0.500,0.000,0.013,2.045,-0.003,2.0
49,-0.229,-0.500,0.000,0.012,1.931,-0.005,2.0
50,-0.234,-0.500,0.000,0.011,1.827,-0.008,2.0
51,-0.238,-0.500,0.000,0.010,1.732,-0.007,2.0
52,-0.243,-0.500,0.000,0.009,1.644,-0.006,2.0
53,-0.248,-0.500,0.000,0.009,1.565,-0.006,2.0
54,-0.252,-0.500,0.000,0.008,1.493,-0.007,2.0
55,-0.256,-0.500,0.000,0.007,1.428,-0.007,2.0
56,-0.261,-0.500,0.000,0.006,1.370,-0.006,2.0
57,-0.265,-0.500,0.000,0.005,1.318,-0.006,2.0
58,-0.269,-0.500,0.000,0.003,1.273,-0.006,2.0
59,-0.273,-0.500,0.000,0.002,1.234,-0.006,2.0
60,-0.277,-0.500,0.000,0.001,1.200,-0.006,2.0
61,-0.281,-0.500,0.000,-0.000,1.172,-0.006,2.0
62,-0.285,-0.500,0.000,-0.001,1.150,-0.006,2.0
63,-0.288,-0.500,0.000,-0.003,1.133,-0.006,2.0
64,-0.292,-0.500,0.000,-0.004,1.121,-0.006,2.0
65,-0.296,-0.500,0.000,-0.005,1.114,-0.006,2.0
66,-0.299,-0.500,0.000,-0.006,1.113,-0.006,2.0
67,-0.303,-0.500,0.000,-0.008,1.116,-0.006,2.0
68,-0.306,-0.500,0.000,-0.009,1.124,-0.006,2.0
69,-0.310,-0.500,0.000,-0.010,1.138,-0.006,2.0
70,-0.313,-0.500,0.000,-0.012,1.156,-0.006,2.0
71,-0.316,-0.500,0.000,-0.013,1.179,-0.006,2.0
72,-0.320,-0.500,0.000,-0.014,1.208,-0.006,2.0
73,-0.323,-0.500,0.000,-0.015,1.242,-0.006,2.0
74,-0.326,-0.500,0.000,-0.017,1.281,-0.006,2.0
75,-0.329,-0.500,0.000,-0.018,1.325,-0.006,2.0
76,-0.332,-0.500,0.000,-0.019,1.376,-0.006,2.0
77,-0.335,-0.500,0.000,-0.020,1.432,-0.006,2.0
78,-0.338,-0.500,0.000,-0.021,1.494,-0.006,2.0
79,-0.341,-0.500,0.000,-0.022,1.562,-0.006,2.0
80,-0.344,-0.500,0.000,-0.023,1.637,-0.005,2.0
81,-0.347,-0.500,0.000,-0.024,1.719,0.008,2.0
82,-0.350,-0.500,0.000,-0.025,1.808,0.012,2.0
83,-0.353,-0.500,0.000,-0.025,1.905,0.007,2.0
84,-0.356,-0.500,0.000,-0.027,2.009,0.005,2.0
85,-0.358,-0.500,0.000,-0.028,2.122,0.007,2.0
86,-0.361,-0.500,0.000,-0.030,2.243,0.008,2.0
87,-0.364,-0.500,0.000,-0.031,2.268,0.002,2.0
88,-0.366,-0.500,0.000,-0.033,2.163,0.014,2.0
89,-0.369,-0.500,0.000,-0.036,2.056,0.007,2.0
90,-0.370,-0.500,0.000,-0.049,1.955,0.006,2.0
91,-0.370,-0.500,0.000,-0.061,1.859,0.009,2.0
92,-0.370,-0.500,0.000,-0.058,1.767,0.009,2.0
93,-0.369,-0.500,0.000,-0.041,1.682,0.007,2.0
94,-0.367,-0.500,0.000,-0.009,1.605,0.006,2.0
95,-0.367,-0.500,0.000,0.037,1.538,0.005,2.0
96,-0.366,-0.500,0.000,0.097,1.479,0.004,2.0
97,-0.366,-0.500,0.000,0.155,1.429,0.002,2.0
98,-0.366,-0.500,0.000,0.199,1.387,0.001,2.0
99,-0.366,-0.500,0.000,0.228,1.354,0.001,2.0
100,-0.367,-0.500,0.000,0.245,1.330,0.001,2.0
101,-0.368,-0.500,0.000,0.255,1.314,-0.020,2.0
102,-0.369,-0.500,0.000,0.257,1.300,-0.006,2.0
103,-0.369,-0.500,0.000,0.262,1.293,-0.010,2.0
104,-0.369,-0.500,0.000,0.281,1.288,-0.016,2.0
105,-0.369,-0.500,0.000,0.314,1.285,-0.014,2.0
106,-0.368,-0.500,0.000,0.360,1.286,-0.013,2.0
107,-0.366,-0.500,0.000,0.421,1.293,-0.015,2.0
108,-0.365,-0.500,0.000,0.496,1.308,-0.018,2.0
109,-0.365,-0.500,0.000,0.570,1.330,-0.020,2.0
110,-0.365,-0.500,0.000,0.631,1.363,-0.021,2.0
111,-0.366,-0.500,0.000,0.684,1.405,-0.023,2.0
112,-0.368,-0.500,0.000,0.732,1.456,-0.025,2.0
113,-0.370,-0.500,0.000,0.776,1.514,-0.027,2.0
114,-0.371,-0.500,0.000,0.815,1.578,-0.029,2.0
115,-0.373,-0.500,0.000,0.844,1.647,-0.031,2.0
116,-0.373,-0.500,0.000,0.860,1.720,-0.032,2.0
117,-0.374,-0.500,0.000,0.858,1.799,-0.033,2.0
118,-0.374,-0.500,0.000,0.840,1.884,-0.034,2.0
119,-0.374,-0.500,0.000,0.811,1.977,-0.011,2.0
120,-0.374,-0.500,0.000,0.778,2.080,-0.026,2.0
121,-0.375,-0.500,0.000,0.742,2.194,-0.026,2.0
122,-0.376,-0.500,0.000,0.704,2.274,-0.019,2.0
123,-0.377,-0.500,0.000,0.666,2.208,-0.020,2.0
124,-0.378,-0.500,0.000,0.628,2.122,-0.014,2.0
125,-0.378,-0.500,0.000,0.594,2.045,-0.014,2.0
126,-0.379,-0.500,0.000,0.570,1.977,-0.015,2.0
127,-0.379,-0.500,0.000,0.546,1.917,-0.012,2.0
128,-0.379,-0.500,0.000,0.522,1.866,-0.010,2.0
129,-0.379,-0.500,0.000,0.514,1.824,-0.010,2.0
130,-0.379,-0.500,0.000,0.522,1.792,-0.010,2.0
131,-0.379,-0.500,0.000,0.543,1.767,-0.033,2.0
132,-0.380,-0.500,0.000,0.573,1.755,-0.023,2.0
133,-0.381,-0.500,0.000,0.617,1.751,-0.021,2.0
134,-0.383,-0.500,0.000,0.676,1.759,-0.027,2.0
135,-0.385,-0.500,0.000,0.751,1.776,-0.031,2.0
136,-0.387,-0.500,0.000,0.841,1.802,-0.033,2.0
137,-0.388,-0.500,0.000,0.946,1.835,-0.036,2.0
138,-0.390,-0.500,0.000,1.068,1.875,-0.041,2.0
139,-0.391,-0.501,0.000,1.205,1.921,-0.047,2.0
140,-0.392,-0.501,0.000,1.360,1.975,-0.053,2.0
141,-0.393,-0.501,0.000,1.531,2.036,-0.061,2.0
142,-0.394,-0.501,0.000,1.720,2.107,-0.070,2.0
143,-0.395,-0.501,0.000,1.928,2.187,-0.080,2.0
144,-0.396,-0.501,0.000,2.151,2.257,-0.087,2.0
145,-0.397,-0.501,0.000,2.378,2.197,-0.098,2.0
146,-0.398,-0.502,0.000,2.614,2.120,-0.096,2.0
147,-0.399,-0.502,0.000,2.863,2.052,-0.110,2.0
148,-0.400,-0.502,0.000,3.130,1.995,-0.119,2.0
149,-0.401,-0.502,0.000,3.419,1.947,-0.122,2.0
150,-0.403,-0.502,0.000,3.728,1.909,-0.129,2.0
151,-0.404,-0.503,0.000,4.058,1.879,-0.140,2.0
152,-0.404,-0.503,0.000,4.409,1.857,-0.150,2.0
153,-0.405,-0.503,0.000,4.781,1.844,-0.161,2.0
154,-0.406,-0.503,0.000,5.174,1.839,-0.173,2.0
155,-0.406,-0.503,0.000,5.588,1.841,-0.186,2.0
156,-0.407,-0.503,0.000,6.023,1.852,-0.202,2.0
157,-0.408,-0.503,0.000,6.479,1.871,-0.219,2.0
158,-0.408,-0.503,0.000,6.956,1.898,-0.238,2.0
159,-0.409,-0.504,0.000,7.454,1.934,-0.259,2.0
160,-0.409,-0.504,0.000,7.973,1.977,-0.283,2.0
161,-0.410,-0.504,0.000,8.512,2.029,-0.310,2.0
162,-0.411,-0.504,0.000,9.068,2.089,-0.340,2.0
163,-0.411,-0.504,0.000,9.621,2.159,-0.372,2.0
164,-0.412,-0.504,0.000,10.152,2.218,-0.396,2.0
165,-0.413,-0.504,0.000,10.669,2.164,-0.419,2.0
166,-0.413,-0.503,0.000,11.162,2.104,-0.418,2.0
167,-0.414,-0.504,0.000,11.624,2.053,-0.427,2.0
168,-0.414,-0.504,0.000,12.055,2.012,-0.438,2.0
169,-0.415,-0.504,0.000,12.457,1.981,-0.445,2.0
170,-0.416,-0.504,0.000,12.828,1.961,-0.452,2.0
171,-0.416,-0.504,0.000,13.169,1.949,-0.462,2.0
172,-0.417,-0.504,0.000,13.481,1.947,-0.473,2.0
173,-0.417,-0.504,0.000,13.764,1.955,-0.485,2.0
174,-0.418,-0.504,0.000,14.018,1.971,-0.498,2.0
175,-0.419,-0.504,0.000,14.243,1.997,-0.513,2.0
176,-0.420,-0.505,0.000,14.440,2.032,-0.530,2.0
177,-0.420,-0.505,0.000,14.609,2.076,-0.547,2.0
178,-0.421,-0.505,0.000,14.751,2.129,-0.567,2.0
179,-0.421,-0.505,0.000,14.866,2.170,-0.573,2.0
180,-0.423,-0.506,0.000,14.968,2.122,-0.580,2.0
181,-0.424,-0.506,0.000,15.048,2.081,-0.566,2.0
182,-0.425,-0.506,0.000,15.101,2.046,-0.556,2.0
183,-0.426,-0.506,0.000,15.127,2.020,-0.552,2.0
184,-0.427,-0.506,0.000,15.127,2.003,-0.549,2.0
185,-0.427,-0.506,0.000,15.101,1.996,-0.545,2.0
186,-0.428,-0.506,0.000,15.049,1.999,-0.543,2.0
187,-0.428,-0.507,0.000,14.971,2.010,-0.544,2.0
188,-0.429,-0.507,0.000,14.868,2.032,-0.546,2.0
189,-0.430,-0.507,0.000,14.740,2.062,-0.549,2.0
190,-0.430,-0.507,0.000,14.587,2.103,-0.554,2.0
191,-0.431,-0.507,0.000,14.410,2.153,-0.559,2.0
192,-0.431,-0.507,0.000,14.212,2.163,-0.546,2.0
193,-0.433,-0.508,0.000,13.998,2.120,-0.534,2.0
194,-0.433,-0.508,0.000,13.760,2.086,-0.520,2.0
195,-0.434,-0.508,0.000,13.498,2.062,-0.497,2.0
196,-0.434,-0.508,0.000,13.219,2.047,-0.477,2.0
197,-0.435,-0.508,0.000,12.917,2.043,-0.459,2.0
198,-0.435,-0.508,0.000,12.592,2.047,-0.449,2.0
199,-0.436,-0.508,0.000,12.245,2.060,-0.442,2.0
200,-0.437,-0.508,0.000,11.875,2.083,-0.432,2.0
201,-0.437,-0.509,0.000,11.482,2.116,-0.423,2.0
202,-0.438,-0.509,0.000,11.067,2.159,-0.415,2.0
203,-0.438,-0.509,0.000,10.633,2.171,-0.410,2.0
204,-0.438,-0.509,0.000,10.184,2.134,-0.390,2.0
205,-0.439,-0.509,0.000,9.714,2.110,-0.369,2.0
206,-0.439,-0.509,0.000,9.222,2.096,-0.346,2.0
207,-0.440,-0.509,0.000,8.710,2.092,-0.326,2.0
208,-0.440,-0.509,0.000,8.180,2.098,-0.288,2.0
209,-0.440,-0.509,0.000,7.640,2.111,-0.282,2.0
210,-0.441,-0.509,0.000,7.083,2.136,-0.269,2.0
211,-0.441,-0.509,0.000,6.519,2.170,-0.242,2.0
212,-0.442,-0.510,0.000,5.951,2.212,-0.226,2.0
213,-0.443,-0.509,0.000,5.381,2.188,-0.216,2.0
214,-0.442,-0.510,0.000,4.808,2.162,-0.159,2.0
215,-0.444,-0.510,0.000,4.233,2.149,-0.194,2.0
216,-0.444,-0.509,0.000,3.654,2.143,-0.123,2.0
217,-0.446,-0.510,0.000,3.073,2.151,-0.138,2.0
218,-0.446,-0.509,0.000,2.488,2.166,-0.088,2.0
219,-0.447,-0.509,0.000,1.899,2.192,-0.084,2.0
220,-0.448,-0.509,0.000,1.301,2.208,-0.056,2.0
221,-0.449,-0.509,0.000,0.693,2.199,-0.032,2.0
222,-0.450,-0.509,0.000,0.075,2.197,-0.009,2.0
223,-0.450,-0.509,0.000,-0.552,2.205,0.014,2.0
224,-0.451,-0.509,0.000,-1.189,2.223,0.040,2.0
225,-0.451,-0.509,0.000,-1.837,2.229,0.070,2.0
226,-0.452,-0.509,0.000,-2.499,2.202,0.089,2.0
227,-0.452,-0.509,0.000,-3.177,2.185,0.113,2.0
228,-0.453,-0.509,0.000,-3.871,2.178,0.141,2.0
229,-0.453,-0.510,0.000,-4.582,2.180,0.169,2.0
230,-0.454,-0.510,0.000,-5.310,2.192,0.197,2.0
231,-0.454,-0.510,0.000,-6.057,2.214,0.228,2.0
232,-0.455,-0.509,0.000,-6.820,2.212,0.264,2.0
233,-0.455,-0.509,0.000,-7.589,2.135,0.301,2.0
234,-0.455,-0.509,0.000,-8.364,2.071,0.305,2.0
235,-0.456,-0.509,0.000,-9.145,2.014,0.326,2.0
236,-0.456,-0.509,0.000,-9.933,1.965,0.355,2.0
237,-0.457,-0.508,0.000,-10.728,1.927,0.373,2.0
238,-0.458,-0.508,0.000,-11.526,1.899,0.392,2.0
239,-0.459,-0.508,0.000,-12.323,1.879,0.416,2.0
240,-0.459,-0.508,0.000,-13.112,1.867,0.442,2.0
241,-0.460,-0.508,0.000,-13.889,1.864,0.468,2.0
242,-0.461,-0.508,0.000,-14.648,1.870,0.495,2.0
243,-0.461,-0.507,0.000,-15.386,1.883,0.524,2.0
244,-0.462,-0.507,0.000,-16.097,1.905,0.556,2.0
245,-0.463,-0.507,0.000,-16.777,1.935,0.590,2.0
246,-0.463,-0.507,0.000,-17.424,1.973,0.626,2.0
247,-0.464,-0.507,0.000,-18.039,2.018,0.664,2.0
248,-0.464,-0.507,0.000,-18.621,2.072,0.705,2.0
249,-0.464,-0.507,0.000,-19.172,2.124,0.739,2.0
250,-0.465,-0.507,0.000,-19.705,2.075,0.754,2.0
251,-0.466,-0.507,0.000,-20.210,2.024,0.747,2.0
252,-0.466,-0.506,0.000,-20.683,1.978,0.751,2.0
253,-0.466,-0.506,0.000,-21.126,1.941,0.758,2.0
254,-0.467,-0.506,0.000,-21.538,1.915,0.763,2.0
255,-0.467,-0.506,0.000,-21.920,1.899,0.770,2.0
256,-0.467,-0.506,0.000,-22.272,1.891,0.781,2.0
257,-0.468,-0.506,0.000,-22.594,1.892,0.794,2.0
258,-0.468,-0.506,0.000,-22.887,1.902,0.810,2.0
259,-0.468,-0.506,0.000,-23.150,1.922,0.828,2.0
260,-0.468,-0.506,0.000,-23.385,1.950,0.850,2.0
261,-0.469,-0.506,0.000,-23.592,1.987,0.874,2.0
262,-0.469,-0.505,0.000,-23.770,2.030,0.897,2.0
263,-0.469,-0.505,0.000,-23.930,1.999,0.897,2.0
264,-0.469,-0.505,0.000,-24.079,1.971,0.861,2.0
265,-0.471,-0.504,0.000,-24.212,1.941,0.870,2.0
266,-0.471,-0.504,0.000,-24.324,1.925,0.867,2.0
267,-0.472,-0.504,0.000,-24.409,1.918,0.861,2.0
268,-0.472,-0.504,0.000,-24.467,1.917,0.864,2.0
269,-0.472,-0.504,0.000,-24.498,1.925,0.871,2.0
270,-0.473,-0.504,0.000,-24.502,1.943,0.879,2.0
271,-0.473,-0.503,0.000,-24.481,1.970,0.890,2.0
272,-0.473,-0.503,0.000,-24.434,2.007,0.904,2.0
273,-0.473,-0.503,0.000,-24.360,2.043,0.923,2.0
274,-0.473,-0.503,0.000,-24.270,2.015,0.896,2.0
275,-0.473,-0.503,0.000,-24.158,1.980,0.883,2.0
276,-0.473,-0.503,0.000,-24.020,1.959,0.868,2.0
277,-0.474,-0.503,0.000,-23.858,1.948,0.854,2.0
278,-0.474,-0.503,0.000,-23.671,1.946,0.845,2.0
279,-0.474,-0.503,0.000,-23.460,1.952,0.840,2.0
280,-0.474,-0.503,0.000,-23.225,1.968,0.838,2.0
281,-0.475,-0.503,0.000,-22.966,1.994,0.838,2.0
282,-0.475,-0.502,0.000,-22.683,2.029,0.841,2.0
283,-0.475,-0.502,0.000,-22.377,2.071,0.847,2.0
284,-0.475,-0.503,0.000,-22.051,2.054,0.823,2.0
285,-0.475,-0.503,0.000,-21.705,2.024,0.803,2.0
286,-0.475,-0.503,0.000,-21.337,2.008,0.778,2.0
287,-0.475,-0.502,0.000,-20.946,2.002,0.758,2.0
288,-0.475,-0.502,0.000,-20.533,2.004,0.743,2.0
289,-0.475,-0.502,0.000,-20.098,2.016,0.731,2.0
290,-0.476,-0.502,0.000,-19.641,2.038,0.720,2.0
291,-0.476,-0.502,0.000,-19.162,2.069,0.712,2.0
292,-0.476,-0.502,0.000,-18.662,2.109,0.705,2.0
293,-0.476,-0.502,0.000,-18.142,2.117,0.694,2.0
294,-0.476,-0.502,0.000,-17.607,2.089,0.657,2.0
295,-0.476,-0.502,0.000,-17.050,2.071,0.625,2.0
296,-0.476,-0.502,0.000,-16.474,2.061,0.602,2.0
297,-0.477,-0.502,0.000,-15.877,2.061,0.581,2.0
298,-0.477,-0.502,0.000,-15.260,2.071,0.559,2.0
299,-0.477,-0.502,0.000,-14.623,2.091,0.538,2.0
300,-0.477,-0.502,0.000,-13.966,2.119,0.520,2.0
301,-0.477,-0.502,0.000,-13.290,2.158,0.503,2.0
302,-0.478,-0.502,0.000,-12.595,2.182,0.488,2.0
303,-0.477,-0.502,0.000,-11.889,2.149,0.442,2.0
304,-0.475,-0.502,0.000,-11.174,2.120,0.410,2.0
305,-0.475,-0.502,0.000,-10.440,2.106,0.383,2.0
306,-0.475,-0.502,0.000,-9.687,2.104,0.354,2.0
307,-0.475,-0.502,0.000,-8.917,2.112,0.324,2.0
308,-0.476,-0.502,0.000,-8.128,2.129,0.297,2.0
309,-0.476,-0.502,0.000,-7.323,2.156,0.271,2.0
310,-0.476,-0.502,0.000,-6.505,2.194,0.244,2.0
311,-0.477,-0.502,0.000,-5.678,2.230,0.221,2.0
312,-0.477,-0.502,0.000,-4.849,2.196,0.173,2.0
313,-0.477,-0.502,0.000,-4.024,2.163,0.147,2.0
314,-0.477,-0.502,0.000,-3.202,2.141,0.116,2.0
315,-0.478,-0.502,0.000,-2.387,2.130,0.082,2.0
316,-0.478,-0.502,0.000,-1.583,2.127,0.051,2.0
317,-0.479,-0.502,0.000,-0.793,2.135,0.023,2.0
318,-0.479,-0.502,0.000,-0.019,2.151,-0.005,2.0
319,-0.479,-0.502,0.000,0.738,2.177,-0.034,2.0
320,-0.480,-0.502,0.000,1.473,2.213,-0.063,2.0
321,-0.480,-0.502,0.000,2.183,2.236,-0.084,2.0
322,-0.482,-0.502,0.000,2.875,2.198,-0.121,2.0
323,-0.483,-0.502,0.000,3.540,2.165,-0.142,2.0
324,-0.483,-0.502,0.000,4.176,2.140,-0.161,2.0
325,-0.483,-0.501,0.000,4.780,2.124,-0.183,2.0
326,-0.483,-0.501,0.000,5.354,2.117,-0.205,2.0
327,-0.484,-0.501,0.000,5.897,2.119,-0.226,2.0
328,-0.484,-0.501,0.000,6.409,2.132,-0.245,2.0
329,-0.484,-0.501,0.000,6.891,2.154,-0.266,2.0
330,-0.484,-0.501,0.000,7.343,2.185,-0.288,2.0
331,-0.484,-0.501,0.000,7.764,2.220,-0.305,2.0
332,-0.485,-0.502,0.000,8.163,2.186,-0.325,2.0
333,-0.487,-0.502,0.000,8.540,2.151,-0.327,2.0
334,-0.487,-0.502,0.000,8.888,2.122,-0.336,2.0
335,-0.487,-0.502,0.000,9.206,2.101,-0.348,2.0
336,-0.487,-0.502,0.000,9.496,2.090,-0.357,2.0
337,-0.488,-0.502,0.000,9.756,2.090,-0.365,2.0
338,-0.488,-0.502,0.000,9.989,2.099,-0.376,2.0
339,-0.488,-0.502,0.000,10.193,2.117,-0.387,2.0
340,-0.488,-0.502,0.000,10.369,2.145,-0.399,2.0
341,-0.488,-0.502,0.000,10.517,2.183,-0.412,2.0
342,-0.488,-0.502,0.000,10.640,2.195,-0.411,2.0
343,-0.490,-0.502,0.000,10.747,2.157,-0.416,2.0
344,-0.491,-0.502,0.000,10.832,2.126,-0.416,2.0
345,-0.491,-0.502,0.000,10.890,2.105,-0.411,2.0
346,-0.491,-0.502,0.000,10.921,2.092,-0.409,2.0
347,-0.491,-0.502,0.000,10.925,2.089,-0.410,2.0
348,-0.492,-0.502,0.000,10.904,2.095,-0.410,2.0
349,-0.492,-0.502,0.000,10.857,2.112,-0.411,2.0
350,-0.492,-0.502,0.000,10.785,2.138,-0.413,2.0
351,-0.492,-0.502,0.000,10.687,2.174,-0.416,2.0
352,-0.492,-0.502,0.000,10.564,2.201,-0.410,2.0
353,-0.493,-0.502,0.000,10.424,2.161,-0.409,2.0
354,-0.493,-0.502,0.000,10.262,2.128,-0.393,2.0
355,-0.493,-0.502,0.000,10.075,2.105,-0.378,2.0
356,-0.493,-0.502,0.000,9.864,2.090,-0.369,2.0
357,-0.493,-0.502,0.000,9.629,2.086,-0.361,2.0
358,-0.493,-0.502,0.000,9.371,2.091,-0.352,2.0
359,-0.494,-0.502,0.000,9.090,2.107,-0.343,2.0
360,-0.494,-0.502,0.000,8.785,2.131,-0.336,2.0
361,-0.494,-0.502,0.000,8.458,2.166,-0.328,2.0
362,-0.494,-0.502,0.000,8.108,2.210,-0.321,2.0
363,-0.494,-0.502,0.000,7.740,2.201,-0.302,2.0
364,-0.495,-0.502,0.000,7.364,2.166,-0.282,2.0
365,-0.496,-0.502,0.000,6.969,2.138,-0.269,2.0
366,-0.497,-0.502,0.000,6.566,2.118,-0.252,2.0
367,-0.497,-0.502,0.000,6.167,2.107,-0.233,2.0
368,-0.497,-0.502,0.000,5.772,2.105,-0.218,2.0
369,-0.497,-0.502,0.000,5.381,2.113,-0.205,2.0
370,-0.497,-0.502,0.000,4.994,2.130,-0.193,2.0
371,-0.497,-0.502,0.000,4.611,2.156,-0.180,2.0
372,-0.497,-0.502,0.000,4.232,2.193,-0.168,2.0
373,-0.497,-0.502,0.000,3.856,2.235,-0.154,2.0
374,-0.497,-0.502,0.000,3.484,2.207,-0.143,2.0
375,-0.497,-0.502,0.000,3.105,2.170,-0.120,2.0
376,-0.497,-0.502,0.000,2.718,2.145,-0.107,2.0
377,-0.497,-0.502,0.000,2.336,2.129,-0.095,2.0
378,-0.497,-0.502,0.000,1.957,2.124,-0.079,2.0
379,-0.497,-0.502,0.000,1.581,2.128,-0.064,2.0
380,-0.497,-0.502,0.000,1.210,2.142,-0.051,2.0
381,-0.497,-0.502,0.000,0.841,2.165,-0.038,2.0
382,-0.497,-0.502,0.000,0.477,2.198,-0.025,2.0
383,-0.497,-0.502,0.000,0.115,2.238,-0.009,2.0
384,-0.497,-0.502,0.000,-0.243,2.213,0.002,2.0
385,-0.497,-0.502,0.000,-0.606,2.176,0.021,2.0
386,-0.497,-0.502,0.000,-0.973,2.149,0.031,2.0
387,-0.497,-0.502,0.000,-1.336,2.133,0.042,2.0
388,-0.497,-0.502,0.000,-1.696,2.126,0.056,2.0
389,-0.497,-0.502,0.000,-2.052,2.129,0.071,2.0
390,-0.497,-0.502,0.000,-2.405,2.142,0.084,2.0
391,-0.497,-0.502,0.000,-2.755,2.164,0.098,2.0
392,-0.497,-0.502,0.000,-3.101,2.197,0.113,2.0
393,-0.497,-0.502,0.000,-3.444,2.235,0.130,2.0
394,-0.497,-0.502,0.000,-3.783,2.208,0.138,2.0
395,-0.497,-0.502,0.000,-4.128,2.172,0.156,2.0
396,-0.498,-0.502,0.000,-4.479,2.148,0.163,2.0
397,-0.498,-0.502,0.000,-4.826,2.133,0.172,2.0
398,-0.498,-0.502,0.000,-5.169,2.126,0.185,2.0
399,-0.498,-0.502,0.000,-5.509,2.129,0.200,2.0
400,-0.498,-0.502,0.000,-5.846,2.141,0.213,2.0
401,-0.498,-0.502,0.000,-6.180,2.163,0.228,2.0
402,-0.498,-0.502,0.000,-6.510,2.195,0.244,2.0
403,-0.498,-0.502,0.000,-6.837,2.224,0.266,2.0
404,-0.498,-0.502,0.000,-7.161,2.188,0.262,2.0
405,-0.498,-0.502,0.000,-7.481,2.152,0.277,2.0
406,-0.498,-0.502,0.000,-7.798,2.127,0.287,2.0
407,-0.498,-0.502,0.000,-8.113,2.113,0.295,2.0
408,-0.498,-0.502,0.000,-8.424,2.109,0.305,2.0
409,-0.498,-0.502,0.000,-8.732,2.113,0.318,2.0
410,-0.498,-0.502,0.000,-9.037,2.128,0.332,2.0
411,-0.498,-0.502,0.000,-9.339,2.152,0.347,2.0
412,-0.498,-0.502,0.000,-9.639,2.186,0.365,2.0
413,-0.498,-0.502,0.000,-9.935,2.202,0.388,2.0
414,-0.498,-0.502,0.000,-10.228,2.163,0.379,2.0
415,-0.498,-0.502,0.000,-10.518,2.129,0.386,2.0
416,-0.498,-0.502,0.000,-10.806,2.105,0.397,2.0
417,-0.498,-0.502,0.000,-11.090,2.092,0.405,2.0
418,-0.498,-0.502,0.000,-11.372,2.089,0.413,2.0
419,-0.498,-0.502,0.000,-11.651,2.095,0.425,2.0
420,-0.498,-0.502,0.000,-11.928,2.111,0.439,2.0
421,-0.498,-0.502,0.000,-12.201,2.136,0.455,2.0
422,-0.499,-0.502,0.000,-12.473,2.170,0.473,2.0
423,-0.498,-0.502,0.000,-12.741,2.176,0.494,2.0
424,-0.498,-0.502,0.000,-13.006,2.136,0.486,2.0
425,-0.498,-0.502,0.000,-13.269,2.105,0.486,2.0
426,-0.498,-0.502,0.000,-13.530,2.082,0.495,2.0
427,-0.498,-0.502,0.000,-13.787,2.069,0.503,2.0
428,-0.498,-0.502,0.000,-14.043,2.067,0.510,2.0
429,-0.498,-0.502,0.000,-14.296,2.074,0.521,2.0
430,-0.498,-0.502,0.000,-14.546,2.090,0.536,2.0
431,-0.499,-0.502,0.000,-14.794,2.115,0.552,2.0
432,-0.499,-0.502,0.000,-15.040,2.151,0.571,2.0
433,-0.498,-0.502,0.000,-15.283,2.149,0.589,2.0
434,-0.498,-0.502,0.000,-15.523,2.109,0.580,2.0
435,-0.498,-0.502,0.000,-15.761,2.079,0.577,2.0
436,-0.498,-0.502,0.000,-15.997,2.057,0.583,2.0
437,-0.498,-0.502,0.000,-16.231,2.045,0.590,2.0
438,-0.498,-0.502,0.000,-16.462,2.044,0.597,2.0
439,-0.498,-0.502,0.000,-16.691,2.051,0.608,2.0
440,-0.498,-0.502,0.000,-16.918,2.067,0.622,2.0
441,-0.499,-0.502,0.000,-17.143,2.093,0.639,2.0
442,-0.499,-0.502,0.000,-17.366,2.128,0.659,2.0
443,-0.498,-0.502,0.000,-17.586,2.121,0.673,2.0
444,-0.498,-0.502,0.000,-17.804,2.082,0.664,2.0
445,-0.498,-0.502,0.000,-18.020,2.053,0.658,2.0
446,-0.498,-0.502,0.000,-18.233,2.032,0.662,2.0
447,-0.498,-0.502,0.000,-18.445,2.021,0.668,2.0
448,-0.498,-0.502,0.000,-18.654,2.019,0.675,2.0
449,-0.498,-0.502,0.000,-18.862,2.027,0.685,2.0
450,-0.498,-0.502,0.000,-19.068,2.044,0.700,2.0
451,-0.499,-0.502,0.000,-19.272,2.070,0.717,2.0
452,-0.499,-0.502,0.000,-19.474,2.105,0.738,2.0
453,-0.498,-0.502,0.000,-19.673,2.093,0.747,2.0
454,-0.498,-0.502,0.000,-19.870,2.054,0.739,2.0
455,-0.498,-0.502,0.000,-20.066,2.027,0.731,2.0
456,-0.498,-0.502,0.000,-20.259,2.007,0.732,2.0
457,-0.498,-0.502,0.000,-20.451,1.996,0.738,2.0
458,-0.498,-0.502,0.000,-20.641,1.995,0.745,2.0
459,-0.498,-0.502,0.000,-20.829,2.003,0.755,2.0
460,-0.498,-0.502,0.000,-21.016,2.021,0.769,2.0
461,-0.498,-0.502,0.000,-21.200,2.047,0.787,2.0
462,-0.498,-0.502,0.000,-21.383,2.082,0.809,2.0
463,-0.498,-0.502,0.000,-21.564,2.065,0.813,2.0
464,-0.498,-0.502,0.000,-21.743,2.027,0.806,2.0
465,-0.498,-0.502,0.000,-21.920,2.001,0.797,2.0
466,-0.498,-0.502,0.000,-22.095,1.982,0.796,2.0
467,-0.498,-0.502,0.000,-22.269,1.971,0.801,2.0
468,-0.498,-0.502,0.000,-22.441,1.971,0.808,2.0
469,-0.498,-0.502,0.000,-22.612,1.980,0.817,2.0
470,-0.498,-0.502,0.000,-22.781,1.997,0.832,2.0
471,-0.498,-0.502,0.000,-22.948,2.024,0.850,2.0
472,-0.498,-0.502,0.000,-23.114,2.058,0.872,2.0
473,-0.498,-0.502,0.000,-23.278,2.038,0.872,2.0
474,-0.498,-0.502,0.000,-23.440,2.000,0.865,2.0
475,-0.498,-0.502,0.000,-23.600,1.975,0.855,2.0
476,-0.498,-0.502,0.000,-23.759,1.957,0.853,2.0
477,-0.498,-0.502,0.000,-23.917,1.948,0.857,2.0
478,-0.498,-0.502,0.000,-24.073,1.947,0.864,2.0
479,-0.498,-0.502,0.000,-24.228,1.957,0.873,2.0
480,-0.498,-0.502,0.000,-24.381,1.975,0.888,2.0
481,-0.498,-0.502,0.000,-24.533,2.001,0.906,2.0
482,-0.498,-0.502,0.000,-24.683,2.035,0.929,2.0
483,-0.498,-0.502,0.000,-24.832,2.013,0.924,2.0
484,-0.498,-0.502,0.000,-24.978,1.975,0.918,2.0
485,-0.498,-0.502,0.000,-25.124,1.950,0.907,2.0
486,-0.498,-0.502,0.000,-25.268,1.934,0.904,2.0
487,-0.498,-0.502,0.000,-25.410,1.925,0.907,2.0
488,-0.498,-0.502,0.000,-25.552,1.925,0.914,2.0
489,-0.498,-0.502,0.000,-25.692,1.935,0.924,2.0
490,-0.498,-0.502,0.000,-25.831,1.953,0.938,2.0
491,-0.498,-0.501,0.000,-25.969,1.980,0.957,2.0
492,-0.498,-0.501,0.000,-26.106,2.012,0.981,2.0
493,-0.498,-0.502,0.000,-26.240,1.988,0.971,2.0
494,-0.498,-0.502,0.000,-26.373,1.951,0.964,2.0
495,-0.498,-0.501,0.000,-26.505,1.926,0.954,2.0
496,-0.498,-0.501,0.000,-26.635,1.911,0.949,2.0
497,-0.498,-0.501,0.000,-26.765,1.903,0.952,2.0
498,-0.498,-0.501,0.000,-26.893,1.903,0.959,2.0
499,-0.498,-0.501,0.000,-27.020,1.913,0.969,2.0
500,-0.498,-0.501,0.000,-27.146,1.932,0.983,2.0
501,-0.498,-0.501,0.000,-27.271,1.959,1.003,2.0
502,-0.498,-0.501,0.000,-27.395,1.990,1.027,2.0
503,-0.498,-0.501,0.000,-27.517,1.965,1.013,2.0
504,-0.498,-0.501,0.000,-27.637,1.928,1.006,2.0
505,-0.498,-0.501,0.000,-27.757,1.904,0.996,2.0
506,-0.498,-0.501,0.000,-27.875,1.889,0.990,2.0
507,-0.498,-0.501,0.000,-27.993,1.882,0.992,2.0
508,-0.498,-0.501,0.000,-28.109,1.883,0.999,2.0
509,-0.498,-0.501,0.000,-28.224,1.894,1.009,2.0
510,-0.498,-0.501,0.000,-28.339,1.913,1.024,2.0
511,-0.498,-0.501,0.000,-28.452,1.940,1.044,2.0
512,-0.498,-0.501,0.000,-28.564,1.969,1.068,2.0
513,-0.498,-0.501,0.000,-28.675,1.943,1.050,2.0
514,-0.498,-0.501,0.000,-28.784,1.906,1.043,2.0
515,-0.498,-0.501,0.000,-28.892,1.883,1.034,2.0
516,-0.498,-0.501,0.000,-28.999,1.869,1.027,2.0
517,-0.498,-0.501,0.000,-29.106,1.862,1.028,2.0
518,-0.498,-0.501,0.000,-29.211,1.864,1.035,2.0
519,-0.498,-0.501,0.000,-29.316,1.875,1.046,2.0
520,-0.498,-0.501,0.000,-29.420,1.894,1.060,2.0
521,-0.498,-0.501,0.000,-29.523,1.922,1.081,2.0
522,-0.498,-0.501,0.000,-29.625,1.949,1.106,2.0
523,-0.498,-0.501,0.000,-29.725,1.922,1.084,2.0
524,-0.498,-0.501,0.000,-29.823,1.886,1.076,2.0
525,-0.498,-0.501,0.000,-29.922,1.863,1.067,2.0
526,-0.498,-0.501,0.000,-30.019,1.850,1.060,2.0
527,-0.498,-0.501,0.000,-30.115,1.844,1.061,2.0
528,-0.498,-0.501,0.000,-30.211,1.846,1.068,2.0
529,-0.498,-0.501,0.000,-30.306,1.857,1.078,2.0
530,-0.498,-0.501,0.000,-30.400,1.877,1.094,2.0
531,-0.498,-0.501,0.000,-30.494,1.905,1.114,2.0
532,-0.498,-0.501,0.000,-30.586,1.929,1.139,2.0
533,-0.498,-0.501,0.000,-30.677,1.902,1.114,2.0
534,-0.498,-0.501,0.000,-30.766,1.867,1.105,2.0
535,-0.498,-0.501,0.000,-30.855,1.844,1.097,2.0
536,-0.498,-0.501,0.000,-30.943,1.832,1.090,2.0
537,-0.498,-0.501,0.000,-31.031,1.827,1.090,2.0
538,-0.498,-0.501,0.000,-31.118,1.830,1.097,2.0
539,-0.498,-0.501,0.000,-31.204,1.841,1.108,2.0
540,-0.498,-0.501,0.000,-31.289,1.861,1.124,2.0
541,-0.498,-0.501,0.000,-31.374,1.890,1.144,2.0
542,-0.498,-0.501,0.000,-31.458,1.911,1.169,2.0
543,-0.498,-0.501,0.000,-31.540,1.883,1.141,2.0
544,-0.498,-0.501,0.000,-31.621,1.850,1.131,2.0
545,-0.498,-0.501,0.000,-31.702,1.827,1.123,2.0
546,-0.498,-0.501,0.000,-31.782,1.815,1.117,2.0
547,-0.498,-0.501,0.000,-31.861,1.811,1.117,2.0
548,-0.498,-0.501,0.000,-31.940,1.814,1.123,2.0
549,-0.498,-0.501,0.000,-32.018,1.826,1.135,2.0
550,-0.498,-0.501,0.000,-32.095,1.847,1.150,2.0
551,-0.498,-0.501,0.000,-32.172,1.875,1.172,2.0
552,-0.498,-0.501,0.000,-32.248,1.894,1.195,2.0
553,-0.498,-0.501,0.000,-32.323,1.866,1.166,2.0
554,-0.498,-0.501,0.000,-32.396,1.833,1.155,2.0
555,-0.498,-0.501,0.000,-32.469,1.811,1.147,2.0
556,-0.498,-0.501,0.000,-32.542,1.800,1.141,2.0
557,-0.498,-0.501,0.000,-32.614,1.796,1.141,2.0
558,-0.498,-0.501,0.000,-32.685,1.800,1.147,2.0
559,-0.498,-0.501,0.000,-32.756,1.812,1.159,2.0
560,-0.498,-0.501,0.000,-32.827,1.833,1.175,2.0
561,-0.498,-0.501,0.000,-32.896,1.862,1.197,2.0
562,-0.498,-0.501,0.000,-32.965,1.877,1.219,2.0
563,-0.498,-0.501,0.000,-33.033,1.849,1.188,2.0
564,-0.498,-0.501,0.000,-33.099,1.818,1.175,2.0
565,-0.498,-0.501,0.000,-33.166,1.796,1.168,2.0
566,-0.498,-0.501,0.000,-33.231,1.785,1.163,2.0
567,-0.498,-0.501,0.000,-33.297,1.783,1.162,2.0
568,-0.498,-0.501,0.000,-33.361,1.787,1.168,2.0
569,-0.498,-0.501,0.000,-33.426,1.800,1.180,2.0
570,-0.498,-0.501,0.000,-33.490,1.821,1.197,2.0
571,-0.498,-0.501,0.000,-33.553,1.850,1.219,2.0
572,-0.498,-0.501,0.000,-33.616,1.862,1.240,2.0
573,-0.498,-0.501,0.000,-33.677,1.833,1.208,2.0
574,-0.498,-0.501,0.000,-33.737,1.804,1.194,2.0
575,-0.498,-0.501,0.000,-33.797,1.783,1.187,2.0
576,-0.498,-0.501,0.000,-33.857,1.772,1.182,2.0
577,-0.498,-0.501,0.000,-33.916,1.770,1.181,2.0
578,-0.498,-0.501,0.000,-33.975,1.775,1.188,2.0
579,-0.498,-0.501,0.000,-34.033,1.788,1.200,2.0
580,-0.498,-0.501,0.000,-34.091,1.809,1.217,2.0
581,-0.498,-0.501,0.000,-34.149,1.839,1.239,2.0
582,-0.498,-0.501,0.000,-34.205,1.847,1.258,2.0
583,-0.498,-0.501,0.000,-34.261,1.819,1.227,2.0
584,-0.498,-0.501,0.000,-34.316,1.791,1.211,2.0
585,-0.498,-0.501,0.000,-34.370,1.770,1.204,2.0
586,-0.498,-0.501,0.000,-34.424,1.760,1.199,2.0
587,-0.498,-0.501,0.000,-34.478,1.758,1.199,2.0
588,-0.498,-0.501,0.000,-34.531,1.764,1.205,2.0
589,-0.498,-0.501,0.000,-34.584,1.777,1.218,2.0
590,-0.498,-0.501,0.000,-34.637,1.799,1.235,2.0
591,-0.498,-0.501,0.000,-34.689,1.829,1.258,2.0
592,-0.498,-0.501,0.000,-34.740,1.834,1.274,2.0
593,-0.498,-0.501,0.000,-34.791,1.805,1.244,2.0
594,-0.498,-0.501,0.000,-34.840,1.779,1.227,2.0
595,-0.498,-0.501,0.000,-34.890,1.759,1.219,2.0
596,-0.498,-0.501,0.000,-34.939,1.749,1.215,2.0
597,-0.498,-0.501,0.000,-34.987,1.748,1.215,2.0
598,-0.498,-0.501,0.000,-35.036,1.754,1.221,2.0
599,-0.498,-0.501,0.000,-35.084,1.768,1.234,2.0
600,-0.498,-0.501,0.000,-35.132,1.790,1.252,2.0
601,-0.498,-0.501,0.000,-35.179,1.820,1.275,2.0
602,-0.498,-0.501,0.000,-35.226,1.821,1.288,2.0
603,-0.498,-0.501,0.000,-35.271,1.792,1.259,2.0
604,-0.498,-0.501,0.000,-35.316,1.768,1.240,2.0
605,-0.498,-0.501,0.000,-35.361,1.748,1.233,2.0
606,-0.498,-0.501,0.000,-35.405,1.738,1.229,2.0
607,-0.498,-0.501,0.000,-35.450,1.738,1.229,2.0
608,-0.498,-0.501,0.000,-35.493,1.745,1.235,2.0
609,-0.498,-0.501,0.000,-35.537,1.759,1.248,2.0
610,-0.498,-0.501,0.000,-35.581,1.781,1.267,2.0
611,-0.498,-0.501,0.000,-35.624,1.812,1.290,2.0
612,-0.498,-0.501,0.000,-35.666,1.810,1.301,2.0
613,-0.498,-0.501,0.000,-35.707,1.781,1.272,2.0
614,-0.498,-0.501,0.000,-35.748,1.757,1.253,2.0
615,-0.498,-0.501,0.000,-35.788,1.739,1.245,2.0
616,-0.498,-0.501,0.000,-35.829,1.729,1.242,2.0
617,-0.498,-0.501,0.000,-35.869,1.729,1.242,2.0
618,-0.498,-0.501,0.000,-35.909,1.736,1.248,2.0
619,-0.498,-0.501,0.000,-35.948,1.751,1.261,2.0
620,-0.498,-0.501,0.000,-35.988,1.774,1.280,2.0
621,-0.498,-0.501,0.000,-36.027,1.804,1.304,2.0
622,-0.498,-0.501,0.000,-36.065,1.800,1.312,2.0
623,-0.498,-0.501,0.000,-36.102,1.770,1.284,2.0
624,-0.498,-0.501,0.000,-36.139,1.748,1.265,2.0
625,-0.498,-0.501,0.000,-36.176,1.730,1.256,2.0
626,-0.498,-0.501,0.000,-36.213,1.721,1.253,2.0
627,-0.498,-0.501,0.000,-36.249,1.721,1.254,2.0
628,-0.498,-0.501,0.000,-36.285,1.729,1.260,2.0
629,-0.498,-0.501,0.000,-36.321,1.744,1.274,2.0
630,-0.498,-0.501,0.000,-36.357,1.767,1.293,2.0
631,-0.498,-0.501,0.000,-36.393,1.798,1.317,2.0
632,-0.498,-0.501,0.000,-36.427,1.790,1.321,2.0
633,-0.498,-0.501,0.000,-36.461,1.760,1.295,2.0
634,-0.498,-0.501,0.000,-36.495,1.739,1.275,2.0
635,-0.498,-0.501,0.000,-36.528,1.722,1.266,2.0
636,-0.498,-0.501,0.000,-36.561,1.713,1.263,2.0
637,-0.498,-0.501,0.000,-36.594,1.713,1.264,2.0
638,-0.498,-0.501,0.000,-36.627,1.722,1.271,2.0
639,-0.498,-0.501,0.000,-36.660,1.737,1.285,2.0
640,-0.498,-0.501,0.000,-36.692,1.761,1.304,2.0
641,-0.498,-0.501,0.000,-36.725,1.792,1.329,2.0
642,-0.498,-0.501,0.000,-36.756,1.781,1.329,2.0
643,-0.498,-0.501,0.000,-36.787,1.750,1.305,2.0
644,-0.498,-0.501,0.000,-36.817,1.730,1.284,2.0
645,-0.498,-0.501,0.000,-36.847,1.714,1.275,2.0
646,-0.498,-0.501,0.000,-36.877,1.706,1.272,2.0
647,-0.498,-0.501,0.000,-36.907,1.706,1.274,2.0
648,-0.498,-0.501,0.000,-36.937,1.715,1.281,2.0
649,-0.498,-0.501,0.000,-36.967,1.731,1.295,2.0
650,-0.498,-0.501,0.000,-36.996,1.755,1.314,2.0
651,-0.498,-0.501,0.000,-37.026,1.786,1.340,2.0
652,-0.498,-0.501,0.000,-37.054,1.773,1.336,2.0
653,-0.498,-0.501,0.000,-37.082,1.742,1.313,2.0
654,-0.498,-0.501,0.000,-37.109,1.722,1.293,2.0
655,-0.498,-0.501,0.000,-37.137,1.708,1.283,2.0
656,-0.498,-0.501,0.000,-37.164,1.699,1.280,2.0
657,-0.498,-0.501,0.000,-37.191,1.700,1.283,2.0
658,-0.498,-0.501,0.000,-37.218,1.709,1.290,2.0
659,-0.498,-0.501,0.000,-37.245,1.726,1.304,2.0
660,-0.498,-0.501,0.000,-37.272,1.750,1.324,2.0
661,-0.498,-0.501,0.000,-37.299,1.781,1.349,2.0
662,-0.498,-0.501,0.000,-37.325,1.766,1.342,2.0
663,-0.498,-0.501,0.000,-37.350,1.734,1.321,2.0
664,-0.498,-0.501,0.000,-37.374,1.715,1.301,2.0
665,-0.498,-0.501,0.000,-37.399,1.701,1.290,2.0
666,-0.498,-0.501,0.000,-37.424,1.694,1.288,2.0
667,-0.498,-0.501,0.000,-37.449,1.695,1.291,2.0
668,-0.498,-0.501,0.000,-37.473,1.704,1.298,2.0
669,-0.498,-0.501,0.000,-37.498,1.722,1.312,2.0
670,-0.498,-0.501,0.000,-37.522,1.746,1.332,2.0
671,-0.498,-0.501,0.000,-37.547,1.777,1.359,2.0
672,-0.498,-0.501,0.000,-37.570,1.760,1.346,2.0
673,-0.498,-0.501,0.000,-37.592,1.727,1.327,2.0
674,-0.498,-0.501,0.000,-37.615,1.708,1.308,2.0
675,-0.498,-0.501,0.000,-37.638,1.695,1.297,2.0
676,-0.498,-0.501,0.000,-37.660,1.688,1.295,2.0
677,-0.498,-0.501,0.000,-37.682,1.690,1.298,2.0
678,-0.498,-0.501,0.000,-37.705,1.700,1.306,2.0
679,-0.498,-0.501,0.000,-37.727,1.717,1.320,2.0
680,-0.498,-0.501,0.000,-37.749,1.742,1.341,2.0
681,-0.498,-0.501,0.000,-37.772,1.772,1.367,2.0
682,-0.498,-0.501,0.000,-37.792,1.754,1.350,2.0
683,-0.498,-0.501,0.000,-37.813,1.721,1.333,2.0
684,-0.498,-0.501,0.000,-37.833,1.702,1.314,2.0
685,-0.498,-0.501,0.000,-37.854,1.690,1.303,2.0
686,-0.498,-0.501,0.000,-37.874,1.684,1.301,2.0
687,-0.498,-0.501,0.000,-37.894,1.685,1.304,2.0
688,-0.498,-0.501,0.000,-37.915,1.696,1.313,2.0
689,-0.498,-0.501,0.000,-37.935,1.714,1.327,2.0
690,-0.498,-0.501,0.000,-37.955,1.739,1.348,2.0
691,-0.498,-0.501,0.000,-37.976,1.768,1.374,2.0
692,-0.498,-0.501,0.000,-37.994,1.748,1.354,2.0
693,-0.498,-0.501,0.000,-38.013,1.715,1.337,2.0
694,-0.498,-0.501,0.000,-38.031,1.696,1.320,2.0
695,-0.498,-0.501,0.000,-38.050,1.685,1.308,2.0
696,-0.498,-0.501,0.000,-38.068,1.679,1.306,2.0
697,-0.498,-0.501,0.000,-38.087,1.681,1.310,2.0
698,-0.498,-0.501,0.000,-38.105,1.692,1.319,2.0
699,-0.498,-0.501,0.000,-38.124,1.710,1.333,2.0
700,-0.498,-0.501,0.000,-38.142,1.736,1.354,2.0
701,-0.498,-0.501,0.000,-38.160,1.763,1.381,2.0
702,-0.498,-0.501,0.000,-38.178,1.743,1.358,2.0
703,-0.498,-0.501,0.000,-38.194,1.710,1.342,2.0
704,-0.498,-0.501,0.000,-38.211,1.691,1.325,2.0
705,-0.498,-0.501,0.000,-38.228,1.680,1.314,2.0
706,-0.498,-0.501,0.000,-38.244,1.675,1.311,2.0
707,-0.498,-0.501,0.000,-38.261,1.678,1.315,2.0
708,-0.498,-0.501,0.000,-38.278,1.689,1.324,2.0
709,-0.498,-0.501,0.000,-38.295,1.707,1.339,2.0
710,-0.498,-0.501,0.000,-38.312,1.733,1.361,2.0
711,-0.498,-0.501,0.000,-38.328,1.759,1.387,2.0
712,-0.498,-0.501,0.000,-38.344,1.739,1.361,2.0
713,-0.498,-0.501,0.000,-38.359,1.706,1.345,2.0
714,-0.498,-0.501,0.000,-38.374,1.686,1.329,2.0
715,-0.498,-0.501,0.000,-38.389,1.676,1.318,2.0
716,-0.498,-0.501,0.000,-38.404,1.672,1.316,2.0
717,-0.498,-0.501,0.000,-38.419,1.675,1.320,2.0
718,-0.498,-0.501,0.000,-38.435,1.686,1.330,2.0
719,-0.498,-0.501,0.000,-38.450,1.705,1.345,2.0
720,-0.498,-0.501,0.000,-38.465,1.731,1.367,2.0
721,-0.498,-0.501,0.000,-38.481,1.755,1.393,2.0
722,-0.497,-0.501,0.000,-38.494,1.734,1.363,2.0
723,-0.497,-0.501,0.000,-38.508,1.702,1.348,2.0
724,-0.497,-0.501,0.000,-38.522,1.682,1.333,2.0
725,-0.497,-0.501,0.000,-38.535,1.672,1.323,2.0
726,-0.497,-0.501,0.000,-38.549,1.669,1.320,2.0
727,-0.497,-0.501,0.000,-38.563,1.672,1.324,2.0
728,-0.497,-0.501,0.000,-38.577,1.683,1.334,2.0
729,-0.497,-0.501,0.000,-38.591,1.702,1.350,2.0
730,-0.497,-0.501,0.000,-38.605,1.729,1.372,2.0
731,-0.497,-0.501,0.000,-38.619,1.751,1.397,2.0
732,-0.497,-0.501,0.000,-38.631,1.729,1.366,2.0
733,-0.497,-0.501,0.000,-38.643,1.698,1.350,2.0
734,-0.497,-0.501,0.000,-38.656,1.678,1.337,2.0
735,-0.497,-0.501,0.000,-38.668,1.668,1.326,2.0
736,-0.497,-0.501,0.000,-38.681,1.665,1.324,2.0
737,-0.497,-0.501,0.000,-38.693,1.669,1.328,2.0
738,-0.497,-0.501,0.000,-38.706,1.681,1.339,2.0
739,-0.497,-0.501,0.000,-38.719,1.700,1.355,2.0
740,-0.497,-0.501,0.000,-38.731,1.728,1.377,2.0
741,-0.497,-0.501,0.000,-38.744,1.748,1.402,2.0
742,-0.497,-0.501,0.000,-38.755,1.725,1.368,2.0
743,-0.497,-0.501,0.000,-38.766,1.695,1.352,2.0
744,-0.497,-0.501,0.000,-38.777,1.674,1.340,2.0
745,-0.497,-0.501,0.000,-38.789,1.665,1.330,2.0
746,-0.497,-0.501,0.000,-38.800,1.663,1.327,2.0
747,-0.497,-0.501,0.000,-38.811,1.667,1.332,2.0
748,-0.497,-0.501,0.000,-38.823,1.679,1.343,2.0
749,-0.497,-0.501,0.000,-38.835,1.699,1.359,2.0
750,-0.497,-0.501,0.000,-38.846,1.726,1.382,2.0
751,-0.497,-0.501,0.000,-38.857,1.744,1.405,2.0
752,-0.497,-0.501,0.000,-38.868,1.721,1.371,2.0
753,-0.497,-0.501,0.000,-38.878,1.691,1.354,2.0
754,-0.497,-0.501,0.000,-38.888,1.671,1.342,2.0
755,-0.497,-0.501,0.000,-38.898,1.662,1.333,2.0
756,-0.497,-0.501,0.000,-38.908,1.660,1.330,2.0
757,-0.497,-0.501,0.000,-38.919,1.665,1.335,2.0
758,-0.497,-0.501,0.000,-38.929,1.677,1.346,2.0
759,-0.497,-0.501,0.000,-38.940,1.697,1.363,2.0
760,-0.497,-0.501,0.000,-38.950,1.725,1.386,2.0
761,-0.497,-0.501,0.000,-38.961,1.740,1.408,2.0
762,-0.497,-0.501,0.000,-38.970,1.717,1.373,2.0
763,-0.497,-0.501,0.000,-38.979,1.689,1.356,2.0
764,-0.497,-0.501,0.000,-38.988,1.669,1.345,2.0
765,-0.497,-0.501,0.000,-38.997,1.659,1.336,2.0
766,-0.497,-0.501,0.000,-39.007,1.658,1.333,2.0
767,-0.497,-0.501,0.000,-39.016,1.663,1.338,2.0
768,-0.497,-0.501,0.000,-39.026,1.675,1.350,2.0
769,-0.497,-0.501,0.000,-39.035,1.696,1.367,2.0
770,-0.497,-0.501,0.000,-39.045,1.724,1.390,2.0
771,-0.497,-0.501,0.000,-39.054,1.737,1.411,2.0
772,-0.497,-0.501,0.000,-39.062,1.713,1.375,2.0
773,-0.497,-0.501,0.000,-39.071,1.686,1.357,2.0
774,-0.497,-0.501,0.000,-39.079,1.666,1.347,2.0
775,-0.497,-0.501,0.000,-39.087,1.657,1.339,2.0
776,-0.497,-0.501,0.000,-39.096,1.656,1.336,2.0
777,-0.497,-0.501,0.000,-39.104,1.662,1.341,2.0
778,-0.497,-0.501,0.000,-39.113,1.674,1.353,2.0
779,-0.497,-0.501,0.000,-39.122,1.695,1.370,2.0
780,-0.497,-0.501,0.000,-39.131,1.724,1.394,2.0
781,-0.497,-0.501,0.000,-39.139,1.733,1.413,2.0
782,-0.497,-0.501,0.000,-39.146,1.709,1.378,2.0
783,-0.497,-0.501,0.000,-39.154,1.683,1.359,2.0
784,-0.497,-0.501,0.000,-39.161,1.664,1.348,2.0
785,-0.497,-0.501,0.000,-39.169,1.655,1.341,2.0
786,-0.497,-0.501,0.000,-39.176,1.654,1.339,2.0
787,-0.497,-0.501,0.000,-39.184,1.660,1.344,2.0
788,-0.497,-0.501,0.000,-39.192,1.673,1.356,2.0
789,-0.497,-0.501,0.000,-39.200,1.695,1.374,2.0
790,-0.497,-0.501,0.000,-39.208,1.724,1.397,2.0
791,-0.497,-0.501,0.000,-39.216,1.730,1.414,2.0
792,-0.497,-0.501,0.000,-39.223,1.705,1.379,2.0
793,-0.497,-0.501,0.000,-39.229,1.681,1.360,2.0
794,-0.497,-0.501,0.000,-39.236,1.662,1.349,2.0
795,-0.497,-0.501,0.000,-39.243,1.653,1.343,2.0
796,-0.497,-0.501,0.000,-39.250,1.652,1.341,2.0
797,-0.497,-0.501,0.000,-39.257,1.659,1.347,2.0
798,-0.497,-0.501,0.000,-39.264,1.673,1.359,2.0
799,-0.497,-0.501,0.000,-39.271,1.694,1.377,2.0
800,-0.497,-0.501,0.000,-39.279,1.723,1.401,2.0
801,-0.497,-0.501,0.000,-39.286,1.727,1.415,2.0
802,-0.497,-0.501,0.000,-39.292,1.701,1.381,2.0
803,-0.497,-0.501,0.000,-39.298,1.678,1.361,2.0
804,-0.497,-0.501,0.000,-39.304,1.660,1.351,2.0
805,-0.497,-0.501,0.000,-39.310,1.651,1.345,2.0
806,-0.497,-0.501,0.000,-39.316,1.651,1.343,2.0
807,-0.497,-0.501,0.000,-39.323,1.658,1.349,2.0
808,-0.497,-0.501,0.000,-39.329,1.672,1.361,2.0
809,-0.497,-0.501,0.000,-39.336,1.694,1.380,2.0
810,-0.497,-0.501,0.000,-39.343,1.723,1.404,2.0
811,-0.497,-0.501,0.000,-39.349,1.724,1.416,2.0
812,-0.497,-0.501,0.000,-39.354,1.698,1.383,2.0
813,-0.497,-0.501,0.000,-39.360,1.676,1.362,2.0
814,-0.497,-0.501,0.000,-39.365,1.658,1.352,2.0
815,-0.497,-0.501,0.000,-39.371,1.649,1.346,2.0
816,-0.497,-0.501,0.000,-39.377,1.649,1.345,2.0
817,-0.497,-0.501,0.000,-39.382,1.657,1.351,2.0
818,-0.497,-0.501,0.000,-39.388,1.671,1.364,2.0
819,-0.497,-0.501,0.000,-39.395,1.693,1.382,2.0
820,-0.497,-0.501,0.000,-39.401,1.723,1.407,2.0
821,-0.497,-0.501,0.000,-39.406,1.721,1.416,2.0
822,-0.497,-0.501,0.000,-39.411,1.695,1.385,2.0
823,-0.497,-0.501,0.000,-39.416,1.674,1.363,2.0
824,-0.497,-0.501,0.000,-39.421,1.656,1.353,2.0
825,-0.497,-0.501,0.000,-39.426,1.648,1.348,2.0
826,-0.497,-0.501,0.000,-39.431,1.648,1.347,2.0
827,-0.497,-0.501,0.000,-39.437,1.656,1.353,2.0
828,-0.497,-0.501,0.000,-39.442,1.671,1.366,2.0
829,-0.497,-0.501,0.000,-39.448,1.693,1.385,2.0
830,-0.497,-0.501,0.000,-39.454,1.723,1.410,2.0
831,-0.497,-0.501,0.000,-39.458,1.719,1.416,2.0
832,-0.497,-0.501,0.000,-39.463,1.692,1.386,2.0
833,-0.497,-0.501,0.000,-39.467,1.672,1.364,2.0
834,-0.497,-0.501,0.000,-39.472,1.655,1.353,2.0
835,-0.497,-0.501,0.000,-39.476,1.646,1.349,2.0
836,-0.497,-0.501,0.000,-39.481,1.647,1.349,2.0
837,-0.497,-0.501,0.000,-39.486,1.655,1.355,2.0
838,-0.497,-0.501,0.000,-39.491,1.671,1.368,2.0
839,-0.497,-0.501,0.000,-39.496,1.693,1.387,2.0
840,-0.497,-0.501,0.000,-39.501,1.724,1.413,2.0
841,-0.497,-0.501,0.000,-39.506,1.716,1.415,2.0
842,-0.497,-0.501,0.000,-39.510,1.689,1.387,2.0
843,-0.497,-0.501,0.000,-39.513,1.669,1.365,2.0
844,-0.497,-0.501,0.000,-39.517,1.654,1.354,2.0
845,-0.497,-0.501,0.000,-39.522,1.645,1.350,2.0
846,-0.497,-0.501,0.000,-39.526,1.646,1.350,2.0
847,-0.497,-0.501,0.000,-39.530,1.655,1.357,2.0
848,-0.497,-0.501,0.000,-39.535,1.671,1.370,2.0
849,-0.497,-0.501,0.000,-39.540,1.694,1.390,2.0
850,-0.497,-0.501,0.000,-39.545,1.724,1.415,2.0
851,-0.497,-0.501,0.000,-39.549,1.714,1.414,2.0
852,-0.497,-0.501,0.000,-39.544,1.686,1.388,2.0
853,-0.497,-0.501,0.000,-39.533,1.667,1.365,2.0
854,-0.497,-0.501,0.000,-39.522,1.653,1.353,2.0
855,-0.497,-0.501,0.000,-39.512,1.645,1.349,2.0
856,-0.497,-0.501,0.000,-39.501,1.647,1.350,2.0
857,-0.497,-0.501,0.000,-39.491,1.656,1.356,2.0
858,-0.497,-0.501,0.000,-39.482,1.673,1.369,2.0
859,-0.497,-0.501,0.000,-39.472,1.696,1.389,2.0
860,-0.497,-0.501,0.000,-39.463,1.728,1.414,2.0
861,-0.497,-0.501,0.000,-39.453,1.702,1.409,2.0
862,-0.497,-0.501,0.000,-39.432,1.643,1.358,2.0
863,-0.497,-0.501,0.000,-39.401,1.592,1.312,2.0
864,-0.497,-0.501,0.000,-39.370,1.554,1.266,2.0
865,-0.497,-0.501,0.000,-39.340,1.519,1.229,2.0
866,-0.497,-0.501,0.000,-39.309,1.485,1.207,2.0
867,-0.497,-0.500,0.000,-39.280,1.460,1.188,2.0
868,-0.497,-0.500,0.000,-39.250,1.444,1.172,2.0
869,-0.497,-0.500,0.000,-39.222,1.434,1.161,2.0
870,-0.497,-0.500,0.000,-39.193,1.430,1.157,2.0
871,-0.497,-0.500,0.000,-39.165,1.433,1.158,2.0
872,-0.497,-0.500,0.000,-39.138,1.442,1.165,2.0
873,-0.497,-0.500,0.000,-39.110,1.458,1.176,2.0
874,-0.497,-0.500,0.000,-39.083,1.480,1.194,2.0
875,-0.497,-0.500,0.000,-39.057,1.509,1.216,2.0
876,-0.497,-0.500,0.000,-39.031,1.545,1.244,2.0
877,-0.497,-0.500,0.000,-39.005,1.588,1.277,2.0
878,-0.497,-0.500,0.000,-38.980,1.638,1.316,2.0
879,-0.497,-0.501,0.000,-38.946,1.693,1.360,2.0
880,-0.497,-0.501,0.000,-38.891,1.752,1.407,2.0
881,-0.497,-0.501,0.000,-38.823,1.729,1.393,2.0
882,-0.496,-0.502,0.000,-38.744,1.673,1.338,2.0
883,-0.496,-0.501,0.000,-38.641,1.632,1.292,2.0
884,-0.496,-0.501,0.000,-38.514,1.594,1.258,2.0
885,-0.496,-0.501,0.000,-38.375,1.554,1.242,2.0
886,-0.496,-0.501,0.000,-38.238,1.538,1.211,2.0
887,-0.496,-0.501,0.000,-38.102,1.518,1.200,2.0
888,-0.496,-0.501,0.000,-37.967,1.509,1.190,2.0
889,-0.496,-0.501,0.000,-37.834,1.511,1.182,2.0
890,-0.496,-0.501,0.000,-37.701,1.518,1.180,2.0
891,-0.496,-0.501,0.000,-37.571,1.531,1.185,2.0
892,-0.496,-0.501,0.000,-37.441,1.551,1.196,2.0
893,-0.496,-0.501,0.000,-37.313,1.579,1.211,2.0
894,-0.496,-0.501,0.000,-37.186,1.614,1.232,2.0
895,-0.496,-0.501,0.000,-37.061,1.656,1.258,2.0
896,-0.496,-0.501,0.000,-36.924,1.705,1.289,2.0
897,-0.496,-0.501,0.000,-36.761,1.763,1.325,2.0
898,-0.496,-0.502,0.000,-36.581,1.775,1.314,2.0
899,-0.496,-0.501,0.000,-36.385,1.732,1.283,2.0
900,-0.497,-0.501,0.000,-36.166,1.697,1.253,2.0
901,-0.497,-0.501,0.000,-35.923,1.676,1.222,2.0
902,-0.497,-0.501,0.000,-35.670,1.661,1.198,2.0
903,-0.497,-0.501,0.000,-35.419,1.652,1.182,2.0
904,-0.497,-0.501,0.000,-35.171,1.651,1.172,2.0
905,-0.497,-0.501,0.000,-34.926,1.672,1.147,2.0
906,-0.497,-0.501,0.000,-34.683,1.681,1.153,2.0
907,-0.497,-0.501,0.000,-34.442,1.701,1.162,2.0
908,-0.497,-0.501,0.000,-34.204,1.731,1.170,2.0
909,-0.497,-0.501,0.000,-33.967,1.769,1.182,2.0
910,-0.497,-0.501,0.000,-33.733,1.814,1.202,2.0
911,-0.496,-0.502,0.000,-33.490,1.863,1.226,2.0
912,-0.496,-0.502,0.000,-33.231,1.860,1.221,2.0
913,-0.494,-0.503,0.000,-32.962,1.820,1.176,2.0
914,-0.494,-0.503,0.000,-32.672,1.795,1.139,2.0
915,-0.494,-0.502,0.000,-32.359,1.776,1.116,2.0
916,-0.494,-0.502,0.000,-32.023,1.765,1.097,2.0
917,-0.494,-0.502,0.000,-31.665,1.764,1.081,2.0
918,-0.494,-0.502,0.000,-31.297,1.772,1.069,2.0
919,-0.494,-0.502,0.000,-30.934,1.786,1.063,2.0
920,-0.494,-0.502,0.000,-30.560,1.810,1.061,2.0
921,-0.494,-0.502,0.000,-30.164,1.842,1.063,2.0
922,-0.495,-0.502,0.000,-29.746,1.883,1.068,2.0
923,-0.495,-0.502,0.000,-29.306,1.933,1.077,2.0
924,-0.495,-0.502,0.000,-28.846,1.961,1.084,2.0
925,-0.494,-0.503,0.000,-28.378,1.929,1.027,2.0
926,-0.493,-0.503,0.000,-27.900,1.897,0.994,2.0
927,-0.493,-0.503,0.000,-27.404,1.876,0.968,2.0
928,-0.494,-0.502,0.000,-26.889,1.868,0.941,2.0
929,-0.494,-0.502,0.000,-26.355,1.869,0.918,2.0
930,-0.494,-0.502,0.000,-25.803,1.877,0.901,2.0
931,-0.495,-0.502,0.000,-25.241,1.892,0.900,2.0
932,-0.495,-0.502,0.000,-24.669,1.917,0.893,2.0
933,-0.496,-0.502,0.000,-24.094,1.954,0.881,2.0
934,-0.496,-0.502,0.000,-23.523,1.998,0.874,2.0
935,-0.496,-0.502,0.000,-22.953,2.043,0.868,2.0
936,-0.496,-0.501,0.000,-22.384,2.029,0.827,2.0
937,-0.497,-0.501,0.000,-21.818,2.016,0.799,2.0
938,-0.497,-0.501,0.000,-21.249,2.012,0.776,2.0
939,-0.497,-0.501,0.000,-20.677,2.015,0.754,2.0
940,-0.497,-0.501,0.000,-20.112,2.027,0.735,2.0
941,-0.497,-0.501,0.000,-19.552,2.048,0.720,2.0
942,-0.497,-0.501,0.000,-18.999,2.077,0.708,2.0
943,-0.497,-0.501,0.000,-18.451,2.116,0.699,2.0
944,-0.497,-0.501,0.000,-17.907,2.116,0.682,2.0
945,-0.497,-0.501,0.000,-17.369,2.088,0.649,2.0
946,-0.497,-0.501,0.000,-16.837,2.070,0.618,2.0
947,-0.497,-0.501,0.000,-16.310,2.061,0.595,2.0
948,-0.497,-0.501,0.000,-15.788,2.060,0.576,2.0
949,-0.497,-0.501,0.000,-15.272,2.069,0.559,2.0
950,-0.497,-0.501,0.000,-14.761,2.087,0.543,2.0
951,-0.497,-0.501,0.000,-14.255,2.115,0.531,2.0
952,-0.497,-0.501,0.000,-13.755,2.152,0.520,2.0
953,-0.497,-0.501,0.000,-13.259,2.178,0.514,2.0
954,-0.497,-0.501,0.000,-12.767,2.147,0.475,2.0
955,-0.497,-0.501,0.000,-12.281,2.119,0.453,2.0
956,-0.497,-0.501,0.000,-11.799,2.101,0.434,2.0
957,-0.497,-0.501,0.000,-11.323,2.094,0.413,2.0
958,-0.497,-0.501,0.000,-10.851,2.096,0.395,2.0
959,-0.497,-0.501,0.000,-10.384,2.107,0.379,2.0
960,-0.497,-0.501,0.000,-9.922,2.128,0.366,2.0
961,-0.497,-0.501,0.000,-9.464,2.159,0.354,2.0
962,-0.497,-0.501,0.000,-9.011,2.199,0.342,2.0
963,-0.497,-0.501,0.000,-8.563,2.203,0.333,2.0
964,-0.497,-0.501,0.000,-8.118,2.167,0.304,2.0
965,-0.497,-0.501,0.000,-7.678,2.141,0.279,2.0
966,-0.497,-0.501,0.000,-7.242,2.124,0.263,2.0
967,-0.497,-0.501,0.000,-6.811,2.116,0.248,2.0
968,-0.497,-0.501,0.000,-6.384,2.119,0.231,2.0
969,-0.497,-0.501,0.000,-5.961,2.132,0.216,2.0
970,-0.497,-0.501,0.000,-5.543,2.153,0.202,2.0
971,-0.497,-0.501,0.000,-5.129,2.185,0.190,2.0
972,-0.497,-0.501,0.000,-4.719,2.226,0.178,2.0
973,-0.497,-0.501,0.000,-4.312,2.214,0.164,2.0
974,-0.497,-0.501,0.000,-3.918,2.178,0.148,2.0
975,-0.498,-0.501,0.000,-3.536,2.155,0.125,2.0
976,-0.498,-0.501,0.000,-3.158,2.140,0.110,2.0
977,-0.498,-0.501,0.000,-2.783,2.133,0.098,2.0
978,-0.498,-0.501,0.000,-2.412,2.137,0.085,2.0
979,-0.498,-0.501,0.000,-2.045,2.150,0.070,2.0
980,-0.498,-0.501,0.000,-1.681,2.172,0.057,2.0
981,-0.498,-0.501,0.000,-1.321,2.204,0.045,2.0
982,-0.498,-0.501,0.000,-0.964,2.240,0.035,2.0
983,-0.498,-0.501,0.000,-0.610,2.207,0.012,2.0
984,-0.498,-0.501,0.000,-0.259,2.173,0.006,2.0
985,-0.498,-0.501,0.000,0.088,2.149,-0.008,2.0
986,-0.498,-0.501,0.000,0.432,2.135,-0.023,2.0
987,-0.498,-0.501,0.000,0.773,2.131,-0.036,2.0
988,-0.498,-0.501,0.000,1.111,2.137,-0.047,2.0
989,-0.498,-0.501,0.000,1.445,2.152,-0.060,2.0
990,-0.498,-0.501,0.000,1.777,2.177,-0.074,2.0
991,-0.498,-0.501,0.000,2.105,2.212,-0.088,2.0
992,-0.498,-0.501,0.000,2.430,2.236,-0.094,2.0
993,-0.498,-0.501,0.000,2.752,2.195,-0.117,2.0
994,-0.498,-0.501,0.000,3.071,2.162,-0.124,2.0
995,-0.498,-0.501,0.000,3.387,2.140,-0.131,2.0
996,-0.498,-0.501,0.000,3.700,2.127,-0.143,2.0
997,-0.498,-0.501,0.000,4.010,2.124,-0.156,2.0
998,-0.498,-0.501,0.000,4.316,2.131,-0.167,2.0
999,-0.498,-0.501,0.000,4.620,2.148,-0.180,2.0
1000,-0.498,-0.501,0.000,4.921,2.174,-0.193,2.0
1001,-0.498,-0.501,0.000,5.219,2.210,-0.208,2.0
1002,-0.498,-0.501,0.000,5.514,2.223,-0.212,2.0
1003,-0.498,-0.501,0.000,5.806,2.180,-0.230,2.0
1004,-0.498,-0.501,0.000,6.095,2.148,-0.239,2.0
1005,-0.498,-0.501,0.000,6.381,2.127,-0.243,2.0
1006,-0.498,-0.501,0.000,6.665,2.115,-0.252,2.0
1007,-0.498,-0.501,0.000,6.945,2.113,-0.264,2.0
1008,-0.498,-0.501,0.000,7.223,2.121,-0.276,2.0
1009,-0.498,-0.501,0.000,7.499,2.138,-0.288,2.0
1010,-0.498,-0.501,0.000,7.772,2.165,-0.302,2.0
1011,-0.498,-0.501,0.000,8.042,2.202,-0.317,2.0
1012,-0.498,-0.501,0.000,8.309,2.206,-0.320,2.0
1013,-0.498,-0.501,0.000,8.573,2.163,-0.332,2.0
1014,-0.498,-0.501,0.000,8.835,2.131,-0.341,2.0
1015,-0.498,-0.501,0.000,9.095,2.111,-0.345,2.0
1016,-0.498,-0.501,0.000,9.352,2.100,-0.351,2.0
1017,-0.498,-0.501,0.000,9.606,2.098,-0.361,2.0
1018,-0.498,-0.501,0.000,9.858,2.107,-0.373,2.0
1019,-0.498,-0.501,0.000,10.107,2.124,-0.385,2.0
1020,-0.498,-0.501,0.000,10.355,2.152,-0.399,2.0
1021,-0.498,-0.501,0.000,10.599,2.189,-0.416,2.0
1022,-0.498,-0.501,0.000,10.841,2.186,-0.418,2.0
1023,-0.498,-0.501,0.000,11.081,2.144,-0.424,2.0
1024,-0.498,-0.501,0.000,11.318,2.113,-0.432,2.0
1025,-0.498,-0.501,0.000,11.553,2.093,-0.435,2.0
1026,-0.498,-0.501,0.000,11.786,2.083,-0.440,2.0
1027,-0.498,-0.501,0.000,12.017,2.082,-0.449,2.0
1028,-0.498,-0.501,0.000,12.245,2.090,-0.460,2.0
1029,-0.498,-0.501,0.000,12.471,2.109,-0.473,2.0
1030,-0.498,-0.501,0.000,12.695,2.136,-0.487,2.0
1031,-0.498,-0.501,0.000,12.917,2.173,-0.505,2.0
1032,-0.498,-0.501,0.000,13.136,2.163,-0.506,2.0
1033,-0.498,-0.501,0.000,13.353,2.123,-0.507,2.0
1034,-0.498,-0.501,0.000,13.568,2.092,-0.513,2.0
1035,-0.498,-0.501,0.000,13.781,2.073,-0.516,2.0
1036,-0.498,-0.501,0.000,13.992,2.064,-0.520,2.0
1037,-0.498,-0.501,0.000,14.201,2.063,-0.528,2.0
1038,-0.498,-0.501,0.000,14.408,2.072,-0.539,2.0
1039,-0.498,-0.501,0.000,14.613,2.091,-0.552,2.0
1040,-0.498,-0.501,0.000,14.816,2.119,-0.567,2.0
1041,-0.498,-0.501,0.000,15.017,2.156,-0.584,2.0
1042,-0.498,-0.501,0.000,15.216,2.141,-0.585,2.0
1043,-0.498,-0.501,0.000,15.412,2.102,-0.582,2.0
1044,-0.498,-0.501,0.000,15.607,2.072,-0.586,2.0
1045,-0.498,-0.501,0.000,15.800,2.053,-0.589,2.0
1046,-0.498,-0.501,0.000,15.991,2.044,-0.592,2.0
1047,-0.498,-0.501,0.000,16.180,2.044,-0.599,2.0
1048,-0.498,-0.501,0.000,16.368,2.053,-0.610,2.0
1049,-0.498,-0.501,0.000,16.554,2.072,-0.623,2.0
1050,-0.498,-0.501,0.000,16.738,2.100,-0.638,2.0
1051,-0.498,-0.501,0.000,16.920,2.137,-0.656,2.0
1052,-0.498,-0.501,0.000,17.100,2.118,-0.656,2.0
1053,-0.497,-0.501,0.000,17.278,2.080,-0.649,2.0
1054,-0.497,-0.501,0.000,17.455,2.051,-0.652,2.0
1055,-0.497,-0.501,0.000,17.630,2.032,-0.654,2.0
1056,-0.497,-0.501,0.000,17.803,2.024,-0.656,2.0
1057,-0.497,-0.501,0.000,17.975,2.025,-0.663,2.0
1058,-0.497,-0.501,0.000,18.145,2.034,-0.673,2.0
1059,-0.497,-0.501,0.000,18.313,2.053,-0.686,2.0
1060,-0.497,-0.501,0.000,18.480,2.082,-0.702,2.0
1061,-0.497,-0.501,0.000,18.645,2.118,-0.720,2.0
1062,-0.497,-0.501,0.000,18.809,2.095,-0.720,2.0
1063,-0.497,-0.501,0.000,18.970,2.059,-0.709,2.0
1064,-0.497,-0.501,0.000,19.130,2.030,-0.710,2.0
1065,-0.497,-0.501,0.000,19.288,2.012,-0.712,2.0
1066,-0.497,-0.501,0.000,19.445,2.004,-0.714,2.0
1067,-0.497,-0.501,0.000,19.601,2.005,-0.720,2.0
1068,-0.497,-0.501,0.000,19.755,2.015,-0.730,2.0
1069,-0.497,-0.501,0.000,19.908,2.034,-0.743,2.0
1070,-0.497,-0.501,0.000,20.059,2.063,-0.760,2.0
1071,-0.497,-0.501,0.000,20.209,2.099,-0.777,2.0
1072,-0.497,-0.501,0.000,20.357,2.073,-0.777,2.0
1073,-0.497,-0.501,0.000,20.503,2.038,-0.764,2.0
1074,-0.497,-0.501,0.000,20.648,2.010,-0.763,2.0
1075,-0.497,-0.501,0.000,20.792,1.992,-0.765,2.0
1076,-0.497,-0.501,0.000,20.934,1.984,-0.766,2.0
1077,-0.497,-0.501,0.000,21.075,1.986,-0.771,2.0
1078,-0.497,-0.501,0.000,21.215,1.996,-0.781,2.0
1079,-0.497,-0.501,0.000,21.354,2.016,-0.795,2.0
1080,-0.497,-0.501,0.000,21.491,2.044,-0.812,2.0
1081,-0.497,-0.501,0.000,21.627,2.080,-0.829,2.0
1082,-0.497,-0.501,0.000,21.761,2.051,-0.828,2.0
1083,-0.497,-0.501,0.000,21.894,2.018,-0.813,2.0
1084,-0.497,-0.501,0.000,22.025,1.990,-0.811,2.0
1085,-0.497,-0.501,0.000,22.155,1.973,-0.811,2.0
1086,-0.497,-0.501,0.000,22.284,1.966,-0.813,2.0
1087,-0.497,-0.501,0.000,22.412,1.968,-0.818,2.0
1088,-0.497,-0.501,0.000,22.539,1.978,-0.827,2.0
1089,-0.497,-0.501,0.000,22.664,1.998,-0.841,2.0
1090,-0.497,-0.501,0.000,22.789,2.027,-0.858,2.0
1091,-0.497,-0.501,0.000,22.912,2.061,-0.875,2.0
1092,-0.497,-0.501,0.000,23.034,2.031,-0.873,2.0
1093,-0.497,-0.501,0.000,23.154,1.998,-0.857,2.0
1094,-0.497,-0.501,0.000,23.273,1.972,-0.853,2.0
1095,-0.497,-0.501,0.000,23.391,1.955,-0.854,2.0
1096,-0.497,-0.501,0.000,23.508,1.948,-0.855,2.0
1097,-0.497,-0.501,0.000,23.624,1.950,-0.859,2.0
1098,-0.497,-0.501,0.000,23.739,1.961,-0.869,2.0
1099,-0.497,-0.501,0.000,23.853,1.981,-0.883,2.0
1100,-0.497,-0.501,0.000,23.966,2.010,-0.900,2.0
1101,-0.497,-0.501,0.000,24.078,2.044,-0.916,2.0
1102,-0.497,-0.501,0.000,24.188,2.011,-0.914,2.0
1103,-0.497,-0.501,0.000,24.297,1.979,-0.897,2.0
1104,-0.497,-0.501,0.000,24.405,1.954,-0.891,2.0
1105,-0.497,-0.501,0.000,24.512,1.937,-0.891,2.0
1106,-0.497,-0.501,0.000,24.618,1.931,-0.892,2.0
1107,-0.497,-0.501,0.000,24.723,1.934,-0.897,2.0
1108,-0.497,-0.501,0.000,24.827,1.945,-0.906,2.0
1109,-0.497,-0.501,0.000,24.931,1.965,-0.920,2.0
1110,-0.497,-0.501,0.000,25.033,1.994,-0.938,2.0
1111,-0.497,-0.501,0.000,25.135,2.027,-0.954,2.0
1112,-0.497,-0.501,0.000,25.234,1.992,-0.951,2.0
1113,-0.497,-0.501,0.000,25.333,1.962,-0.933,2.0
1114,-0.497,-0.501,0.000,25.431,1.937,-0.926,2.0
1115,-0.497,-0.501,0.000,25.528,1.921,-0.925,2.0
1116,-0.497,-0.501,0.000,25.624,1.915,-0.926,2.0
1117,-0.497,-0.501,0.000,25.719,1.918,-0.930,2.0
1118,-0.497,-0.501,0.000,25.814,1.930,-0.940,2.0
1119,-0.497,-0.501,0.000,25.908,1.950,-0.954,2.0
1120,-0.497,-0.501,0.000,26.001,1.979,-0.972,2.0
1121,-0.497,-0.501,0.000,26.093,2.012,-0.987,2.0
1122,-0.497,-0.501,0.000,26.183,1.975,-0.984,2.0
1123,-0.497,-0.501,0.000,26.273,1.945,-0.965,2.0
1124,-0.497,-0.501,0.000,26.362,1.921,-0.956,2.0
1125,-0.497,-0.501,0.000,26.449,1.906,-0.956,2.0
1126,-0.497,-0.501,0.000,26.537,1.900,-0.957,2.0
1127,-0.497,-0.501,0.000,26.623,1.904,-0.961,2.0
1128,-0.497,-0.501,0.000,26.709,1.916,-0.970,2.0
1129,-0.497,-0.501,0.000,26.794,1.936,-0.985,2.0
1130,-0.497,-0.501,0.000,26.879,1.965,-1.003,2.0
1131,-0.497,-0.501,0.000,26.962,1.997,-1.017,2.0
1132,-0.497,-0.501,0.000,27.044,1.958,-1.013,2.0
1133,-0.497,-0.501,0.000,27.125,1.929,-0.994,2.0
1134,-0.497,-0.501,0.000,27.206,1.907,-0.984,2.0
1135,-0.497,-0.501,0.000,27.285,1.891,-0.983,2.0
1136,-0.497,-0.501,0.000,27.364,1.886,-0.984,2.0
1137,-0.497,-0.501,0.000,27.443,1.890,-0.988,2.0
1138,-0.497,-0.501,0.000,27.521,1.902,-0.998,2.0
1139,-0.497,-0.501,0.000,27.598,1.923,-1.012,2.0
1140,-0.497,-0.501,0.000,27.675,1.953,-1.031,2.0
1141,-0.497,-0.501,0.000,27.751,1.983,-1.043,2.0
1142,-0.497,-0.501,0.000,27.825,1.943,-1.039,2.0
1143,-0.497,-0.501,0.000,27.898,1.914,-1.020,2.0
1144,-0.497,-0.501,0.000,27.971,1.893,-1.009,2.0
1145,-0.497,-0.501,0.000,28.043,1.878,-1.007,2.0
1146,-0.497,-0.501,0.000,28.115,1.873,-1.009,2.0
1147,-0.497,-0.501,0.000,28.186,1.877,-1.013,2.0
1148,-0.497,-0.501,0.000,28.257,1.890,-1.022,2.0
1149,-0.497,-0.501,0.000,28.327,1.911,-1.037,2.0
1150,-0.497,-0.501,0.000,28.397,1.941,-1.056,2.0
1151,-0.497,-0.501,0.000,28.466,1.969,-1.067,2.0
1152,-0.497,-0.501,0.000,28.533,1.928,-1.062,2.0
1153,-0.497,-0.501,0.000,28.599,1.900,-1.043,2.0
1154,-0.497,-0.501,0.000,28.665,1.880,-1.032,2.0
1155,-0.497,-0.501,0.000,28.731,1.866,-1.029,2.0
1156,-0.497,-0.501,0.000,28.796,1.861,-1.031,2.0
1157,-0.497,-0.501,0.000,28.861,1.866,-1.035,2.0
1158,-0.497,-0.501,0.000,28.925,1.879,-1.045,2.0
1159,-0.497,-0.501,0.000,28.989,1.900,-1.060,2.0
1160,-0.497,-0.501,0.000,29.052,1.930,-1.079,2.0
1161,-0.497,-0.501,0.000,29.114,1.957,-1.089,2.0
1162,-0.497,-0.501,0.000,29.175,1.915,-1.083,2.0
1163,-0.497,-0.501,0.000,29.235,1.887,-1.064,2.0
1164,-0.497,-0.501,0.000,29.295,1.867,-1.052,2.0
1165,-0.497,-0.501,0.000,29.355,1.854,-1.049,2.0
1166,-0.497,-0.501,0.000,29.414,1.850,-1.051,2.0
1167,-0.497,-0.501,0.000,29.472,1.855,-1.055,2.0
1168,-0.497,-0.501,0.000,29.531,1.868,-1.065,2.0
1169,-0.497,-0.501,0.000,29.588,1.890,-1.080,2.0
1170,-0.497,-0.501,0.000,29.646,1.920,-1.100,2.0
1171,-0.497,-0.501,0.000,29.703,1.945,-1.108,2.0
1172,-0.497,-0.501,0.000,29.758,1.903,-1.101,2.0
1173,-0.497,-0.501,0.000,29.812,1.875,-1.083,2.0
1174,-0.497,-0.501,0.000,29.867,1.856,-1.070,2.0
1175,-0.497,-0.501,0.000,29.921,1.844,-1.067,2.0
1176,-0.497,-0.501,0.000,29.974,1.840,-1.069,2.0
1177,-0.497,-0.501,0.000,30.027,1.845,-1.074,2.0
1178,-0.497,-0.501,0.000,30.080,1.859,-1.083,2.0
1179,-0.497,-0.501,0.000,30.133,1.881,-1.099,2.0
1180,-0.497,-0.501,0.000,30.185,1.911,-1.119,2.0
1181,-0.497,-0.501,0.000,30.236,1.934,-1.125,2.0
1182,-0.497,-0.501,0.000,30.286,1.891,-1.117,2.0
1183,-0.497,-0.501,0.000,30.336,1.864,-1.100,2.0
1184,-0.497,-0.501,0.000,30.385,1.846,-1.087,2.0
1185,-0.497,-0.501,0.000,30.434,1.834,-1.083,2.0
1186,-0.497,-0.501,0.000,30.482,1.830,-1.085,2.0
1187,-0.497,-0.501,0.000,30.531,1.836,-1.090,2.0
1188,-0.497,-0.501,0.000,30.579,1.850,-1.100,2.0
1189,-0.497,-0.501,0.000,30.626,1.872,-1.115,2.0
1190,-0.497,-0.501,0.000,30.674,1.903,-1.136,2.0
1191,-0.497,-0.501,0.000,30.720,1.924,-1.140,2.0
1192,-0.497,-0.501,0.000,30.765,1.881,-1.132,2.0
1193,-0.497,-0.501,0.000,30.810,1.854,-1.115,2.0
1194,-0.497,-0.501,0.000,30.855,1.836,-1.102,2.0
1195,-0.497,-0.501,0.000,30.899,1.825,-1.098,2.0
1196,-0.497,-0.501,0.000,30.944,1.821,-1.100,2.0
1197,-0.497,-0.501,0.000,30.987,1.827,-1.105,2.0
1198,-0.497,-0.501,0.000,31.031,1.842,-1.115,2.0
1199,-0.497,-0.501,0.000,31.074,1.865,-1.131,2.0
1200,-0.497,-0.501,0.000,31.117,1.896,-1.151,2.0
1201,-0.497,-0.501,0.000,31.160,1.914,-1.154,2.0
1202,-0.497,-0.501,0.000,31.200,1.872,-1.144,2.0
1203,-0.497,-0.501,0.000,31.241,1.844,-1.129,2.0
1204,-0.497,-0.501,0.000,31.282,1.827,-1.116,2.0
1205,-0.497,-0.501,0.000,31.322,1.816,-1.111,2.0
1206,-0.497,-0.501,0.000,31.362,1.814,-1.113,2.0
1207,-0.497,-0.501,0.000,31.402,1.820,-1.119,2.0
1208,-0.497,-0.501,0.000,31.441,1.835,-1.129,2.0
1209,-0.497,-0.501,0.000,31.481,1.858,-1.144,2.0
1210,-0.497,-0.501,0.000,31.520,1.889,-1.166,2.0
1211,-0.497,-0.501,0.000,31.558,1.905,-1.167,2.0
1212,-0.497,-0.501,0.000,31.595,1.863,-1.156,2.0
1213,-0.497,-0.501,0.000,31.632,1.835,-1.141,2.0
1214,-0.497,-0.501,0.000,31.669,1.819,-1.128,2.0
1215,-0.497,-0.501,0.000,31.705,1.809,-1.123,2.0
1216,-0.497,-0.501,0.000,31.741,1.806,-1.125,2.0
1217,-0.497,-0.501,0.000,31.778,1.813,-1.131,2.0
1218,-0.497,-0.501,0.000,31.813,1.828,-1.141,2.0
1219,-0.497,-0.501,0.000,31.849,1.852,-1.157,2.0
1220,-0.497,-0.501,0.000,31.885,1.883,-1.178,2.0
1221,-0.497,-0.501,0.000,31.920,1.896,-1.178,2.0
1222,-0.497,-0.501,0.000,31.953,1.855,-1.166,2.0
1223,-0.497,-0.501,0.000,31.986,1.827,-1.152,2.0
1224,-0.497,-0.501,0.000,32.020,1.811,-1.139,2.0
1225,-0.497,-0.501,0.000,32.053,1.802,-1.134,2.0
1226,-0.497,-0.501,0.000,32.086,1.800,-1.136,2.0
1227,-0.497,-0.501,0.000,32.119,1.807,-1.142,2.0
1228,-0.497,-0.501,0.000,32.151,1.822,-1.152,2.0
1229,-0.497,-0.501,0.000,32.184,1.846,-1.169,2.0
1230,-0.497,-0.501,0.000,32.216,1.878,-1.190,2.0
1231,-0.497,-0.501,0.000,32.248,1.888,-1.188,2.0
1232,-0.497,-0.501,0.000,32.278,1.848,-1.175,2.0
1233,-0.497,-0.501,0.000,32.308,1.820,-1.162,2.0
1234,-0.497,-0.501,0.000,32.338,1.804,-1.149,2.0
1235,-0.497,-0.501,0.000,32.368,1.795,-1.144,2.0
1236,-0.497,-0.501,0.000,32.398,1.794,-1.145,2.0
1237,-0.497,-0.501,0.000,32.428,1.801,-1.152,2.0
1238,-0.497,-0.501,0.000,32.458,1.817,-1.163,2.0
1239,-0.497,-0.501,0.000,32.487,1.841,-1.179,2.0
1240,-0.497,-0.501,0.000,32.517,1.873,-1.201,2.0
1241,-0.497,-0.501,0.000,32.545,1.880,-1.197,2.0
1242,-0.497,-0.501,0.000,32.573,1.841,-1.182,2.0
1243,-0.497,-0.501,0.000,32.600,1.813,-1.170,2.0
1244,-0.497,-0.501,0.000,32.627,1.797,-1.158,2.0
1245,-0.497,-0.501,0.000,32.655,1.789,-1.152,2.0
1246,-0.497,-0.501,0.000,32.682,1.788,-1.154,2.0
1247,-0.497,-0.501,0.000,32.709,1.796,-1.161,2.0
1248,-0.497,-0.501,0.000,32.736,1.812,-1.172,2.0
1249,-0.497,-0.501,0.000,32.763,1.836,-1.189,2.0
1250,-0.497,-0.501,0.000,32.789,1.869,-1.211,2.0
1251,-0.497,-0.501,0.000,32.815,1.872,-1.205,2.0
1252,-0.497,-0.501,0.000,32.840,1.835,-1.189,2.0
1253,-0.497,-0.501,0.000,32.865,1.807,-1.178,2.0
1254,-0.497,-0.501,0.000,32.890,1.791,-1.166,2.0
1255,-0.497,-0.501,0.000,32.914,1.784,-1.161,2.0
1256,-0.497,-0.501,0.000,32.939,1.783,-1.162,2.0
1257,-0.497,-0.501,0.000,32.964,1.791,-1.169,2.0
1258,-0.497,-0.501,0.000,32.988,1.808,-1.181,2.0
1259,-0.497,-0.501,0.000,33.012,1.832,-1.197,2.0
1260,-0.497,-0.501,0.000,33.037,1.865,-1.220,2.0
1261,-0.497,-0.501,0.000,33.060,1.865,-1.213,2.0
1262,-0.497,-0.500,0.000,33.083,1.829,-1.196,2.0
1263,-0.497,-0.501,0.000,33.105,1.801,-1.185,2.0
1264,-0.497,-0.501,0.000,33.128,1.786,-1.174,2.0
1265,-0.497,-0.500,0.000,33.150,1.779,-1.168,2.0
1266,-0.497,-0.500,0.000,33.172,1.779,-1.169,2.0
1267,-0.497,-0.500,0.000,33.195,1.787,-1.177,2.0
1268,-0.497,-0.500,0.000,33.217,1.804,-1.188,2.0
1269,-0.497,-0.500,0.000,33.239,1.829,-1.205,2.0
1270,-0.497,-0.500,0.000,33.261,1.862,-1.228,2.0
1271,-0.497,-0.500,0.000,33.283,1.859,-1.220,2.0
1272,-0.497,-0.500,0.000,33.303,1.824,-1.201,2.0
1273,-0.497,-0.500,0.000,33.323,1.796,-1.191,2.0
1274,-0.497,-0.500,0.000,33.344,1.781,-1.181,2.0
1275,-0.497,-0.500,0.000,33.364,1.774,-1.175,2.0
1276,-0.497,-0.500,0.000,33.384,1.775,-1.176,2.0
1277,-0.497,-0.500,0.000,33.405,1.783,-1.184,2.0
1278,-0.497,-0.500,0.000,33.425,1.800,-1.196,2.0
1279,-0.497,-0.500,0.000,33.445,1.825,-1.213,2.0
1280,-0.497,-0.500,0.000,33.465,1.859,-1.235,2.0
1281,-0.497,-0.500,0.000,33.484,1.852,-1.226,2.0
1282,-0.497,-0.500,0.000,33.503,1.819,-1.207,2.0
1283,-0.497,-0.500,0.000,33.521,1.792,-1.196,2.0
1284,-0.497,-0.500,0.000,33.540,1.776,-1.186,2.0
1285,-0.497,-0.500,0.000,33.558,1.770,-1.181,2.0
1286,-0.497,-0.500,0.000,33.577,1.771,-1.182,2.0
1287,-0.497,-0.500,0.000,33.595,1.780,-1.190,2.0
1288,-0.497,-0.500,0.000,33.613,1.797,-1.202,2.0
1289,-0.497,-0.500,0.000,33.632,1.823,-1.220,2.0
1290,-0.497,-0.500,0.000,33.650,1.856,-1.242,2.0
1291,-0.497,-0.500,0.000,33.667,1.846,-1.232,2.0
1292,-0.497,-0.500,0.000,33.684,1.814,-1.211,2.0
1293,-0.497,-0.500,0.000,33.701,1.787,-1.201,2.0
1294,-0.497,-0.500,0.000,33.718,1.772,-1.192,2.0
1295,-0.497,-0.500,0.000,33.734,1.766,-1.186,2.0
1296,-0.497,-0.500,0.000,33.751,1.768,-1.188,2.0
1297,-0.497,-0.500,0.000,33.768,1.777,-1.195,2.0
1298,-0.497,-0.500,0.000,33.784,1.794,-1.208,2.0
1299,-0.497,-0.500,0.000,33.801,1.820,-1.226,2.0
1300,-0.497,-0.500,0.000,33.818,1.854,-1.248,2.0
1301,-0.497,-0.500,0.000,33.834,1.840,-1.238,2.0
1302,-0.497,-0.500,0.000,33.849,1.810,-1.216,2.0
1303,-0.497,-0.500,0.000,33.864,1.784,-1.205,2.0
1304,-0.497,-0.500,0.000,33.879,1.768,-1.197,2.0
1305,-0.497,-0.500,0.000,33.894,1.763,-1.191,2.0
1306,-0.497,-0.500,0.000,33.909,1.765,-1.193,2.0
1307,-0.497,-0.500,0.000,33.925,1.774,-1.201,2.0
1308,-0.497,-0.500,0.000,33.940,1.792,-1.213,2.0
1309,-0.497,-0.500,0.000,33.955,1.818,-1.231,2.0
1310,-0.497,-0.500,0.000,33.970,1.852,-1.253,2.0
1311,-0.497,-0.500,0.000,33.984,1.835,-1.243,2.0
1312,-0.497,-0.500,0.000,33.998,1.805,-1.219,2.0
1313,-0.497,-0.500,0.000,34.012,1.780,-1.209,2.0
1314,-0.497,-0.500,0.000,34.025,1.765,-1.201,2.0
1315,-0.497,-0.500,0.000,34.039,1.760,-1.196,2.0
1316,-0.497,-0.500,0.000,34.053,1.762,-1.197,2.0
1317,-0.497,-0.500,0.000,34.067,1.772,-1.205,2.0
1318,-0.497,-0.500,0.000,34.081,1.790,-1.218,2.0
1319,-0.497,-0.500,0.000,34.095,1.816,-1.237,2.0
1320,-0.497,-0.500,0.000,34.109,1.850,-1.258,2.0
1321,-0.497,-0.500,0.000,34.121,1.830,-1.247,2.0
1322,-0.497,-0.500,0.000,34.134,1.801,-1.223,2.0
1323,-0.497,-0.500,0.000,34.146,1.777,-1.212,2.0
1324,-0.497,-0.500,0.000,34.158,1.762,-1.205,2.0
1325,-0.497,-0.500,0.000,34.171,1.757,-1.200,2.0
1326,-0.497,-0.500,0.000,34.183,1.760,-1.201,2.0
1327,-0.497,-0.500,0.000,34.196,1.770,-1.210,2.0
1328,-0.497,-0.500,0.000,34.209,1.788,-1.223,2.0
1329,-0.497,-0.500,0.000,34.221,1.815,-1.242,2.0
1330,-0.497,-0.500,0.000,34.234,1.848,-1.263,2.0
1331,-0.497,-0.500,0.000,34.245,1.825,-1.251,2.0
1332,-0.497,-0.500,0.000,34.257,1.798,-1.226,2.0
1333,-0.497,-0.500,0.000,34.268,1.774,-1.215,2.0
1334,-0.497,-0.500,0.000,34.279,1.759,-1.208,2.0
1335,-0.497,-0.500,0.000,34.290,1.754,-1.204,2.0
1336,-0.497,-0.500,0.000,34.302,1.757,-1.205,2.0
1337,-0.497,-0.500,0.000,34.313,1.768,-1.214,2.0
1338,-0.497,-0.500,0.000,34.325,1.787,-1.227,2.0
1339,-0.497,-0.500,0.000,34.336,1.814,-1.246,2.0
1340,-0.497,-0.500,0.000,34.348,1.847,-1.266,2.0
1341,-0.497,-0.500,0.000,34.358,1.820,-1.255,2.0
1342,-0.497,-0.500,0.000,34.368,1.794,-1.230,2.0
1343,-0.497,-0.500,0.000,34.378,1.771,-1.217,2.0
1344,-0.497,-0.500,0.000,34.389,1.756,-1.211,2.0
1345,-0.497,-0.500,0.000,34.399,1.752,-1.207,2.0
1346,-0.497,-0.500,0.000,34.409,1.755,-1.209,2.0
1347,-0.497,-0.500,0.000,34.420,1.766,-1.217,2.0
1348,-0.497,-0.500,0.000,34.430,1.785,-1.231,2.0
1349,-0.497,-0.500,0.000,34.441,1.813,-1.250,2.0
1350,-0.497,-0.500,0.000,34.451,1.845,-1.269,2.0
1351,-0.497,-0.500,0.000,34.460,1.816,-1.258,2.0
1352,-0.497,-0.500,0.000,34.462,1.791,-1.232,2.0
1353,-0.497,-0.500,0.000,34.456,1.769,-1.219,2.0
1354,-0.497,-0.500,0.000,34.451,1.755,-1.213,2.0
1355,-0.497,-0.500,0.000,34.446,1.751,-1.209,2.0
1356,-0.497,-0.500,0.000,34.441,1.755,-1.210,2.0
1357,-0.497,-0.500,0.000,34.437,1.767,-1.218,2.0
1358,-0.497,-0.500,0.000,34.432,1.786,-1.232,2.0
1359,-0.497,-0.500,0.000,34.428,1.814,-1.251,2.0
1360,-0.497,-0.500,0.000,34.424,1.847,-1.268,2.0
1361,-0.497,-0.500,0.000,34.419,1.815,-1.257,2.0
1362,-0.497,-0.500,0.000,34.414,1.790,-1.230,2.0
1363,-0.497,-0.500,0.000,34.409,1.769,-1.217,2.0
1364,-0.497,-0.500,0.000,34.404,1.755,-1.210,2.0
1365,-0.497,-0.500,0.000,34.399,1.751,-1.207,2.0
1366,-0.497,-0.500,0.000,34.395,1.756,-1.209,2.0
1367,-0.497,-0.500,0.000,34.391,1.768,-1.217,2.0
1368,-0.497,-0.500,0.000,34.387,1.788,-1.231,2.0
1369,-0.497,-0.500,0.000,34.383,1.817,-1.250,2.0
1370,-0.497,-0.500,0.000,34.380,1.848,-1.266,2.0
1371,-0.497,-0.500,0.000,34.375,1.814,-1.255,2.0
1372,-0.497,-0.500,0.000,34.362,1.790,-1.229,2.0
1373,-0.497,-0.500,0.000,34.343,1.770,-1.214,2.0
1374,-0.497,-0.500,0.000,34.323,1.757,-1.208,2.0
1375,-0.497,-0.500,0.000,34.304,1.754,-1.205,2.0
1376,-0.497,-0.500,0.000,34.286,1.759,-1.206,2.0
1377,-0.497,-0.500,0.000,34.268,1.772,-1.214,2.0
1378,-0.497,-0.500,0.000,34.250,1.793,-1.228,2.0
1379,-0.497,-0.500,0.000,34.232,1.822,-1.247,2.0
1380,-0.497,-0.500,0.000,34.215,1.852,-1.260,2.0
1381,-0.497,-0.500,0.000,34.197,1.816,-1.248,2.0
1382,-0.497,-0.500,0.000,34.179,1.792,-1.223,2.0
1383,-0.497,-0.500,0.000,34.161,1.773,-1.208,2.0
1384,-0.497,-0.500,0.000,34.143,1.760,-1.201,2.0
1385,-0.497,-0.500,0.000,34.126,1.757,-1.199,2.0
1386,-0.497,-0.500,0.000,34.109,1.763,-1.201,2.0
1387,-0.497,-0.500,0.000,34.093,1.776,-1.209,2.0
1388,-0.497,-0.500,0.000,34.077,1.797,-1.223,2.0
1389,-0.497,-0.500,0.000,34.061,1.827,-1.242,2.0
1390,-0.497,-0.500,0.000,34.045,1.856,-1.254,2.0
1391,-0.497,-0.500,0.000,34.029,1.818,-1.242,2.0
1392,-0.497,-0.500,0.000,34.012,1.794,-1.218,2.0
1393,-0.497,-0.500,0.000,33.996,1.776,-1.202,2.0
1394,-0.497,-0.500,0.000,33.980,1.764,-1.196,2.0
1395,-0.497,-0.500,0.000,33.964,1.760,-1.194,2.0
1396,-0.497,-0.500,0.000,33.949,1.766,-1.196,2.0
1397,-0.497,-0.500,0.000,33.934,1.780,-1.204,2.0
1398,-0.497,-0.500,0.000,33.920,1.801,-1.219,2.0
1399,-0.497,-0.500,0.000,33.906,1.831,-1.238,2.0
1400,-0.497,-0.500,0.000,33.891,1.860,-1.248,2.0
1401,-0.497,-0.500,0.000,33.876,1.821,-1.237,2.0
1402,-0.497,-0.500,0.000,33.861,1.796,-1.213,2.0
1403,-0.497,-0.500,0.000,33.846,1.778,-1.197,2.0
1404,-0.497,-0.500,0.000,33.832,1.767,-1.191,2.0
1405,-0.497,-0.500,0.000,33.818,1.763,-1.190,2.0
1406,-0.497,-0.500,0.000,33.804,1.770,-1.192,2.0
1407,-0.497,-0.500,0.000,33.791,1.784,-1.200,2.0
1408,-0.497,-0.500,0.000,33.777,1.805,-1.215,2.0
1409,-0.497,-0.500,0.000,33.764,1.835,-1.234,2.0
1410,-0.497,-0.500,0.000,33.752,1.862,-1.243,2.0
1411,-0.497,-0.500,0.000,33.738,1.823,-1.231,2.0
1412,-0.497,-0.500,0.000,33.724,1.798,-1.208,2.0
1413,-0.497,-0.500,0.000,33.711,1.781,-1.193,2.0
1414,-0.497,-0.500,0.000,33.698,1.769,-1.186,2.0
1415,-0.497,-0.500,0.000,33.685,1.766,-1.186,2.0
1416,-0.497,-0.500,0.000,33.672,1.773,-1.188,2.0
1417,-0.497,-0.500,0.000,33.660,1.787,-1.197,2.0
1418,-0.497,-0.500,0.000,33.648,1.809,-1.211,2.0
1419,-0.497,-0.500,0.000,33.637,1.839,-1.231,2.0
1420,-0.497,-0.500,0.000,33.625,1.865,-1.238,2.0
1421,-0.497,-0.500,0.000,33.612,1.824,-1.226,2.0
1422,-0.497,-0.500,0.000,33.600,1.799,-1.204,2.0
1423,-0.497,-0.500,0.000,33.587,1.783,-1.189,2.0
1424,-0.497,-0.500,0.000,33.576,1.772,-1.182,2.0
1425,-0.497,-0.500,0.000,33.564,1.769,-1.182,2.0
1426,-0.497,-0.500,0.000,33.553,1.775,-1.185,2.0
1427,-0.497,-0.500,0.000,33.542,1.790,-1.194,2.0
1428,-0.497,-0.500,0.000,33.531,1.812,-1.208,2.0
1429,-0.497,-0.500,0.000,33.520,1.843,-1.228,2.0
1430,-0.497,-0.500,0.000,33.510,1.867,-1.234,2.0
1431,-0.497,-0.500,0.000,33.498,1.826,-1.221,2.0
1432,-0.497,-0.500,0.000,33.487,1.801,-1.201,2.0
1433,-0.497,-0.500,0.000,33.476,1.784,-1.185,2.0
1434,-0.497,-0.500,0.000,33.465,1.774,-1.179,2.0
1435,-0.497,-0.500,0.000,33.454,1.771,-1.178,2.0
1436,-0.497,-0.500,0.000,33.444,1.778,-1.182,2.0
1437,-0.497,-0.500,0.000,33.434,1.793,-1.191,2.0
1438,-0.497,-0.500,0.000,33.425,1.816,-1.205,2.0
1439,-0.497,-0.500,0.000,33.415,1.847,-1.226,2.0
1440,-0.497,-0.500,0.000,33.406,1.868,-1.229,2.0
1441,-0.497,-0.500,0.000,33.395,1.827,-1.217,2.0
1442,-0.497,-0.500,0.000,33.385,1.802,-1.197,2.0
1443,-0.497,-0.500,0.000,33.374,1.786,-1.182,2.0
1444,-0.497,-0.500,0.000,33.365,1.776,-1.175,2.0
1445,-0.497,-0.500,0.000,33.355,1.774,-1.175,2.0
1446,-0.497,-0.500,0.000,33.346,1.780,-1.179,2.0
1447,-0.497,-0.500,0.000,33.337,1.796,-1.188,2.0
1448,-0.497,-0.500,0.000,33.328,1.819,-1.203,2.0
1449,-0.497,-0.500,0.000,33.320,1.850,-1.223,2.0
1450,-0.497,-0.500,0.000,33.311,1.869,-1.225,2.0
1451,-0.497,-0.500,0.000,33.301,1.829,-1.212,2.0
1452,-0.497,-0.500,0.000,33.292,1.802,-1.194,2.0
1453,-0.497,-0.500,0.000,33.283,1.787,-1.179,2.0
1454,-0.497,-0.500,0.000,33.274,1.778,-1.172,2.0
1455,-0.497,-0.500,0.000,33.265,1.776,-1.172,2.0
1456,-0.497,-0.500,0.000,33.257,1.783,-1.177,2.0
1457,-0.497,-0.500,0.000,33.249,1.798,-1.186,2.0
1458,-0.497,-0.500,0.000,33.241,1.822,-1.201,2.0
1459,-0.497,-0.500,0.000,33.233,1.853,-1.221,2.0
1460,-0.497,-0.500,0.000,33.225,1.870,-1.221,2.0
1461,-0.497,-0.500,0.000,33.216,1.830,-1.208,2.0
1462,-0.497,-0.500,0.000,33.208,1.803,-1.191,2.0
1463,-0.497,-0.500,0.000,33.199,1.788,-1.176,2.0
1464,-0.497,-0.500,0.000,33.191,1.779,-1.169,2.0
1465,-0.497,-0.500,0.000,33.183,1.778,-1.170,2.0
1466,-0.497,-0.500,0.000,33.176,1.785,-1.175,2.0
1467,-0.497,-0.500,0.000,33.168,1.801,-1.184,2.0
1468,-0.497,-0.500,0.000,33.161,1.825,-1.199,2.0
1469,-0.497,-0.500,0.000,33.154,1.856,-1.220,2.0
1470,-0.497,-0.500,0.000,33.147,1.870,-1.218,2.0
1471,-0.497,-0.500,0.000,33.139,1.831,-1.204,2.0
1472,-0.497,-0.500,0.000,33.131,1.804,-1.188,2.0
1473,-0.497,-0.500,0.000,33.124,1.789,-1.174,2.0
1474,-0.497,-0.500,0.000,33.116,1.780,-1.167,2.0
1475,-0.497,-0.500,0.000,33.109,1.779,-1.168,2.0
1476,-0.497,-0.500,0.000,33.102,1.787,-1.173,2.0
1477,-0.497,-0.500,0.000,33.096,1.803,-1.182,2.0
1478,-0.497,-0.500,0.000,33.089,1.827,-1.198,2.0
1479,-0.497,-0.500,0.000,33.083,1.859,-1.218,2.0
1480,-0.497,-0.500,0.000,33.077,1.870,-1.215,2.0
1481,-0.497,-0.500,0.000,33.069,1.831,-1.200,2.0
1482,-0.497,-0.500,0.000,33.062,1.804,-1.186,2.0
1483,-0.497,-0.500,0.000,33.055,1.789,-1.172,2.0
1484,-0.497,-0.500,0.000,33.049,1.782,-1.165,2.0
1485,-0.497,-0.500,0.000,33.042,1.781,-1.165,2.0
1486,-0.497,-0.500,0.000,33.036,1.789,-1.171,2.0
1487,-0.497,-0.500,0.000,33.030,1.805,-1.181,2.0
1488,-0.497,-0.500,0.000,33.024,1.830,-1.196,2.0
1489,-0.497,-0.500,0.000,33.019,1.862,-1.217,2.0
1490,-0.497,-0.500,0.000,33.013,1.870,-1.212,2.0
1491,-0.497,-0.500,0.000,33.006,1.832,-1.196,2.0
1492,-0.497,-0.500,0.000,32.999,1.805,-1.183,2.0
1493,-0.497,-0.500,0.000,32.993,1.790,-1.170,2.0
1494,-0.497,-0.500,0.000,32.987,1.783,-1.163,2.0
1495,-0.497,-0.500,0.000,32.981,1.782,-1.164,2.0
1496,-0.497,-0.500,0.000,32.976,1.790,-1.169,2.0
1497,-0.497,-0.500,0.000,32.970,1.807,-1.180,2.0
1498,-0.497,-0.500,0.000,32.965,1.832,-1.195,2.0
1499,-0.497,-0.500,0.000,32.960,1.865,-1.216,2.0
1500,-0.497,-0.500,0.000,32.955,1.869,-1.210,2.0
1501,-0.497,-0.500,0.000,32.941,1.834,-1.193,2.0
1502,-0.497,-0.500,0.000,32.920,1.807,-1.181,2.0
1503,-0.497,-0.500,0.000,32.900,1.793,-1.168,2.0
1504,-0.497,-0.500,0.000,32.880,1.786,-1.161,2.0
1505,-0.497,-0.500,0.000,32.860,1.787,-1.161,2.0
1506,-0.497,-0.500,0.000,32.841,1.796,-1.167,2.0
1507,-0.497,-0.500,0.000,32.822,1.813,-1.177,2.0
1508,-0.497,-0.500,0.000,32.804,1.839,-1.192,2.0
1509,-0.497,-0.500,0.000,32.786,1.873,-1.213,2.0
1510,-0.497,-0.500,0.000,32.767,1.868,-1.203,2.0
1511,-0.497,-0.500,0.000,32.748,1.835,-1.183,2.0
1512,-0.497,-0.500,0.000,32.729,1.808,-1.172,2.0
1513,-0.497,-0.500,0.000,32.710,1.794,-1.161,2.0
1514,-0.497,-0.500,0.000,32.692,1.788,-1.154,2.0
1515,-0.497,-0.500,0.000,32.675,1.790,-1.155,2.0
1516,-0.497,-0.500,0.000,32.657,1.800,-1.161,2.0
1517,-0.497,-0.500,0.000,32.640,1.818,-1.172,2.0
1518,-0.497,-0.500,0.000,32.623,1.845,-1.188,2.0
1519,-0.497,-0.500,0.000,32.607,1.879,-1.208,2.0
1520,-0.497,-0.500,0.000,32.590,1.867,-1.198,2.0
1521,-0.497,-0.500,0.000,32.572,1.836,-1.175,2.0
1522,-0.497,-0.500,0.000,32.555,1.811,-1.164,2.0
1523,-0.497,-0.500,0.000,32.539,1.796,-1.155,2.0
1524,-0.497,-0.500,0.000,32.522,1.791,-1.149,2.0
1525,-0.497,-0.500,0.000,32.506,1.794,-1.149,2.0
1526,-0.497,-0.500,0.000,32.490,1.804,-1.156,2.0
1527,-0.497,-0.500,0.000,32.475,1.822,-1.167,2.0
1528,-0.497,-0.500,0.000,32.460,1.850,-1.184,2.0
1529,-0.497,-0.500,0.000,32.445,1.884,-1.204,2.0
1530,-0.497,-0.500,0.000,32.429,1.868,-1.193,2.0
1531,-0.497,-0.500,0.000,32.406,1.838,-1.169,2.0
1532,-0.497,-0.499,0.000,32.375,1.814,-1.157,2.0
1533,-0.497,-0.499,0.000,32.345,1.799,-1.148,2.0
1534,-0.497,-0.499,0.000,32.316,1.795,-1.142,2.0
1535,-0.497,-0.499,0.000,32.287,1.798,-1.142,2.0
1536,-0.497,-0.499,0.000,32.258,1.809,-1.149,2.0
1537,-0.497,-0.499,0.000,32.230,1.828,-1.160,2.0
1538,-0.497,-0.499,0.000,32.202,1.856,-1.176,2.0
1539,-0.497,-0.499,0.000,32.175,1.891,-1.195,2.0
1540,-0.497,-0.499,0.000,32.147,1.872,-1.184,2.0
1541,-0.497,-0.499,0.000,32.111,1.844,-1.159,2.0
1542,-0.497,-0.499,0.000,32.068,1.820,-1.147,2.0
1543,-0.497,-0.499,0.000,32.026,1.805,-1.138,2.0
1544,-0.497,-0.499,0.000,31.985,1.801,-1.132,2.0
1545,-0.497,-0.499,0.000,31.945,1.805,-1.132,2.0
1546,-0.497,-0.499,0.000,31.905,1.817,-1.138,2.0
1547,-0.497,-0.499,0.000,31.865,1.836,-1.149,2.0
1548,-0.497,-0.499,0.000,31.826,1.865,-1.165,2.0
1549,-0.497,-0.499,0.000,31.788,1.900,-1.183,2.0
1550,-0.497,-0.499,0.000,31.748,1.878,-1.171,2.0
1551,-0.497,-0.499,0.000,31.702,1.851,-1.145,2.0
1552,-0.497,-0.499,0.000,31.648,1.828,-1.133,2.0
1553,-0.497,-0.499,0.000,31.596,1.813,-1.124,2.0
1554,-0.497,-0.499,0.000,31.544,1.810,-1.118,2.0
1555,-0.497,-0.499,0.000,31.493,1.814,-1.118,2.0
1556,-0.497,-0.499,0.000,31.442,1.826,-1.123,2.0
1557,-0.497,-0.499,0.000,31.393,1.847,-1.134,2.0
1558,-0.497,-0.499,0.000,31.343,1.876,-1.150,2.0
1559,-0.497,-0.499,0.000,31.295,1.911,-1.166,2.0
1560,-0.497,-0.499,0.000,31.246,1.886,-1.154,2.0
1561,-0.497,-0.499,0.000,31.189,1.860,-1.128,2.0
1562,-0.497,-0.499,0.000,31.126,1.837,-1.115,2.0
1563,-0.497,-0.499,0.000,31.064,1.823,-1.107,2.0
1564,-0.497,-0.499,0.000,31.003,1.820,-1.101,2.0
1565,-0.497,-0.499,0.000,30.943,1.825,-1.100,2.0
1566,-0.497,-0.499,0.000,30.883,1.838,-1.106,2.0
1567,-0.497,-0.499,0.000,30.825,1.859,-1.116,2.0
1568,-0.497,-0.499,0.000,30.767,1.888,-1.131,2.0
1569,-0.497,-0.499,0.000,30.709,1.924,-1.146,2.0
1570,-0.497,-0.499,0.000,30.651,1.897,-1.135,2.0
1571,-0.497,-0.499,0.000,30.586,1.870,-1.108,2.0
1572,-0.497,-0.499,0.000,30.514,1.849,-1.095,2.0
1573,-0.497,-0.499,0.000,30.443,1.835,-1.087,2.0
1574,-0.497,-0.499,0.000,30.373,1.832,-1.081,2.0
1575,-0.497,-0.499,0.000,30.304,1.837,-1.080,2.0
1576,-0.497,-0.499,0.000,30.235,1.851,-1.085,2.0
1577,-0.497,-0.499,0.000,30.168,1.872,-1.095,2.0
1578,-0.497,-0.499,0.000,30.101,1.903,-1.110,2.0
1579,-0.497,-0.499,0.000,30.035,1.938,-1.123,2.0
1580,-0.497,-0.499,0.000,29.969,1.908,-1.112,2.0
1581,-0.497,-0.499,0.000,29.895,1.882,-1.085,2.0
1582,-0.497,-0.499,0.000,29.815,1.862,-1.072,2.0
1583,-0.497,-0.499,0.000,29.736,1.849,-1.064,2.0
1584,-0.497,-0.499,0.000,29.658,1.846,-1.059,2.0
1585,-0.497,-0.499,0.000,29.581,1.852,-1.058,2.0
1586,-0.497,-0.499,0.000,29.505,1.865,-1.062,2.0
1587,-0.497,-0.499,0.000,29.430,1.888,-1.072,2.0
1588,-0.497,-0.499,0.000,29.355,1.919,-1.086,2.0
1589,-0.497,-0.499,0.000,29.282,1.953,-1.097,2.0
1590,-0.497,-0.499,0.000,29.208,1.920,-1.087,2.0
1591,-0.497,-0.499,0.000,29.126,1.895,-1.060,2.0
1592,-0.497,-0.499,0.000,29.039,1.875,-1.045,2.0
1593,-0.497,-0.499,0.000,28.952,1.862,-1.038,2.0
1594,-0.497,-0.499,0.000,28.867,1.860,-1.033,2.0
1595,-0.497,-0.499,0.000,28.782,1.866,-1.032,2.0
1596,-0.497,-0.499,0.000,28.698,1.881,-1.036,2.0
1597,-0.497,-0.499,0.000,28.616,1.904,-1.046,2.0
1598,-0.497,-0.499,0.000,28.534,1.936,-1.059,2.0
1599,-0.497,-0.499,0.000,28.453,1.969,-1.068,2.0
1600,-0.497,-0.499,0.000,28.372,1.934,-1.058,2.0
1601,-0.497,-0.499,0.000,28.292,1.909,-1.033,2.0
1602,-0.497,-0.499,0.000,28.212,1.889,-1.018,2.0
1603,-0.497,-0.499,0.000,28.134,1.877,-1.011,2.0
1604,-0.497,-0.499,0.000,28.056,1.874,-1.007,2.0
1605,-0.497,-0.499,0.000,27.979,1.881,-1.006,2.0
1606,-0.497,-0.499,0.000,27.903,1.896,-1.010,2.0
1607,-0.497,-0.499,0.000,27.829,1.919,-1.020,2.0
1608,-0.497,-0.499,0.000,27.755,1.951,-1.034,2.0
1609,-0.497,-0.499,0.000,27.681,1.984,-1.041,2.0
1610,-0.497,-0.499,0.000,27.607,1.946,-1.032,2.0
1611,-0.497,-0.499,0.000,27.534,1.921,-1.007,2.0
1612,-0.497,-0.499,0.000,27.462,1.901,-0.992,2.0
1613,-0.497,-0.499,0.000,27.391,1.889,-0.986,2.0
1614,-0.497,-0.499,0.000,27.321,1.887,-0.983,2.0
1615,-0.497,-0.499,0.000,27.251,1.894,-0.982,2.0
1616,-0.497,-0.499,0.000,27.182,1.909,-0.987,2.0
1617,-0.497,-0.499,0.000,27.114,1.933,-0.996,2.0
1618,-0.497,-0.499,0.000,27.047,1.965,-1.010,2.0
1619,-0.497,-0.499,0.000,26.981,1.996,-1.016,2.0
1620,-0.497,-0.499,0.000,26.914,1.957,-1.007,2.0
1621,-0.497,-0.499,0.000,26.848,1.931,-0.984,2.0
1622,-0.497,-0.499,0.000,26.782,1.912,-0.969,2.0
1623,-0.497,-0.499,0.000,26.718,1.901,-0.963,2.0
1624,-0.497,-0.499,0.000,26.654,1.898,-0.961,2.0
1625,-0.497,-0.499,0.000,26.591,1.905,-0.961,2.0
1626,-0.497,-0.499,0.000,26.528,1.921,-0.965,2.0
1627,-0.497,-0.499,0.000,26.467,1.945,-0.975,2.0
1628,-0.497,-0.499,0.000,26.406,1.978,-0.989,2.0
1629,-0.497,-0.499,0.000,26.346,2.007,-0.993,2.0
1630,-0.497,-0.499,0.000,26.285,1.967,-0.985,2.0
1631,-0.497,-0.499,0.000,26.225,1.940,-0.963,2.0
1632,-0.497,-0.499,0.000,26.165,1.922,-0.949,2.0
1633,-0.497,-0.499,0.000,26.107,1.911,-0.943,2.0
1634,-0.497,-0.499,0.000,26.049,1.908,-0.940,2.0
1635,-0.497,-0.499,0.000,25.992,1.915,-0.941,2.0
1636,-0.497,-0.499,0.000,25.935,1.931,-0.946,2.0
1637,-0.497,-0.499,0.000,25.879,1.956,-0.955,2.0
1638,-0.497,-0.499,0.000,25.824,1.989,-0.969,2.0
1639,-0.497,-0.499,0.000,25.770,2.017,-0.972,2.0
1640,-0.497,-0.499,0.000,25.714,1.976,-0.964,2.0
1641,-0.497,-0.499,0.000,25.660,1.949,-0.944,2.0
1642,-0.497,-0.499,0.000,25.606,1.931,-0.930,2.0
1643,-0.497,-0.499,0.000,25.553,1.919,-0.924,2.0
1644,-0.497,-0.499,0.000,25.500,1.917,-0.922,2.0
1645,-0.497,-0.499,0.000,25.448,1.925,-0.923,2.0
1646,-0.497,-0.499,0.000,25.397,1.941,-0.928,2.0
1647,-0.497,-0.499,0.000,25.346,1.966,-0.938,2.0
1648,-0.497,-0.499,0.000,25.297,2.000,-0.952,2.0
1649,-0.497,-0.499,0.000,25.247,2.025,-0.953,2.0
1650,-0.497,-0.499,0.000,25.197,1.983,-0.945,2.0
1651,-0.497,-0.499,0.000,25.147,1.956,-0.927,2.0
1652,-0.497,-0.499,0.000,25.098,1.938,-0.912,2.0
1653,-0.497,-0.499,0.000,25.050,1.927,-0.907,2.0
1654,-0.497,-0.499,0.000,25.002,1.925,-0.905,2.0
1655,-0.497,-0.499,0.000,24.955,1.933,-0.907,2.0
1656,-0.497,-0.499,0.000,24.909,1.950,-0.912,2.0
1657,-0.497,-0.499,0.000,24.863,1.975,-0.922,2.0
1658,-0.497,-0.499,0.000,24.818,2.009,-0.936,2.0
1659,-0.497,-0.499,0.000,24.773,2.031,-0.935,2.0
1660,-0.497,-0.499,0.000,24.727,1.990,-0.928,2.0
1661,-0.497,-0.499,0.000,24.682,1.962,-0.911,2.0
1662,-0.497,-0.499,0.000,24.638,1.944,-0.897,2.0
1663,-0.497,-0.499,0.000,24.594,1.934,-0.891,2.0
1664,-0.497,-0.499,0.000,24.551,1.933,-0.890,2.0
1665,-0.497,-0.499,0.000,24.508,1.940,-0.892,2.0
1666,-0.497,-0.499,0.000,24.466,1.957,-0.897,2.0
1667,-0.497,-0.499,0.000,24.425,1.983,-0.907,2.0
1668,-0.497,-0.499,0.000,24.384,2.018,-0.921,2.0
1669,-0.497,-0.499,0.000,24.343,2.037,-0.919,2.0
1670,-0.497,-0.499,0.000,24.301,1.996,-0.911,2.0
1671,-0.497,-0.499,0.000,24.261,1.967,-0.897,2.0
1672,-0.497,-0.499,0.000,24.220,1.950,-0.883,2.0
1673,-0.497,-0.499,0.000,24.181,1.940,-0.877,2.0
1674,-0.497,-0.499,0.000,24.142,1.939,-0.876,2.0
1675,-0.497,-0.499,0.000,24.103,1.947,-0.878,2.0
1676,-0.497,-0.499,0.000,24.065,1.964,-0.884,2.0
1677,-0.497,-0.499,0.000,24.027,1.990,-0.894,2.0
1678,-0.497,-0.499,0.000,23.990,2.025,-0.908,2.0
1679,-0.497,-0.499,0.000,23.953,2.042,-0.904,2.0
1680,-0.497,-0.499,0.000,23.915,2.001,-0.896,2.0
1681,-0.497,-0.499,0.000,23.878,1.972,-0.883,2.0
1682,-0.497,-0.499,0.000,23.842,1.955,-0.870,2.0
1683,-0.497,-0.499,0.000,23.806,1.946,-0.864,2.0
1684,-0.497,-0.499,0.000,23.770,1.945,-0.863,2.0
1685,-0.497,-0.499,0.000,23.735,1.953,-0.866,2.0
1686,-0.497,-0.499,0.000,23.700,1.971,-0.872,2.0
1687,-0.497,-0.499,0.000,23.666,1.997,-0.882,2.0
1688,-0.497,-0.499,0.000,23.633,2.033,-0.896,2.0
1689,-0.497,-0.499,0.000,23.599,2.046,-0.891,2.0
1690,-0.497,-0.499,0.000,23.565,2.005,-0.883,2.0
1691,-0.497,-0.499,0.000,23.531,1.977,-0.871,2.0
1692,-0.497,-0.499,0.000,23.498,1.960,-0.858,2.0
1693,-0.497,-0.499,0.000,23.465,1.951,-0.852,2.0
1694,-0.497,-0.499,0.000,23.433,1.950,-0.852,2.0
1695,-0.497,-0.499,0.000,23.401,1.959,-0.855,2.0
1696,-0.497,-0.499,0.000,23.370,1.977,-0.861,2.0
1697,-0.497,-0.499,0.000,23.339,2.004,-0.871,2.0
1698,-0.497,-0.499,0.000,23.309,2.039,-0.885,2.0
1699,-0.497,-0.499,0.000,23.278,2.050,-0.879,2.0
1700,-0.497,-0.499,0.000,23.247,2.009,-0.870,2.0
