1,-0.108,0.633,0.000,48.790,-0.006,-0.005,-1
2,-0.108,0.633,0.000,48.790,-0.007,-0.006,-1
3,-0.108,0.633,0.000,48.790,-0.004,-0.003,-1
4,-0.108,0.633,0.000,48.790,-0.005,-0.004,-1
5,-0.108,0.633,0.000,48.790,-0.005,-0.005,-1
6,-0.108,0.633,0.000,48.790,-0.005,-0.004,-1
7,-0.108,0.633,0.000,48.790,-0.005,-0.004,-1
8,-0.108,0.633,0.000,48.790,-0.005,-0.004,4.0
9,-0.106,0.635,0.000,48.533,-0.012,0.004,4.0
10,-0.104,0.637,0.000,47.714,-0.021,0.015,4.0
11,-0.102,0.640,0.000,46.302,-0.031,0.024,3.0
12,-0.105,0.637,0.000,44.067,-0.018,0.010,3.0
13,-0.108,0.634,0.000,41.032,-0.004,-0.003,3.0
14,-0.111,0.631,0.000,37.682,0.011,-0.015,3.0
15,-0.114,0.629,0.000,34.239,0.028,-0.026,3.0
16,-0.118,0.626,0.000,30.789,0.047,-0.034,3.0
17,-0.122,0.624,0.000,27.389,0.067,-0.041,3.0
18,-0.126,0.622,0.000,24.081,0.089,-0.046,3.0
19,-0.131,0.620,0.000,20.901,0.112,-0.049,3.0
20,-0.136,0.618,0.000,17.865,0.137,-0.050,3.0
21,-0.141,0.617,0.000,14.974,0.162,-0.049,3.0
22,-0.146,0.615,0.000,12.217,0.188,-0.046,3.0
23,-0.151,0.614,0.000,9.574,0.215,-0.042,3.0
24,-0.157,0.613,0.000,7.025,0.241,-0.035,3.0
25,-0.163,0.613,0.000,4.554,0.268,-0.027,3.0
26,-0.168,0.612,0.000,2.145,0.294,-0.016,3.0
27,-0.174,0.612,0.000,-0.208,0.321,-0.004,3.0
28,-0.180,0.613,0.000,-2.508,0.347,0.010,3.0
29,-0.186,0.613,0.000,-4.745,0.372,0.025,3.0
30,-0.192,0.614,0.000,-6.904,0.398,0.043,3.0
31,-0.198,0.615,0.000,-8.960,0.423,0.061,3.0
32,-0.203,0.616,0.000,-10.882,0.447,0.080,3.0
33,-0.209,0.617,0.000,-12.642,0.471,0.100,3.0
34,-0.215,0.619,0.000,-14.216,0.495,0.120,3.0
35,-0.221,0.620,0.000,-15.594,0.518,0.139,3.0
36,-0.227,0.622,0.000,-16.778,0.542,0.158,3.0
37,-0.233,0.624,0.000,-17.779,0.565,0.175,3.0
38,-0.239,0.626,0.000,-18.619,0.588,0.193,3.0
39,-0.244,0.628,0.000,-19.321,0.612,0.209,3.0
40,-0.250,0.630,0.000,-19.910,0.635,0.224,3.0
41,-0.256,0.632,0.000,-20.406,0.659,0.239,3.0
42,-0.262,0.635,0.000,-20.829,0.683,0.254,3.0
43,-0.267,0.637,0.000,-21.194,0.706,0.268,3.0
44,-0.273,0.639,0.000,-21.515,0.730,0.282,3.0
45,-0.278,0.641,0.000,-21.804,0.752,0.295,3.0
46,-0.283,0.643,0.000,-22.069,0.775,0.308,3.0
47,-0.288,0.645,0.000,-22.320,0.797,0.321,3.0
48,-0.293,0.647,0.000,-22.563,0.819,0.334,3.0
49,-0.298,0.650,0.000,-22.803,0.840,0.347,3.0
50,-0.303,0.652,0.000,-23.042,0.861,0.360,3.0
51,-0.308,0.654,0.000,-23.284,0.880,0.376,3.0
52,-0.313,0.656,0.000,-23.530,0.899,0.393,3.0
53,-0.318,0.658,0.000,-23.787,0.915,0.413,3.0
54,-0.322,0.660,0.000,-24.044,0.934,0.425,3.0
55,-0.326,0.662,0.000,-24.303,0.953,0.435,3.0
56,-0.331,0.664,0.000,-24.564,0.971,0.448,3.0
57,-0.335,0.666,0.000,-24.829,0.988,0.463,3.0
58,-0.339,0.668,0.000,-25.098,1.004,0.477,3.0
59,-0.343,0.670,0.000,-25.372,1.021,0.490,3.0
60,-0.347,0.672,0.000,-25.654,1.037,0.504,3.0
61,-0.351,0.674,0.000,-25.943,1.053,0.518,3.0
62,-0.355,0.676,0.000,-26.241,1.068,0.532,3.0
63,-0.359,0.677,0.000,-26.546,1.083,0.547,3.0
64,-0.363,0.679,0.000,-26.859,1.097,0.561,3.0
65,-0.367,0.681,0.000,-27.180,1.111,0.576,3.0
66,-0.370,0.683,0.000,-27.507,1.124,0.591,3.0
67,-0.374,0.685,0.000,-27.841,1.137,0.607,3.0
68,-0.377,0.687,0.000,-28.183,1.150,0.622,3.0
69,-0.381,0.689,0.000,-28.533,1.162,0.638,3.0
70,-0.384,0.691,0.000,-28.891,1.173,0.654,3.0
71,-0.387,0.692,0.000,-29.257,1.184,0.670,3.0
72,-0.391,0.694,0.000,-29.629,1.195,0.686,3.0
73,-0.394,0.696,0.000,-30.008,1.206,0.702,3.0
74,-0.397,0.698,0.000,-30.391,1.216,0.719,3.0
75,-0.400,0.700,0.000,-30.778,1.225,0.736,3.0
76,-0.403,0.702,0.000,-31.170,1.234,0.753,3.0
77,-0.406,0.703,0.000,-31.568,1.243,0.770,3.0
78,-0.409,0.705,0.000,-31.970,1.251,0.787,3.0
79,-0.412,0.707,0.000,-32.380,1.259,0.805,3.0
80,-0.415,0.709,0.000,-32.796,1.267,0.823,3.0
81,-0.417,0.711,0.000,-33.219,1.274,0.840,3.0
82,-0.420,0.712,0.000,-33.649,1.280,0.859,3.0
83,-0.423,0.714,0.000,-34.085,1.287,0.877,3.0
84,-0.426,0.716,0.000,-34.526,1.292,0.895,3.0
85,-0.428,0.718,0.000,-34.972,1.298,0.914,4.0
86,-0.425,0.715,0.000,-34.972,1.282,0.904,4.0
87,-0.421,0.712,0.000,-34.000,1.282,0.871,4.0
88,-0.417,0.710,0.000,-31.963,1.295,0.814,3.0
89,-0.420,0.712,0.000,-29.872,1.338,0.775,3.0
90,-0.423,0.714,0.000,-28.797,1.369,0.759,3.0
91,-0.426,0.716,0.000,-28.677,1.386,0.764,3.0
92,-0.429,0.717,0.000,-29.161,1.394,0.784,3.0
93,-0.432,0.719,0.000,-29.968,1.396,0.811,3.0
94,-0.435,0.721,0.000,-30.938,1.396,0.843,3.0
95,-0.437,0.722,0.000,-31.977,1.393,0.876,3.0
96,-0.440,0.724,0.000,-33.032,1.389,0.909,3.0
97,-0.442,0.726,0.000,-34.074,1.385,0.943,3.0
98,-0.445,0.727,0.000,-35.088,1.380,0.976,3.0
99,-0.447,0.729,0.000,-36.069,1.375,1.008,3.0
100,-0.449,0.731,0.000,-37.015,1.369,1.039,3.0
101,-0.451,0.732,0.000,-37.925,1.364,1.070,3.0
102,-0.454,0.734,0.000,-38.803,1.359,1.099,3.0
103,-0.456,0.736,0.000,-39.649,1.353,1.128,3.0
104,-0.458,0.738,0.000,-40.466,1.348,1.157,3.0
105,-0.460,0.740,0.000,-41.254,1.343,1.185,3.0
106,-0.462,0.741,0.000,-42.016,1.337,1.212,3.0
107,-0.464,0.743,0.000,-42.751,1.332,1.238,3.0
108,-0.466,0.745,0.000,-43.461,1.327,1.264,3.0
109,-0.468,0.747,0.000,-44.148,1.321,1.290,3.0
110,-0.470,0.749,0.000,-44.813,1.316,1.315,3.0
111,-0.472,0.751,0.000,-45.456,1.311,1.339,3.0
112,-0.474,0.753,0.000,-46.079,1.305,1.363,3.0
113,-0.476,0.755,0.000,-46.681,1.300,1.386,3.0
114,-0.477,0.756,0.000,-47.264,1.295,1.409,3.0
115,-0.479,0.758,0.000,-47.826,1.290,1.432,3.0
116,-0.481,0.760,0.000,-48.368,1.285,1.454,3.0
117,-0.482,0.762,0.000,-48.890,1.281,1.475,3.0
118,-0.484,0.764,0.000,-49.391,1.276,1.496,3.0
119,-0.485,0.766,0.000,-49.871,1.272,1.517,3.0
120,-0.487,0.768,0.000,-50.331,1.268,1.537,3.0
121,-0.489,0.769,0.000,-50.772,1.264,1.556,3.0
122,-0.490,0.771,0.000,-51.194,1.260,1.575,3.0
123,-0.491,0.773,0.000,-51.599,1.257,1.593,3.0
124,-0.493,0.775,0.000,-51.994,1.261,1.607,3.0
125,-0.494,0.777,0.000,-52.435,1.262,1.621,3.0
126,-0.496,0.779,0.000,-52.834,1.254,1.642,3.0
127,-0.497,0.780,0.000,-53.181,1.248,1.662,3.0
128,-0.499,0.782,0.000,-53.495,1.247,1.677,3.0
129,-0.500,0.784,0.000,-53.791,1.247,1.692,3.0
130,-0.501,0.786,0.000,-54.075,1.245,1.707,3.0
131,-0.502,0.788,0.000,-54.347,1.243,1.723,3.0
132,-0.504,0.789,0.000,-54.607,1.241,1.737,3.0
133,-0.505,0.791,0.000,-54.858,1.240,1.752,3.0
134,-0.506,0.793,0.000,-55.100,1.239,1.766,3.0
135,-0.507,0.794,0.000,-55.333,1.238,1.780,3.0
136,-0.508,0.796,0.000,-55.557,1.237,1.794,3.0
137,-0.509,0.797,0.000,-55.772,1.236,1.807,3.0
138,-0.510,0.799,0.000,-55.979,1.236,1.820,3.0
139,-0.511,0.801,0.000,-56.180,1.235,1.833,3.0
140,-0.512,0.802,0.000,-56.376,1.235,1.846,3.0
141,-0.513,0.804,0.000,-56.570,1.232,1.858,3.0
142,-0.514,0.805,0.000,-56.765,1.223,1.853,3.0
143,-0.515,0.807,0.000,-56.964,1.208,1.848,3.0
144,-0.516,0.808,0.000,-57.169,1.195,1.842,3.0
145,-0.517,0.810,0.000,-57.381,1.182,1.836,3.0
146,-0.518,0.811,0.000,-57.600,1.168,1.830,3.0
147,-0.519,0.813,0.000,-57.825,1.155,1.825,3.0
148,-0.520,0.814,0.000,-58.052,1.141,1.819,3.0
149,-0.521,0.816,0.000,-58.282,1.128,1.814,3.0
150,-0.522,0.817,0.000,-58.514,1.114,1.808,3.0
151,-0.523,0.819,0.000,-58.746,1.101,1.803,3.0
152,-0.524,0.820,0.000,-58.979,1.088,1.798,3.0
153,-0.525,0.821,0.000,-59.213,1.075,1.793,3.0
154,-0.525,0.823,0.000,-59.449,1.062,1.788,3.0
155,-0.526,0.824,0.000,-59.686,1.049,1.783,3.0
156,-0.527,0.826,0.000,-59.925,1.036,1.778,3.0
157,-0.528,0.827,0.000,-60.164,1.024,1.773,3.0
158,-0.529,0.829,0.000,-60.403,1.011,1.768,3.0
159,-0.529,0.830,0.000,-60.640,0.999,1.764,3.0
160,-0.530,0.831,0.000,-60.876,0.987,1.759,3.0
161,-0.531,0.833,0.000,-61.109,0.975,1.754,3.0
162,-0.532,0.834,0.000,-61.339,0.963,1.750,3.0
163,-0.532,0.836,0.000,-61.566,0.951,1.745,3.0
164,-0.533,0.837,0.000,-61.790,0.940,1.740,3.0
165,-0.534,0.838,0.000,-62.010,0.929,1.736,3.0
166,-0.535,0.840,0.000,-62.227,0.918,1.731,3.0
167,-0.535,0.841,0.000,-62.439,0.907,1.726,3.0
168,-0.536,0.842,0.000,-62.647,0.897,1.722,3.0
169,-0.537,0.844,0.000,-62.850,0.887,1.717,3.0
170,-0.537,0.845,0.000,-63.048,0.877,1.712,3.0
171,-0.538,0.846,0.000,-63.241,0.867,1.707,3.0
172,-0.539,0.848,0.000,-63.428,0.858,1.703,3.0
173,-0.539,0.849,0.000,-63.610,0.849,1.698,3.0
174,-0.540,0.850,0.000,-63.786,0.840,1.693,3.0
175,-0.541,0.852,0.000,-63.956,0.831,1.688,3.0
176,-0.541,0.853,0.000,-64.121,0.823,1.683,3.0
177,-0.542,0.854,0.000,-64.280,0.815,1.678,3.0
178,-0.543,0.856,0.000,-64.434,0.807,1.673,3.0
179,-0.543,0.857,0.000,-64.583,0.799,1.669,3.0
180,-0.544,0.858,0.000,-64.725,0.792,1.664,3.0
181,-0.545,0.860,0.000,-64.863,0.785,1.659,3.0
182,-0.545,0.861,0.000,-64.995,0.778,1.654,3.0
183,-0.546,0.862,0.000,-65.121,0.771,1.649,3.0
184,-0.546,0.863,0.000,-65.242,0.764,1.644,3.0
185,-0.547,0.865,0.000,-65.358,0.758,1.639,3.0
186,-0.547,0.866,0.000,-65.469,0.752,1.634,3.0
187,-0.548,0.867,0.000,-65.575,0.746,1.629,3.0
188,-0.549,0.868,0.000,-65.675,0.740,1.624,3.0
189,-0.549,0.870,0.000,-65.771,0.735,1.619,3.0
190,-0.550,0.871,0.000,-65.862,0.730,1.615,3.0
191,-0.550,0.872,0.000,-65.948,0.725,1.610,3.0
192,-0.551,0.873,0.000,-66.029,0.720,1.605,3.0
193,-0.551,0.874,0.000,-66.105,0.715,1.600,3.0
194,-0.552,0.875,0.000,-66.176,0.711,1.595,3.0
195,-0.552,0.877,0.000,-66.237,0.706,1.590,3.0
196,-0.553,0.878,0.000,-66.289,0.702,1.585,3.0
197,-0.553,0.879,0.000,-66.346,0.678,1.591,3.0
198,-0.554,0.880,0.000,-66.412,0.687,1.580,3.0
199,-0.555,0.881,0.000,-66.464,0.686,1.574,3.0
200,-0.555,0.883,0.000,-66.553,0.675,1.572,3.0
201,-0.556,0.884,0.000,-66.720,0.667,1.568,3.0
202,-0.556,0.885,0.000,-66.977,0.660,1.565,3.0
203,-0.557,0.886,0.000,-67.321,0.648,1.563,3.0
204,-0.557,0.887,0.000,-67.734,0.634,1.562,3.0
205,-0.558,0.888,0.000,-68.200,0.619,1.562,3.0
206,-0.558,0.890,0.000,-68.705,0.603,1.562,3.0
207,-0.559,0.891,0.000,-69.240,0.587,1.562,3.0
208,-0.559,0.892,0.000,-69.804,0.569,1.563,3.0
209,-0.559,0.893,0.000,-70.398,0.551,1.564,3.0
210,-0.560,0.894,0.000,-71.026,0.532,1.565,3.0
211,-0.560,0.895,0.000,-71.690,0.513,1.566,3.0
212,-0.561,0.896,0.000,-72.388,0.492,1.568,3.0
213,-0.561,0.898,0.000,-73.117,0.471,1.569,3.0
214,-0.561,0.899,0.000,-73.869,0.449,1.571,3.0
215,-0.562,0.900,0.000,-74.633,0.427,1.572,3.0
216,-0.562,0.901,0.000,-75.403,0.404,1.573,3.0
217,-0.562,0.902,0.000,-76.169,0.382,1.574,3.0
218,-0.563,0.903,0.000,-76.926,0.360,1.575,3.0
219,-0.563,0.905,0.000,-77.671,0.339,1.575,3.0
220,-0.563,0.906,0.000,-78.401,0.318,1.575,3.0
221,-0.563,0.907,0.000,-79.116,0.297,1.575,3.0
222,-0.564,0.908,0.000,-79.815,0.277,1.574,3.0
223,-0.564,0.909,0.000,-80.497,0.258,1.574,3.0
224,-0.564,0.911,0.000,-81.162,0.239,1.573,3.0
225,-0.564,0.912,0.000,-81.809,0.221,1.572,3.0
226,-0.564,0.913,0.000,-82.438,0.203,1.571,3.0
227,-0.564,0.914,0.000,-83.050,0.186,1.569,3.0
228,-0.564,0.915,0.000,-83.642,0.169,1.568,3.0
229,-0.565,0.916,0.000,-84.217,0.153,1.566,3.0
230,-0.565,0.918,0.000,-84.774,0.138,1.564,3.0
231,-0.565,0.919,0.000,-85.313,0.123,1.562,3.0
232,-0.565,0.920,0.000,-85.837,0.108,1.560,3.0
233,-0.565,0.921,0.000,-86.347,0.094,1.558,3.0
234,-0.565,0.922,0.000,-86.845,0.080,1.556,3.0
235,-0.565,0.924,0.000,-87.333,0.067,1.554,3.0
236,-0.565,0.925,0.000,-87.812,0.054,1.552,3.0
237,-0.565,0.926,0.000,-88.285,0.041,1.551,3.0
238,-0.565,0.927,0.000,-88.752,0.028,1.549,3.0
239,-0.565,0.928,0.000,-89.216,0.016,1.547,3.0
240,-0.565,0.930,0.000,-89.676,0.003,1.545,3.0
241,-0.565,0.931,0.000,-90.134,-0.009,1.543,3.0
242,-0.565,0.932,0.000,-90.589,-0.021,1.541,3.0
243,-0.565,0.934,0.000,-91.043,-0.033,1.540,3.0
244,-0.565,0.935,0.000,-91.496,-0.046,1.538,3.0
245,-0.565,0.936,0.000,-91.948,-0.058,1.536,3.0
246,-0.565,0.937,0.000,-92.401,-0.070,1.535,3.0
247,-0.565,0.939,0.000,-92.855,-0.082,1.533,3.0
248,-0.565,0.940,0.000,-93.313,-0.094,1.532,3.0
249,-0.565,0.942,0.000,-93.776,-0.106,1.530,3.0
250,-0.565,0.943,0.000,-94.248,-0.119,1.529,3.0
251,-0.564,0.944,0.000,-94.734,-0.132,1.528,3.0
252,-0.564,0.946,0.000,-95.235,-0.145,1.527,3.0
253,-0.564,0.947,0.000,-95.754,-0.159,1.526,3.0
254,-0.564,0.949,0.000,-96.292,-0.174,1.525,3.0
255,-0.564,0.951,0.000,-96.850,-0.189,1.524,3.0
256,-0.563,0.952,0.000,-97.425,-0.204,1.523,3.0
257,-0.563,0.954,0.000,-98.018,-0.220,1.521,3.0
258,-0.563,0.955,0.000,-98.625,-0.236,1.520,3.0
259,-0.563,0.957,0.000,-99.245,-0.253,1.518,3.0
260,-0.562,0.958,0.000,-99.875,-0.269,1.516,3.0
261,-0.562,0.960,0.000,-100.514,-0.287,1.514,3.0
262,-0.562,0.961,0.000,-101.161,-0.304,1.512,3.0
263,-0.561,0.963,0.000,-101.812,-0.321,1.510,3.0
264,-0.561,0.964,0.000,-102.466,-0.339,1.508,3.0
265,-0.561,0.966,0.000,-103.119,-0.357,1.506,3.0
266,-0.560,0.967,0.000,-103.767,-0.374,1.503,3.0
267,-0.560,0.969,0.000,-104.406,-0.391,1.501,3.0
268,-0.560,0.971,0.000,-105.031,-0.408,1.499,3.0
269,-0.559,0.972,0.000,-105.640,-0.425,1.496,3.0
270,-0.559,0.974,0.000,-106.230,-0.441,1.494,3.0
271,-0.558,0.975,0.000,-106.799,-0.456,1.492,3.0
272,-0.558,0.977,0.000,-107.346,-0.471,1.490,3.0
273,-0.557,0.979,0.000,-107.871,-0.486,1.488,3.0
274,-0.557,0.980,0.000,-108.373,-0.500,1.487,3.0
275,-0.556,0.982,0.000,-108.853,-0.513,1.485,3.0
276,-0.556,0.984,0.000,-109.313,-0.526,1.484,3.0
277,-0.555,0.985,0.000,-109.756,-0.539,1.483,3.0
278,-0.554,0.987,0.000,-110.182,-0.551,1.483,3.0
279,-0.554,0.989,0.000,-110.591,-0.563,1.482,3.0
280,-0.553,0.990,0.000,-110.982,-0.574,1.482,3.0
281,-0.552,0.992,0.000,-111.352,-0.585,1.481,3.0
282,-0.552,0.994,0.000,-111.700,-0.595,1.481,3.0
283,-0.551,0.996,0.000,-112.026,-0.605,1.482,3.0
284,-0.550,0.997,0.000,-112.330,-0.615,1.482,3.0
285,-0.550,0.999,0.000,-112.615,-0.624,1.483,3.0
286,-0.549,1.001,0.000,-112.882,-0.632,1.484,3.0
287,-0.548,1.002,0.000,-113.132,-0.640,1.485,3.0
288,-0.548,1.004,0.000,-113.367,-0.648,1.487,3.0
289,-0.547,1.006,0.000,-113.588,-0.656,1.488,3.0
290,-0.546,1.008,0.000,-113.796,-0.663,1.490,3.0
291,-0.545,1.009,0.000,-113.990,-0.670,1.492,3.0
292,-0.544,1.011,0.000,-114.170,-0.677,1.494,3.0
293,-0.544,1.013,0.000,-114.338,-0.683,1.497,3.0
294,-0.543,1.015,0.000,-114.494,-0.689,1.500,3.0
295,-0.542,1.016,0.000,-114.638,-0.695,1.503,3.0
296,-0.541,1.018,0.000,-114.772,-0.701,1.506,3.0
297,-0.541,1.020,0.000,-114.895,-0.706,1.509,3.0
298,-0.540,1.022,0.000,-115.010,-0.712,1.512,3.0
299,-0.539,1.023,0.000,-115.115,-0.717,1.516,3.0
300,-0.538,1.025,0.000,-115.212,-0.722,1.520,3.0
301,-0.537,1.027,0.000,-115.300,-0.726,1.524,3.0
302,-0.536,1.029,0.000,-115.381,-0.731,1.528,3.0
303,-0.536,1.030,0.000,-115.454,-0.735,1.532,3.0
304,-0.535,1.032,0.000,-115.520,-0.740,1.536,3.0
305,-0.534,1.034,0.000,-115.578,-0.744,1.541,3.0
306,-0.533,1.036,0.000,-115.630,-0.748,1.546,3.0
307,-0.532,1.038,0.000,-115.676,-0.752,1.551,3.0
308,-0.531,1.039,0.000,-115.716,-0.755,1.556,3.0
309,-0.530,1.041,0.000,-115.750,-0.759,1.561,3.0
310,-0.530,1.043,0.000,-115.778,-0.763,1.566,3.0
311,-0.529,1.045,0.000,-115.801,-0.766,1.571,3.0
312,-0.528,1.046,0.000,-115.818,-0.769,1.577,3.0
313,-0.527,1.048,0.000,-115.830,-0.772,1.583,3.0
314,-0.526,1.050,0.000,-115.837,-0.775,1.588,3.0
315,-0.525,1.052,0.000,-115.838,-0.778,1.594,3.0
316,-0.524,1.054,0.000,-115.838,-0.764,1.609,3.0
317,-0.523,1.055,0.000,-115.892,-0.773,1.612,3.0
318,-0.522,1.057,0.000,-115.939,-0.783,1.614,3.0
319,-0.522,1.059,0.000,-115.956,-0.785,1.621,3.0
320,-0.521,1.061,0.000,-115.958,-0.786,1.628,3.0
321,-0.520,1.063,0.000,-115.955,-0.789,1.634,3.0
322,-0.519,1.065,0.000,-115.949,-0.793,1.640,3.0
323,-0.518,1.066,0.000,-115.941,-0.795,1.646,3.0
324,-0.517,1.068,0.000,-115.931,-0.798,1.652,3.0
325,-0.516,1.070,0.000,-115.921,-0.800,1.659,3.0
326,-0.515,1.072,0.000,-115.910,-0.803,1.665,3.0
327,-0.515,1.073,0.000,-115.898,-0.806,1.672,3.0
328,-0.514,1.075,0.000,-115.885,-0.809,1.678,3.0
329,-0.513,1.077,0.000,-115.871,-0.811,1.685,3.0
330,-0.512,1.079,0.000,-115.857,-0.814,1.692,3.0
331,-0.511,1.081,0.000,-115.841,-0.817,1.698,3.0
332,-0.510,1.082,0.000,-115.824,-0.819,1.705,3.0
333,-0.509,1.084,0.000,-115.805,-0.822,1.712,3.0
334,-0.508,1.086,0.000,-115.784,-0.825,1.719,3.0
335,-0.508,1.088,0.000,-115.760,-0.827,1.726,3.0
336,-0.507,1.090,0.000,-115.734,-0.830,1.733,3.0
337,-0.506,1.092,0.000,-115.705,-0.832,1.741,3.0
338,-0.505,1.093,0.000,-115.673,-0.834,1.748,3.0
339,-0.504,1.095,0.000,-115.637,-0.837,1.755,3.0
340,-0.503,1.097,0.000,-115.599,-0.839,1.763,3.0
341,-0.502,1.099,0.000,-115.557,-0.841,1.771,3.0
342,-0.501,1.101,0.000,-115.512,-0.843,1.778,3.0
343,-0.501,1.102,0.000,-115.464,-0.845,1.786,3.0
344,-0.500,1.104,0.000,-115.413,-0.847,1.794,3.0
345,-0.499,1.106,0.000,-115.358,-0.848,1.802,3.0
346,-0.498,1.108,0.000,-115.300,-0.850,1.810,3.0
347,-0.497,1.110,0.000,-115.238,-0.851,1.818,3.0
348,-0.496,1.111,0.000,-115.173,-0.853,1.827,3.0
349,-0.495,1.113,0.000,-115.104,-0.854,1.835,3.0
350,-0.495,1.115,0.000,-115.032,-0.855,1.844,3.0
351,-0.494,1.117,0.000,-114.956,-0.856,1.852,3.0
352,-0.493,1.119,0.000,-114.877,-0.857,1.861,3.0
353,-0.492,1.120,0.000,-114.795,-0.858,1.870,3.0
354,-0.491,1.122,0.000,-114.709,-0.859,1.878,3.0
355,-0.490,1.124,0.000,-114.620,-0.859,1.887,3.0
356,-0.490,1.126,0.000,-114.528,-0.860,1.896,3.0
357,-0.489,1.128,0.000,-114.433,-0.860,1.905,3.0
358,-0.488,1.129,0.000,-114.334,-0.860,1.915,3.0
359,-0.487,1.131,0.000,-114.233,-0.860,1.924,3.0
360,-0.486,1.133,0.000,-114.128,-0.860,1.933,3.0
361,-0.486,1.135,0.000,-114.020,-0.860,1.943,3.0
362,-0.485,1.137,0.000,-113.909,-0.860,1.952,3.0
363,-0.484,1.139,0.000,-113.795,-0.860,1.962,3.0
364,-0.483,1.140,0.000,-113.678,-0.859,1.972,3.0
365,-0.482,1.142,0.000,-113.558,-0.859,1.982,3.0
366,-0.482,1.144,0.000,-113.436,-0.858,1.991,3.0
367,-0.481,1.146,0.000,-113.311,-0.857,2.001,3.0
368,-0.480,1.148,0.000,-113.182,-0.856,2.011,3.0
369,-0.479,1.149,0.000,-113.052,-0.855,2.022,3.0
370,-0.478,1.151,0.000,-112.918,-0.854,2.032,3.0
371,-0.478,1.153,0.000,-112.782,-0.852,2.042,3.0
372,-0.477,1.155,0.000,-112.644,-0.851,2.052,3.0
373,-0.476,1.157,0.000,-112.503,-0.849,2.061,3.0
374,-0.475,1.158,0.000,-112.359,-0.839,2.056,3.0
375,-0.475,1.160,0.000,-112.214,-0.831,2.048,3.0
376,-0.474,1.162,0.000,-112.066,-0.822,2.041,3.0
377,-0.473,1.164,0.000,-111.915,-0.813,2.034,3.0
378,-0.472,1.166,0.000,-111.761,-0.804,2.028,3.0
379,-0.472,1.167,0.000,-111.605,-0.795,2.021,3.0
380,-0.471,1.169,0.000,-111.446,-0.786,2.015,3.0
381,-0.470,1.171,0.000,-111.285,-0.777,2.009,3.0
382,-0.470,1.173,0.000,-111.121,-0.768,2.003,3.0
383,-0.469,1.174,0.000,-110.955,-0.759,1.997,3.0
384,-0.468,1.176,0.000,-110.787,-0.750,1.991,3.0
385,-0.468,1.178,0.000,-110.617,-0.741,1.985,3.0
386,-0.467,1.180,0.000,-110.445,-0.733,1.980,3.0
387,-0.466,1.181,0.000,-110.271,-0.724,1.974,3.0
388,-0.466,1.183,0.000,-110.095,-0.715,1.969,3.0
389,-0.465,1.185,0.000,-109.917,-0.706,1.964,3.0
390,-0.464,1.187,0.000,-109.738,-0.697,1.959,3.0
391,-0.464,1.188,0.000,-109.557,-0.689,1.954,3.0
392,-0.463,1.190,0.000,-109.374,-0.680,1.949,3.0
393,-0.463,1.192,0.000,-109.190,-0.671,1.945,3.0
394,-0.462,1.194,0.000,-109.004,-0.663,1.940,3.0
395,-0.461,1.195,0.000,-108.817,-0.654,1.936,3.0
396,-0.461,1.197,0.000,-108.629,-0.646,1.932,3.0
397,-0.460,1.199,0.000,-108.439,-0.637,1.928,3.0
398,-0.460,1.201,0.000,-108.247,-0.629,1.924,3.0
399,-0.459,1.202,0.000,-108.055,-0.620,1.920,3.0
400,-0.459,1.204,0.000,-107.861,-0.612,1.916,3.0
401,-0.458,1.206,0.000,-107.666,-0.604,1.912,3.0
402,-0.457,1.208,0.000,-107.470,-0.595,1.909,3.0
403,-0.457,1.209,0.000,-107.272,-0.587,1.906,3.0
404,-0.456,1.211,0.000,-107.073,-0.579,1.902,3.0
405,-0.456,1.213,0.000,-106.873,-0.571,1.899,3.0
406,-0.455,1.215,0.000,-106.672,-0.562,1.896,3.0
407,-0.455,1.216,0.000,-106.470,-0.554,1.893,3.0
408,-0.454,1.218,0.000,-106.266,-0.546,1.890,3.0
409,-0.454,1.220,0.000,-106.062,-0.538,1.887,3.0
410,-0.453,1.222,0.000,-105.857,-0.530,1.885,3.0
411,-0.453,1.223,0.000,-105.650,-0.522,1.882,3.0
412,-0.452,1.225,0.000,-105.442,-0.514,1.879,3.0
413,-0.452,1.227,0.000,-105.234,-0.506,1.877,3.0
414,-0.451,1.228,0.000,-105.024,-0.498,1.875,3.0
415,-0.451,1.230,0.000,-104.813,-0.490,1.872,3.0
416,-0.450,1.232,0.000,-104.602,-0.482,1.870,3.0
417,-0.450,1.234,0.000,-104.389,-0.474,1.868,3.0
418,-0.450,1.235,0.000,-104.176,-0.466,1.866,3.0
419,-0.449,1.237,0.000,-103.962,-0.458,1.864,3.0
420,-0.449,1.239,0.000,-103.746,-0.450,1.863,3.0
421,-0.448,1.240,0.000,-103.530,-0.442,1.861,3.0
422,-0.448,1.242,0.000,-103.313,-0.435,1.859,3.0
423,-0.447,1.244,0.000,-103.095,-0.427,1.858,3.0
424,-0.447,1.245,0.000,-102.877,-0.419,1.856,3.0
425,-0.447,1.247,0.000,-102.657,-0.411,1.855,3.0
426,-0.446,1.249,0.000,-102.437,-0.403,1.854,3.0
427,-0.446,1.251,0.000,-102.216,-0.396,1.852,3.0
428,-0.446,1.252,0.000,-101.994,-0.388,1.851,3.0
429,-0.445,1.254,0.000,-101.772,-0.380,1.850,3.0
430,-0.445,1.256,0.000,-101.549,-0.372,1.849,3.0
431,-0.445,1.257,0.000,-101.325,-0.365,1.848,3.0
432,-0.444,1.259,0.000,-101.100,-0.357,1.847,3.0
433,-0.444,1.261,0.000,-100.875,-0.349,1.847,3.0
434,-0.444,1.262,0.000,-100.649,-0.342,1.846,3.0
435,-0.443,1.264,0.000,-100.423,-0.334,1.845,3.0
436,-0.443,1.266,0.000,-100.195,-0.326,1.845,3.0
437,-0.443,1.267,0.000,-99.968,-0.319,1.844,3.0
438,-0.442,1.269,0.000,-99.739,-0.311,1.844,3.0
439,-0.442,1.271,0.000,-99.510,-0.303,1.843,3.0
440,-0.442,1.272,0.000,-99.281,-0.296,1.843,3.0
441,-0.442,1.274,0.000,-99.051,-0.288,1.843,3.0
442,-0.441,1.276,0.000,-98.820,-0.281,1.842,3.0
443,-0.441,1.277,0.000,-98.589,-0.273,1.842,3.0
444,-0.441,1.279,0.000,-98.358,-0.265,1.842,3.0
445,-0.441,1.281,0.000,-98.126,-0.258,1.842,3.0
446,-0.440,1.282,0.000,-97.893,-0.250,1.842,3.0
447,-0.440,1.284,0.000,-97.660,-0.242,1.842,3.0
448,-0.440,1.285,0.000,-97.427,-0.235,1.842,3.0
449,-0.440,1.287,0.000,-97.193,-0.227,1.842,3.0
450,-0.439,1.289,0.000,-96.959,-0.220,1.843,3.0
451,-0.439,1.290,0.000,-96.725,-0.212,1.843,3.0
452,-0.439,1.292,0.000,-96.490,-0.204,1.843,3.0
453,-0.439,1.294,0.000,-96.255,-0.197,1.844,3.0
454,-0.439,1.295,0.000,-96.019,-0.189,1.844,3.0
455,-0.439,1.297,0.000,-95.784,-0.181,1.844,3.0
456,-0.438,1.298,0.000,-95.548,-0.174,1.845,3.0
457,-0.438,1.300,0.000,-95.312,-0.166,1.845,3.0
458,-0.438,1.302,0.000,-95.076,-0.159,1.846,3.0
459,-0.438,1.303,0.000,-94.839,-0.151,1.847,3.0
460,-0.438,1.305,0.000,-94.601,-0.143,1.848,3.0
461,-0.438,1.306,0.000,-94.363,-0.136,1.848,3.0
462,-0.438,1.308,0.000,-94.123,-0.128,1.849,3.0
463,-0.437,1.310,0.000,-93.882,-0.120,1.850,3.0
464,-0.437,1.311,0.000,-93.639,-0.112,1.851,3.0
465,-0.437,1.313,0.000,-93.394,-0.104,1.853,3.0
466,-0.437,1.314,0.000,-93.147,-0.097,1.854,3.0
467,-0.437,1.316,0.000,-92.898,-0.089,1.855,3.0
468,-0.437,1.318,0.000,-92.646,-0.080,1.857,3.0
469,-0.437,1.319,0.000,-92.393,-0.072,1.859,3.0
470,-0.437,1.321,0.000,-92.136,-0.064,1.860,3.0
471,-0.437,1.323,0.000,-91.878,-0.056,1.862,3.0
472,-0.437,1.325,0.000,-91.616,-0.047,1.864,3.0
473,-0.437,1.326,0.000,-91.353,-0.039,1.866,3.0
474,-0.437,1.328,0.000,-91.087,-0.030,1.867,3.0
475,-0.437,1.330,0.000,-90.819,-0.021,1.869,3.0
476,-0.437,1.331,0.000,-90.549,-0.013,1.871,3.0
477,-0.437,1.333,0.000,-90.277,-0.004,1.873,3.0
478,-0.437,1.335,0.000,-90.003,0.005,1.876,3.0
479,-0.437,1.336,0.000,-89.727,0.014,1.878,3.0
480,-0.437,1.338,0.000,-89.450,0.023,1.880,3.0
481,-0.437,1.340,0.000,-89.171,0.033,1.882,3.0
482,-0.437,1.341,0.000,-88.890,0.042,1.884,3.0
483,-0.437,1.343,0.000,-88.608,0.051,1.886,3.0
484,-0.437,1.345,0.000,-88.325,0.061,1.888,3.0
485,-0.437,1.346,0.000,-88.041,0.070,1.890,3.0
486,-0.437,1.348,0.000,-87.756,0.080,1.892,3.0
487,-0.437,1.350,0.000,-87.470,0.089,1.894,3.0
488,-0.437,1.351,0.000,-87.184,0.099,1.897,3.0
489,-0.437,1.353,0.000,-86.896,0.108,1.899,3.0
490,-0.437,1.354,0.000,-86.609,0.118,1.901,3.0
491,-0.437,1.356,0.000,-86.321,0.128,1.903,3.0
492,-0.437,1.358,0.000,-86.033,0.138,1.905,3.0
493,-0.438,1.359,0.000,-85.745,0.147,1.907,3.0
494,-0.438,1.361,0.000,-85.458,0.157,1.909,3.0
495,-0.438,1.362,0.000,-85.171,0.167,1.911,3.0
496,-0.438,1.364,0.000,-84.885,0.177,1.913,3.0
497,-0.438,1.365,0.000,-84.601,0.186,1.915,3.0
498,-0.438,1.367,0.000,-84.318,0.196,1.917,3.0
499,-0.438,1.368,0.000,-84.037,0.206,1.919,3.0
500,-0.439,1.370,0.000,-83.758,0.216,1.921,3.0
501,-0.439,1.371,0.000,-83.481,0.225,1.923,3.0
502,-0.439,1.373,0.000,-83.205,0.235,1.925,3.0
503,-0.439,1.375,0.000,-82.929,0.245,1.927,3.0
504,-0.439,1.376,0.000,-82.653,0.254,1.930,3.0
505,-0.440,1.378,0.000,-82.375,0.264,1.932,3.0
506,-0.440,1.379,0.000,-82.095,0.274,1.935,3.0
507,-0.440,1.381,0.000,-81.813,0.284,1.937,3.0
508,-0.440,1.383,0.000,-81.529,0.295,1.940,3.0
509,-0.441,1.384,0.000,-81.242,0.305,1.942,3.0
510,-0.441,1.386,0.000,-80.955,0.315,1.945,3.0
511,-0.441,1.388,0.000,-80.666,0.326,1.947,3.0
512,-0.441,1.389,0.000,-80.376,0.336,1.950,3.0
513,-0.442,1.391,0.000,-80.087,0.347,1.953,3.0
514,-0.442,1.392,0.000,-79.798,0.357,1.955,3.0
515,-0.442,1.394,0.000,-79.509,0.368,1.958,3.0
516,-0.443,1.396,0.000,-79.222,0.379,1.960,3.0
517,-0.443,1.397,0.000,-78.936,0.389,1.963,3.0
518,-0.443,1.399,0.000,-78.653,0.400,1.965,3.0
519,-0.444,1.400,0.000,-78.372,0.411,1.967,3.0
520,-0.444,1.402,0.000,-78.094,0.421,1.970,3.0
521,-0.444,1.403,0.000,-77.819,0.431,1.972,3.0
522,-0.445,1.405,0.000,-77.549,0.442,1.975,3.0
523,-0.445,1.406,0.000,-77.282,0.452,1.977,3.0
524,-0.445,1.408,0.000,-77.020,0.462,1.980,3.0
525,-0.446,1.410,0.000,-76.763,0.472,1.982,3.0
526,-0.446,1.411,0.000,-76.510,0.468,1.988,3.0
527,-0.446,1.412,0.000,-76.240,0.489,1.987,3.0
528,-0.446,1.414,0.000,-75.934,0.489,1.990,3.0
529,-0.447,1.415,0.000,-75.639,0.501,1.991,3.0
530,-0.447,1.417,0.000,-75.366,0.516,1.991,3.0
531,-0.447,1.418,0.000,-75.112,0.526,1.992,3.0
532,-0.448,1.420,0.000,-74.874,0.533,1.994,3.0
533,-0.448,1.421,0.000,-74.649,0.542,1.996,3.0
534,-0.449,1.422,0.000,-74.438,0.551,1.997,3.0
535,-0.449,1.424,0.000,-74.239,0.559,1.999,3.0
536,-0.450,1.425,0.000,-74.050,0.566,2.001,3.0
537,-0.450,1.427,0.000,-73.872,0.574,2.003,3.0
538,-0.450,1.428,0.000,-73.702,0.581,2.005,3.0
539,-0.451,1.429,0.000,-73.540,0.587,2.007,3.0
540,-0.451,1.431,0.000,-73.384,0.594,2.008,3.0
541,-0.452,1.432,0.000,-73.235,0.600,2.010,3.0
542,-0.452,1.433,0.000,-73.092,0.606,2.012,3.0
543,-0.452,1.434,0.000,-72.954,0.612,2.014,3.0
544,-0.453,1.436,0.000,-72.821,0.618,2.016,3.0
545,-0.453,1.437,0.000,-72.692,0.624,2.019,3.0
546,-0.453,1.438,0.000,-72.568,0.635,2.019,3.0
547,-0.454,1.439,0.000,-72.445,0.639,2.021,3.0
548,-0.454,1.440,0.000,-72.340,0.655,2.019,3.0
549,-0.455,1.442,0.000,-72.232,0.656,2.022,3.0
550,-0.455,1.443,0.000,-72.120,0.657,2.024,3.0
551,-0.455,1.444,0.000,-72.004,0.663,2.025,3.0
552,-0.456,1.445,0.000,-71.889,0.669,2.026,3.0
553,-0.456,1.446,0.000,-71.775,0.674,2.027,3.0
554,-0.456,1.447,0.000,-71.661,0.678,2.029,3.0
555,-0.457,1.448,0.000,-71.549,0.683,2.030,3.0
556,-0.457,1.449,0.000,-71.439,0.688,2.031,3.0
557,-0.457,1.450,0.000,-71.330,0.693,2.032,3.0
558,-0.458,1.451,0.000,-71.223,0.697,2.033,3.0
559,-0.458,1.452,0.000,-71.112,0.702,2.035,3.0
560,-0.459,1.453,0.000,-70.997,0.707,2.036,3.0
561,-0.459,1.454,0.000,-70.875,0.712,2.037,3.0
562,-0.459,1.455,0.000,-70.743,0.718,2.038,3.0
563,-0.460,1.456,0.000,-70.602,0.724,2.039,3.0
564,-0.460,1.457,0.000,-70.452,0.730,2.040,3.0
565,-0.460,1.458,0.000,-70.294,0.737,2.041,3.0
566,-0.461,1.459,0.000,-70.129,0.744,2.041,3.0
567,-0.461,1.460,0.000,-69.958,0.751,2.042,3.0
568,-0.461,1.461,0.000,-69.783,0.758,2.043,3.0
569,-0.462,1.462,0.000,-69.602,0.766,2.043,3.0
570,-0.462,1.463,0.000,-69.416,0.774,2.044,3.0
571,-0.462,1.464,0.000,-69.226,0.781,2.044,3.0
572,-0.463,1.465,0.000,-69.031,0.790,2.044,3.0
573,-0.463,1.466,0.000,-68.830,0.798,2.044,3.0
574,-0.464,1.467,0.000,-68.626,0.806,2.045,3.0
575,-0.464,1.468,0.000,-68.417,0.815,2.045,3.0
576,-0.464,1.469,0.000,-68.206,0.824,2.045,3.0
577,-0.465,1.470,0.000,-67.991,0.833,2.045,3.0
578,-0.465,1.471,0.000,-67.774,0.842,2.045,3.0
579,-0.465,1.471,0.000,-67.554,0.851,2.045,3.0
580,-0.466,1.472,0.000,-67.333,0.860,2.044,3.0
581,-0.466,1.473,0.000,-67.110,0.869,2.044,3.0
582,-0.467,1.474,0.000,-66.885,0.879,2.044,3.0
583,-0.467,1.475,0.000,-66.658,0.887,2.043,3.0
584,-0.467,1.476,0.000,-66.430,0.895,2.036,3.0
585,-0.468,1.477,0.000,-66.201,0.901,2.028,3.0
586,-0.468,1.477,0.000,-65.970,0.908,2.022,3.0
587,-0.468,1.478,0.000,-65.738,0.914,2.014,3.0
588,-0.469,1.479,0.000,-65.505,0.921,2.007,3.0
589,-0.469,1.480,0.000,-65.271,0.928,2.000,3.0
590,-0.470,1.481,0.000,-65.035,0.934,1.993,3.0
591,-0.470,1.482,0.000,-64.800,0.941,1.986,3.0
592,-0.470,1.482,0.000,-64.563,0.948,1.980,3.0
593,-0.471,1.483,0.000,-64.327,0.955,1.973,3.0
594,-0.471,1.484,0.000,-64.090,0.961,1.966,3.0
595,-0.471,1.485,0.000,-63.853,0.968,1.959,3.0
596,-0.472,1.485,0.000,-63.616,0.975,1.952,3.0
597,-0.472,1.486,0.000,-63.379,0.982,1.946,3.0
598,-0.473,1.487,0.000,-63.143,0.988,1.939,3.0
599,-0.473,1.488,0.000,-62.907,0.995,1.932,3.0
600,-0.473,1.488,0.000,-62.672,1.002,1.926,3.0
601,-0.474,1.489,0.000,-62.437,1.008,1.919,3.0
602,-0.474,1.490,0.000,-62.204,1.015,1.913,3.0
603,-0.475,1.491,0.000,-61.970,1.021,1.906,3.0
604,-0.475,1.491,0.000,-61.738,1.028,1.900,3.0
605,-0.475,1.492,0.000,-61.506,1.035,1.894,3.0
606,-0.476,1.493,0.000,-61.276,1.041,1.887,3.0
607,-0.476,1.493,0.000,-61.046,1.047,1.881,3.0
608,-0.476,1.494,0.000,-60.817,1.054,1.875,3.0
609,-0.477,1.495,0.000,-60.589,1.060,1.869,3.0
610,-0.477,1.495,0.000,-60.362,1.067,1.863,3.0
611,-0.478,1.496,0.000,-60.137,1.073,1.857,3.0
612,-0.478,1.497,0.000,-59.912,1.079,1.851,3.0
613,-0.478,1.497,0.000,-59.688,1.085,1.845,3.0
614,-0.479,1.498,0.000,-59.466,1.092,1.839,3.0
615,-0.479,1.499,0.000,-59.244,1.098,1.833,3.0
616,-0.480,1.499,0.000,-59.024,1.104,1.827,3.0
617,-0.480,1.500,0.000,-58.805,1.110,1.822,3.0
618,-0.480,1.501,0.000,-58.587,1.116,1.816,3.0
619,-0.481,1.501,0.000,-58.370,1.122,1.810,3.0
620,-0.481,1.502,0.000,-58.155,1.128,1.805,3.0
621,-0.481,1.502,0.000,-57.941,1.134,1.799,3.0
622,-0.482,1.503,0.000,-57.728,1.140,1.794,3.0
623,-0.482,1.504,0.000,-57.517,1.145,1.788,3.0
624,-0.482,1.504,0.000,-57.307,1.151,1.783,3.0
625,-0.483,1.505,0.000,-57.098,1.157,1.778,3.0
626,-0.483,1.505,0.000,-56.891,1.163,1.772,3.0
627,-0.484,1.506,0.000,-56.685,1.168,1.767,3.0
628,-0.484,1.506,0.000,-56.481,1.174,1.762,3.0
629,-0.484,1.507,0.000,-56.278,1.180,1.757,3.0
630,-0.485,1.507,0.000,-56.077,1.185,1.752,3.0
631,-0.485,1.508,0.000,-55.877,1.191,1.747,3.0
632,-0.485,1.509,0.000,-55.679,1.196,1.742,3.0
633,-0.486,1.509,0.000,-55.483,1.202,1.737,3.0
634,-0.486,1.510,0.000,-55.288,1.207,1.732,3.0
635,-0.486,1.510,0.000,-55.096,1.212,1.727,3.0
636,-0.487,1.511,0.000,-54.905,1.217,1.722,3.0
637,-0.487,1.511,0.000,-54.716,1.223,1.718,3.0
638,-0.487,1.511,0.000,-54.529,1.228,1.713,3.0
639,-0.488,1.512,0.000,-54.344,1.233,1.708,3.0
640,-0.488,1.512,0.000,-54.161,1.238,1.704,3.0
641,-0.488,1.513,0.000,-53.980,1.243,1.699,3.0
642,-0.489,1.513,0.000,-53.802,1.248,1.695,3.0
643,-0.489,1.514,0.000,-53.626,1.253,1.691,3.0
644,-0.489,1.514,0.000,-53.452,1.257,1.686,3.0
645,-0.490,1.515,0.000,-53.281,1.262,1.682,3.0
646,-0.490,1.515,0.000,-53.113,1.267,1.678,3.0
647,-0.490,1.516,0.000,-52.947,1.271,1.674,3.0
648,-0.491,1.516,0.000,-52.784,1.276,1.670,3.0
649,-0.491,1.516,0.000,-52.624,1.280,1.666,3.0
650,-0.491,1.517,0.000,-52.467,1.284,1.662,3.0
651,-0.492,1.517,0.000,-52.313,1.289,1.659,3.0
652,-0.492,1.518,0.000,-52.163,1.293,1.655,3.0
653,-0.492,1.518,0.000,-52.016,1.297,1.651,3.0
654,-0.493,1.518,0.000,-51.873,1.301,1.648,3.0
655,-0.493,1.519,0.000,-51.734,1.305,1.645,3.0
656,-0.493,1.519,0.000,-51.599,1.308,1.641,3.0
657,-0.493,1.519,0.000,-51.469,1.312,1.638,3.0
658,-0.494,1.520,0.000,-51.344,1.315,1.635,3.0
659,-0.494,1.520,0.000,-51.225,1.319,1.632,3.0
660,-0.494,1.520,0.000,-51.112,1.322,1.630,3.0
661,-0.495,1.521,0.000,-51.005,1.325,1.627,3.0
662,-0.495,1.521,0.000,-50.904,1.328,1.625,3.0
663,-0.495,1.521,0.000,-50.810,1.330,1.622,3.0
664,-0.495,1.522,0.000,-50.720,1.333,1.620,3.0
665,-0.496,1.522,0.000,-50.635,1.335,1.618,3.0
666,-0.496,1.522,0.000,-50.554,1.337,1.616,3.0
667,-0.496,1.523,0.000,-50.477,1.340,1.615,3.0
668,-0.496,1.523,0.000,-50.404,1.342,1.613,3.0
669,-0.497,1.523,0.000,-50.333,1.344,1.611,3.0
670,-0.497,1.523,0.000,-50.266,1.346,1.610,3.0
671,-0.497,1.524,0.000,-50.202,1.348,1.608,3.0
672,-0.497,1.524,0.000,-50.140,1.349,1.607,3.0
673,-0.497,1.524,0.000,-50.082,1.351,1.606,3.0
674,-0.498,1.525,0.000,-50.026,1.353,1.605,3.0
675,-0.498,1.525,0.000,-49.973,1.355,1.604,3.0
676,-0.498,1.525,0.000,-49.922,1.356,1.603,3.0
677,-0.498,1.525,0.000,-49.873,1.358,1.602,3.0
678,-0.498,1.526,0.000,-49.826,1.359,1.601,3.0
679,-0.499,1.526,0.000,-49.780,1.361,1.600,3.0
680,-0.499,1.526,0.000,-49.736,1.362,1.599,3.0
681,-0.499,1.526,0.000,-49.694,1.364,1.599,3.0
682,-0.499,1.526,0.000,-49.653,1.365,1.598,3.0
683,-0.499,1.527,0.000,-49.614,1.366,1.597,3.0
684,-0.500,1.527,0.000,-49.576,1.368,1.597,3.0
685,-0.500,1.527,0.000,-49.539,1.369,1.596,3.0
686,-0.500,1.527,0.000,-49.504,1.370,1.596,3.0
687,-0.500,1.528,0.000,-49.469,1.372,1.595,3.0
688,-0.500,1.528,0.000,-49.436,1.373,1.595,3.0
689,-0.501,1.528,0.000,-49.403,1.374,1.595,3.0
690,-0.501,1.528,0.000,-49.372,1.376,1.594,3.0
691,-0.501,1.528,0.000,-49.341,1.377,1.594,3.0
692,-0.501,1.529,0.000,-49.311,1.378,1.594,3.0
693,-0.501,1.529,0.000,-49.281,1.379,1.594,3.0
694,-0.501,1.529,0.000,-49.253,1.381,1.594,3.0
695,-0.502,1.529,0.000,-49.224,1.382,1.593,3.0
696,-0.502,1.529,0.000,-49.197,1.383,1.593,3.0
697,-0.502,1.529,0.000,-49.170,1.384,1.593,3.0
698,-0.502,1.530,0.000,-49.143,1.386,1.593,3.0
699,-0.502,1.530,0.000,-49.117,1.387,1.593,3.0
700,-0.502,1.530,0.000,-49.091,1.388,1.593,3.0
701,-0.502,1.530,0.000,-49.066,1.390,1.593,3.0
702,-0.503,1.530,0.000,-49.041,1.391,1.593,3.0
703,-0.503,1.530,0.000,-49.016,1.392,1.594,3.0
704,-0.503,1.531,0.000,-48.992,1.393,1.594,3.0
705,-0.503,1.531,0.000,-48.968,1.395,1.594,3.0
706,-0.503,1.531,0.000,-48.944,1.396,1.594,3.0
707,-0.503,1.531,0.000,-48.920,1.397,1.594,3.0
708,-0.503,1.531,0.000,-48.896,1.399,1.594,3.0
709,-0.503,1.531,0.000,-48.873,1.400,1.595,3.0
710,-0.504,1.532,0.000,-48.849,1.402,1.595,3.0
711,-0.504,1.532,0.000,-48.826,1.403,1.595,3.0
712,-0.504,1.532,0.000,-48.802,1.404,1.595,3.0
713,-0.504,1.532,0.000,-48.779,1.406,1.596,3.0
714,-0.504,1.532,0.000,-48.755,1.407,1.596,3.0
715,-0.504,1.532,0.000,-48.732,1.409,1.596,3.0
716,-0.504,1.532,0.000,-48.714,1.409,1.596,3.0
717,-0.504,1.532,0.000,-48.707,1.410,1.597,3.0
718,-0.504,1.532,0.000,-48.706,1.410,1.597,3.0
719,-0.504,1.532,0.000,-48.706,1.411,1.597,3.0
720,-0.504,1.532,0.000,-48.706,1.411,1.598,3.0
721,-0.504,1.532,0.000,-48.706,1.412,1.598,3.0
722,-0.504,1.532,0.000,-48.706,1.412,1.599,3.0
723,-0.504,1.532,0.000,-48.707,1.413,1.600,3.0
724,-0.504,1.532,0.000,-48.707,1.413,1.600,3.0
725,-0.504,1.532,0.000,-48.707,1.414,1.601,3.0
726,-0.504,1.532,0.000,-48.707,1.414,1.601,3.0
727,-0.504,1.532,0.000,-48.707,1.415,1.602,3.0
728,-0.504,1.532,0.000,-48.707,1.415,1.603,3.0
729,-0.504,1.532,0.000,-48.707,1.416,1.603,3.0
730,-0.504,1.532,0.000,-48.707,1.417,1.604,3.0
731,-0.504,1.532,0.000,-48.707,1.417,1.605,3.0
732,-0.504,1.532,0.000,-48.707,1.418,1.606,3.0
733,-0.504,1.532,0.000,-48.707,1.419,1.607,3.0
734,-0.504,1.532,0.000,-48.707,1.419,1.607,3.0
735,-0.504,1.532,0.000,-48.707,1.420,1.608,3.0
736,-0.504,1.532,0.000,-48.707,1.421,1.609,3.0
737,-0.504,1.532,0.000,-48.707,1.422,1.610,3.0
738,-0.504,1.532,0.000,-48.707,1.423,1.611,3.0
739,-0.504,1.532,0.000,-48.707,1.423,1.612,3.0
740,-0.504,1.532,0.000,-48.707,1.424,1.613,3.0
741,-0.504,1.532,0.000,-48.707,1.425,1.614,3.0
742,-0.504,1.532,0.000,-48.708,1.426,1.615,3.0
743,-0.504,1.532,0.000,-48.708,1.427,1.616,3.0
744,-0.504,1.532,0.000,-48.708,1.428,1.617,3.0
745,-0.504,1.532,0.000,-48.708,1.429,1.618,3.0
746,-0.504,1.532,0.000,-48.708,1.430,1.619,3.0
747,-0.504,1.532,0.000,-48.708,1.431,1.620,3.0
748,-0.504,1.532,0.000,-48.708,1.432,1.622,3.0
749,-0.504,1.532,0.000,-48.708,1.433,1.623,3.0
750,-0.504,1.532,0.000,-48.708,1.434,1.624,3.0
751,-0.504,1.532,0.000,-48.708,1.435,1.625,3.0
752,-0.504,1.532,0.000,-48.708,1.436,1.626,3.0
753,-0.504,1.532,0.000,-48.708,1.437,1.628,3.0
754,-0.504,1.532,0.000,-48.708,1.438,1.629,3.0
755,-0.504,1.532,0.000,-48.708,1.440,1.630,3.0
756,-0.504,1.532,0.000,-48.708,1.441,1.632,3.0
757,-0.504,1.532,0.000,-48.709,1.442,1.633,3.0
758,-0.504,1.532,0.000,-48.709,1.443,1.634,3.0
759,-0.504,1.532,0.000,-48.709,1.444,1.636,3.0
760,-0.504,1.532,0.000,-48.709,1.446,1.637,3.0
761,-0.504,1.532,0.000,-48.709,1.447,1.638,3.0
762,-0.504,1.532,0.000,-48.697,1.449,1.640,3.0
763,-0.504,1.533,0.000,-48.659,1.452,1.641,3.0
764,-0.504,1.533,0.000,-48.620,1.454,1.642,3.0
765,-0.504,1.533,0.000,-48.606,1.456,1.643,3.0
766,-0.504,1.533,0.000,-48.603,1.457,1.644,3.0
767,-0.504,1.533,0.000,-48.603,1.459,1.646,3.0
768,-0.504,1.533,0.000,-48.603,1.460,1.647,3.0
769,-0.504,1.533,0.000,-48.604,1.461,1.649,3.0
770,-0.504,1.533,0.000,-48.604,1.463,1.651,3.0
771,-0.504,1.533,0.000,-48.604,1.464,1.652,3.0
772,-0.504,1.533,0.000,-48.604,1.466,1.654,3.0
773,-0.504,1.533,0.000,-48.604,1.467,1.656,3.0
774,-0.504,1.533,0.000,-48.604,1.469,1.657,3.0
775,-0.504,1.533,0.000,-48.604,1.470,1.659,3.0
776,-0.504,1.533,0.000,-48.604,1.472,1.661,3.0
777,-0.504,1.533,0.000,-48.604,1.473,1.662,3.0
778,-0.504,1.533,0.000,-48.604,1.475,1.664,3.0
779,-0.504,1.533,0.000,-48.604,1.476,1.666,3.0
780,-0.504,1.533,0.000,-48.604,1.476,1.666,3.0
781,-0.504,1.533,0.000,-48.604,1.475,1.664,3.0
782,-0.504,1.533,0.000,-48.604,1.473,1.662,3.0
783,-0.504,1.533,0.000,-48.604,1.471,1.660,3.0
784,-0.504,1.533,0.000,-48.604,1.470,1.659,3.0
785,-0.504,1.533,0.000,-48.604,1.468,1.657,3.0
786,-0.504,1.533,0.000,-48.604,1.467,1.655,3.0
787,-0.504,1.533,0.000,-48.604,1.465,1.653,3.0
788,-0.504,1.533,0.000,-48.604,1.464,1.652,3.0
789,-0.504,1.533,0.000,-48.604,1.462,1.650,3.0
790,-0.504,1.533,0.000,-48.604,1.461,1.648,3.0
791,-0.504,1.533,0.000,-48.604,1.459,1.647,3.0
792,-0.504,1.533,0.000,-48.604,1.458,1.645,3.0
793,-0.504,1.533,0.000,-48.604,1.457,1.644,3.0
794,-0.504,1.533,0.000,-48.604,1.456,1.643,3.0
795,-0.504,1.533,0.000,-48.604,1.454,1.641,3.0
796,-0.504,1.533,0.000,-48.604,1.453,1.640,3.0
797,-0.504,1.533,0.000,-48.604,1.452,1.639,3.0
798,-0.504,1.533,0.000,-48.604,1.451,1.637,3.0
799,-0.504,1.533,0.000,-48.604,1.450,1.636,3.0
800,-0.504,1.533,0.000,-48.604,1.449,1.635,3.0
801,-0.504,1.533,0.000,-48.604,1.448,1.634,3.0
802,-0.504,1.533,0.000,-48.604,1.447,1.633,3.0
803,-0.504,1.533,0.000,-48.604,1.446,1.632,3.0
804,-0.504,1.533,0.000,-48.604,1.445,1.631,3.0
805,-0.504,1.533,0.000,-48.604,1.444,1.630,3.0
806,-0.504,1.533,0.000,-48.604,1.444,1.629,3.0
807,-0.504,1.533,0.000,-48.604,1.443,1.628,3.0
808,-0.504,1.533,0.000,-48.604,1.442,1.627,3.0
809,-0.504,1.533,0.000,-48.604,1.441,1.626,3.0
810,-0.504,1.533,0.000,-48.604,1.441,1.626,3.0
811,-0.504,1.533,0.000,-48.604,1.440,1.625,3.0
812,-0.504,1.533,0.000,-48.604,1.440,1.624,3.0
813,-0.504,1.533,0.000,-48.604,1.439,1.624,3.0
814,-0.504,1.533,0.000,-48.604,1.438,1.623,3.0
815,-0.504,1.533,0.000,-48.604,1.438,1.622,3.0
816,-0.504,1.533,0.000,-48.604,1.437,1.622,3.0
817,-0.504,1.533,0.000,-48.604,1.437,1.621,3.0
818,-0.504,1.533,0.000,-48.604,1.437,1.621,3.0
819,-0.504,1.533,0.000,-48.604,1.436,1.621,3.0
820,-0.504,1.533,0.000,-48.604,1.436,1.620,3.0
821,-0.504,1.533,0.000,-48.605,1.436,1.620,3.0
822,-0.504,1.533,0.000,-48.605,1.435,1.619,3.0
823,-0.504,1.533,0.000,-48.605,1.435,1.619,3.0
824,-0.504,1.533,0.000,-48.605,1.435,1.619,3.0
825,-0.504,1.533,0.000,-48.605,1.435,1.619,3.0
826,-0.504,1.533,0.000,-48.605,1.434,1.618,3.0
827,-0.504,1.533,0.000,-48.605,1.434,1.618,3.0
828,-0.504,1.533,0.000,-48.605,1.434,1.618,3.0
829,-0.504,1.533,0.000,-48.605,1.434,1.618,3.0
830,-0.504,1.533,0.000,-48.605,1.434,1.618,3.0
831,-0.504,1.533,0.000,-48.605,1.434,1.618,3.0
832,-0.504,1.533,0.000,-48.605,1.434,1.618,3.0
833,-0.504,1.533,0.000,-48.605,1.434,1.618,3.0
834,-0.504,1.533,0.000,-48.605,1.434,1.618,3.0
835,-0.504,1.533,0.000,-48.605,1.434,1.618,3.0
836,-0.504,1.533,0.000,-48.605,1.434,1.618,3.0
837,-0.504,1.533,0.000,-48.605,1.434,1.618,3.0
838,-0.504,1.533,0.000,-48.605,1.434,1.618,3.0
839,-0.504,1.533,0.000,-48.605,1.435,1.619,3.0
840,-0.504,1.533,0.000,-48.605,1.435,1.619,3.0
841,-0.504,1.533,0.000,-48.605,1.435,1.619,3.0
842,-0.504,1.533,0.000,-48.605,1.435,1.619,3.0
843,-0.504,1.533,0.000,-48.605,1.435,1.620,3.0
844,-0.504,1.533,0.000,-48.605,1.436,1.620,3.0
845,-0.504,1.533,0.000,-48.605,1.436,1.620,3.0
846,-0.504,1.533,0.000,-48.605,1.436,1.621,3.0
847,-0.504,1.533,0.000,-48.605,1.437,1.621,3.0
848,-0.504,1.533,0.000,-48.605,1.437,1.622,3.0
849,-0.504,1.533,0.000,-48.606,1.438,1.622,3.0
850,-0.504,1.533,0.000,-48.606,1.438,1.623,3.0
851,-0.504,1.533,0.000,-48.606,1.439,1.623,3.0
852,-0.504,1.533,0.000,-48.606,1.439,1.624,3.0
853,-0.504,1.533,0.000,-48.606,1.440,1.624,3.0
854,-0.504,1.533,0.000,-48.606,1.440,1.625,3.0
855,-0.504,1.533,0.000,-48.606,1.441,1.626,3.0
856,-0.504,1.533,0.000,-48.606,1.441,1.626,3.0
857,-0.504,1.533,0.000,-48.606,1.442,1.627,3.0
858,-0.504,1.533,0.000,-48.606,1.443,1.628,3.0
859,-0.504,1.533,0.000,-48.606,1.443,1.629,3.0
860,-0.504,1.533,0.000,-48.606,1.444,1.629,3.0
861,-0.504,1.533,0.000,-48.606,1.445,1.630,3.0
862,-0.504,1.533,0.000,-48.606,1.445,1.631,3.0
863,-0.504,1.533,0.000,-48.606,1.446,1.632,3.0
864,-0.504,1.533,0.000,-48.606,1.447,1.633,3.0
865,-0.504,1.533,0.000,-48.606,1.448,1.634,3.0
866,-0.504,1.533,0.000,-48.606,1.448,1.634,3.0
867,-0.504,1.533,0.000,-48.606,1.449,1.635,3.0
868,-0.504,1.533,0.000,-48.606,1.450,1.636,3.0
869,-0.504,1.533,0.000,-48.607,1.451,1.637,3.0
870,-0.504,1.533,0.000,-48.607,1.452,1.638,3.0
871,-0.504,1.533,0.000,-48.607,1.453,1.639,3.0
872,-0.504,1.533,0.000,-48.607,1.454,1.640,3.0
873,-0.504,1.533,0.000,-48.607,1.455,1.642,3.0
874,-0.504,1.533,0.000,-48.607,1.456,1.643,3.0
875,-0.504,1.533,0.000,-48.607,1.457,1.644,3.0
876,-0.504,1.533,0.000,-48.607,1.458,1.645,3.0
877,-0.504,1.533,0.000,-48.607,1.459,1.646,3.0
878,-0.504,1.533,0.000,-48.607,1.460,1.647,3.0
879,-0.504,1.533,0.000,-48.607,1.461,1.649,3.0
880,-0.504,1.533,0.000,-48.607,1.462,1.650,3.0
881,-0.504,1.533,0.000,-48.607,1.463,1.651,3.0
882,-0.504,1.533,0.000,-48.607,1.464,1.652,3.0
883,-0.504,1.533,0.000,-48.607,1.465,1.654,3.0
884,-0.504,1.533,0.000,-48.607,1.466,1.655,3.0
885,-0.504,1.533,0.000,-48.608,1.468,1.656,3.0
886,-0.504,1.533,0.000,-48.608,1.469,1.658,3.0
887,-0.504,1.533,0.000,-48.608,1.470,1.659,3.0
888,-0.504,1.533,0.000,-48.608,1.471,1.660,3.0
889,-0.504,1.533,0.000,-48.608,1.473,1.662,3.0
890,-0.504,1.533,0.000,-48.608,1.474,1.663,3.0
891,-0.504,1.533,0.000,-48.608,1.475,1.665,3.0
892,-0.504,1.533,0.000,-48.608,1.476,1.666,3.0
893,-0.504,1.533,0.000,-48.608,1.476,1.666,3.0
894,-0.504,1.533,0.000,-48.608,1.475,1.664,3.0
895,-0.504,1.533,0.000,-48.608,1.473,1.663,3.0
896,-0.504,1.533,0.000,-48.608,1.472,1.661,3.0
897,-0.504,1.533,0.000,-48.608,1.470,1.660,3.0
898,-0.504,1.533,0.000,-48.608,1.469,1.658,3.0
899,-0.504,1.533,0.000,-48.608,1.468,1.657,3.0
900,-0.504,1.533,0.000,-48.608,1.467,1.655,3.0
901,-0.504,1.533,0.000,-48.608,1.465,1.654,3.0
902,-0.504,1.533,0.000,-48.608,1.464,1.653,3.0
903,-0.504,1.533,0.000,-48.608,1.463,1.651,3.0
904,-0.504,1.533,0.000,-48.608,1.462,1.650,3.0
905,-0.504,1.533,0.000,-48.608,1.461,1.649,3.0
906,-0.504,1.533,0.000,-48.608,1.460,1.648,3.0
907,-0.504,1.533,0.000,-48.608,1.459,1.647,3.0
908,-0.504,1.533,0.000,-48.608,1.458,1.646,3.0
909,-0.504,1.533,0.000,-48.608,1.457,1.645,3.0
910,-0.504,1.533,0.000,-48.608,1.456,1.644,3.0
911,-0.504,1.533,0.000,-48.608,1.456,1.643,3.0
912,-0.504,1.533,0.000,-48.608,1.455,1.642,3.0
913,-0.504,1.533,0.000,-48.608,1.454,1.641,3.0
914,-0.504,1.533,0.000,-48.608,1.453,1.640,3.0
915,-0.504,1.533,0.000,-48.608,1.453,1.639,3.0
916,-0.504,1.533,0.000,-48.608,1.452,1.638,3.0
917,-0.504,1.533,0.000,-48.608,1.451,1.638,3.0
918,-0.504,1.533,0.000,-48.608,1.451,1.637,3.0
919,-0.504,1.533,0.000,-48.608,1.450,1.636,3.0
920,-0.504,1.533,0.000,-48.608,1.450,1.636,3.0
921,-0.504,1.533,0.000,-48.608,1.449,1.635,3.0
922,-0.504,1.533,0.000,-48.608,1.449,1.635,3.0
923,-0.504,1.533,0.000,-48.608,1.448,1.634,3.0
924,-0.504,1.533,0.000,-48.608,1.448,1.634,3.0
925,-0.504,1.533,0.000,-48.608,1.447,1.633,3.0
926,-0.504,1.533,0.000,-48.608,1.447,1.633,3.0
927,-0.504,1.533,0.000,-48.608,1.447,1.633,3.0
928,-0.504,1.533,0.000,-48.608,1.446,1.632,3.0
929,-0.504,1.533,0.000,-48.608,1.446,1.632,3.0
930,-0.504,1.533,0.000,-48.608,1.446,1.632,3.0
931,-0.504,1.533,0.000,-48.608,1.446,1.631,3.0
932,-0.504,1.533,0.000,-48.608,1.445,1.631,3.0
933,-0.504,1.533,0.000,-48.608,1.445,1.631,3.0
934,-0.504,1.533,0.000,-48.609,1.445,1.631,3.0
935,-0.504,1.533,0.000,-48.609,1.445,1.631,3.0
936,-0.504,1.533,0.000,-48.609,1.445,1.631,3.0
937,-0.504,1.533,0.000,-48.609,1.445,1.631,3.0
938,-0.504,1.533,0.000,-48.609,1.445,1.631,3.0
939,-0.504,1.533,0.000,-48.609,1.445,1.631,3.0
940,-0.504,1.533,0.000,-48.609,1.445,1.631,3.0
941,-0.504,1.533,0.000,-48.609,1.445,1.631,3.0
942,-0.504,1.533,0.000,-48.609,1.445,1.631,3.0
943,-0.504,1.533,0.000,-48.609,1.445,1.631,3.0
944,-0.504,1.533,0.000,-48.609,1.446,1.631,3.0
945,-0.504,1.533,0.000,-48.609,1.446,1.632,3.0
946,-0.504,1.533,0.000,-48.609,1.446,1.632,3.0
947,-0.504,1.533,0.000,-48.609,1.446,1.632,3.0
948,-0.504,1.533,0.000,-48.609,1.446,1.632,3.0
949,-0.504,1.533,0.000,-48.609,1.447,1.633,3.0
950,-0.504,1.533,0.000,-48.609,1.447,1.633,3.0
951,-0.504,1.533,0.000,-48.609,1.447,1.633,3.0
952,-0.504,1.533,0.000,-48.609,1.448,1.634,3.0
953,-0.504,1.533,0.000,-48.609,1.448,1.634,3.0
954,-0.504,1.533,0.000,-48.609,1.449,1.635,3.0
955,-0.504,1.533,0.000,-48.609,1.449,1.635,3.0
956,-0.504,1.533,0.000,-48.609,1.449,1.636,3.0
957,-0.504,1.533,0.000,-48.609,1.450,1.636,3.0
958,-0.504,1.533,0.000,-48.609,1.450,1.637,3.0
959,-0.504,1.533,0.000,-48.610,1.451,1.638,3.0
960,-0.504,1.533,0.000,-48.610,1.452,1.638,3.0
961,-0.504,1.533,0.000,-48.610,1.452,1.639,3.0
962,-0.504,1.533,0.000,-48.610,1.453,1.640,3.0
963,-0.504,1.533,0.000,-48.610,1.453,1.640,3.0
964,-0.504,1.533,0.000,-48.610,1.454,1.641,3.0
965,-0.504,1.533,0.000,-48.610,1.455,1.642,3.0
966,-0.504,1.533,0.000,-48.610,1.455,1.642,3.0
967,-0.504,1.533,0.000,-48.610,1.456,1.643,3.0
968,-0.504,1.533,0.000,-48.610,1.457,1.644,3.0
969,-0.504,1.533,0.000,-48.610,1.458,1.645,3.0
970,-0.504,1.533,0.000,-48.610,1.458,1.646,3.0
971,-0.504,1.533,0.000,-48.610,1.459,1.647,3.0
972,-0.504,1.533,0.000,-48.610,1.460,1.648,3.0
973,-0.504,1.533,0.000,-48.610,1.461,1.649,3.0
974,-0.504,1.533,0.000,-48.610,1.462,1.650,3.0
975,-0.504,1.533,0.000,-48.610,1.462,1.651,3.0
976,-0.504,1.533,0.000,-48.610,1.463,1.652,3.0
977,-0.504,1.533,0.000,-48.610,1.464,1.653,3.0
978,-0.504,1.533,0.000,-48.611,1.465,1.654,3.0
979,-0.504,1.533,0.000,-48.611,1.466,1.655,3.0
980,-0.504,1.533,0.000,-48.611,1.467,1.656,3.0
981,-0.504,1.533,0.000,-48.611,1.468,1.657,3.0
982,-0.504,1.533,0.000,-48.611,1.469,1.658,3.0
983,-0.504,1.533,0.000,-48.611,1.470,1.660,3.0
984,-0.504,1.533,0.000,-48.611,1.471,1.661,3.0
985,-0.504,1.533,0.000,-48.611,1.472,1.662,3.0
986,-0.504,1.533,0.000,-48.611,1.474,1.663,3.0
987,-0.504,1.533,0.000,-48.611,1.475,1.664,3.0
988,-0.504,1.533,0.000,-48.611,1.476,1.666,3.0
989,-0.504,1.533,0.000,-48.611,1.476,1.667,3.0
990,-0.504,1.533,0.000,-48.611,1.475,1.665,3.0
991,-0.504,1.533,0.000,-48.611,1.474,1.664,3.0
992,-0.504,1.533,0.000,-48.611,1.473,1.662,3.0
993,-0.504,1.533,0.000,-48.611,1.472,1.661,3.0
994,-0.504,1.533,0.000,-48.611,1.470,1.660,3.0
995,-0.504,1.533,0.000,-48.611,1.469,1.658,3.0
996,-0.504,1.533,0.000,-48.611,1.468,1.657,3.0
997,-0.504,1.533,0.000,-48.611,1.467,1.656,3.0
998,-0.504,1.533,0.000,-48.611,1.466,1.655,3.0
999,-0.504,1.533,0.000,-48.611,1.465,1.654,3.0
1000,-0.504,1.533,0.000,-48.611,1.464,1.653,3.0
