1,0.225,0.872,0.000,0.000,0.000,0.000,1
2,0.225,0.872,0.153,0.000,0.000,0.000,1
3,0.225,0.872,0.473,0.000,0.000,0.000,1
4,0.225,0.872,0.808,0.000,0.000,0.000,1
5,0.225,0.872,1.088,0.000,0.000,0.000,1
6,0.225,0.872,1.290,0.000,0.000,0.000,1
7,0.225,0.872,1.420,0.000,0.000,0.000,1
8,0.225,0.872,1.493,0.000,0.000,0.000,9.0
9,0.225,0.872,1.522,0.000,0.217,-0.079,9.0
10,0.226,0.872,1.534,0.000,0.353,-0.128,9.0
11,0.228,0.873,1.533,0.000,0.352,-0.111,9.0
12,0.231,0.874,1.527,0.000,0.360,0.030,9.0
13,0.235,0.875,1.519,0.000,0.171,0.098,9.0
14,0.240,0.876,1.512,0.000,0.052,0.180,9.0
15,0.246,0.876,1.506,0.000,-0.055,0.221,9.0
16,0.251,0.875,1.507,0.000,-0.137,0.216,9.0
17,0.256,0.874,1.508,0.000,-0.190,0.166,9.0
18,0.260,0.872,1.508,0.000,-0.166,0.106,9.0
19,0.264,0.870,1.509,0.000,-0.093,0.038,9.0
20,0.267,0.867,1.510,0.000,0.002,-0.028,9.0
21,0.270,0.865,1.510,0.000,0.080,-0.068,9.0
22,0.274,0.863,1.505,0.000,0.117,-0.075,9.0
23,0.278,0.861,1.504,0.000,0.114,-0.056,9.0
24,0.282,0.859,1.503,0.000,0.071,-0.018,9.0
25,0.286,0.858,1.502,0.000,0.007,0.025,9.0
26,0.291,0.856,1.502,0.000,-0.051,0.058,9.0
27,0.296,0.854,1.501,0.000,-0.085,0.072,9.0
28,0.300,0.852,1.501,0.000,-0.089,0.064,9.0
29,0.304,0.850,1.501,0.000,-0.069,0.044,9.0
30,0.307,0.847,1.501,0.000,-0.038,0.019,9.0
31,0.311,0.844,1.500,0.000,-0.009,-0.001,9.0
32,0.314,0.842,1.500,0.000,0.010,-0.010,9.0
33,0.318,0.839,1.500,0.000,0.014,-0.010,9.0
34,0.321,0.837,1.500,0.000,0.008,-0.002,9.0
35,0.325,0.834,1.500,0.000,-0.002,0.006,9.0
36,0.329,0.831,1.499,0.000,-0.011,0.011,9.0
37,0.332,0.829,1.499,0.000,-0.016,0.013,9.0
38,0.336,0.826,1.499,0.000,-0.017,0.009,9.0
39,0.339,0.823,1.499,0.000,-0.010,0.003,9.0
40,0.343,0.821,1.499,0.000,0.010,-0.012,9.0
41,0.346,0.818,1.499,0.000,0.028,-0.024,9.0
42,0.350,0.815,1.499,0.000,0.012,-0.046,9.0
43,0.353,0.813,1.499,0.000,0.026,-0.041,9.0
44,0.357,0.811,1.499,0.000,0.044,-0.030,9.0
45,0.361,0.808,1.499,0.000,0.040,-0.011,9.0
46,0.365,0.806,1.499,0.000,0.020,0.010,9.0
47,0.369,0.804,1.499,0.000,-0.004,0.024,9.0
48,0.373,0.802,1.499,0.000,-0.021,0.027,9.0
49,0.377,0.799,1.499,0.000,-0.026,0.020,9.0
50,0.381,0.797,1.499,0.000,-0.020,0.008,9.0
51,0.385,0.794,1.499,0.000,-0.009,-0.004,9.0
52,0.389,0.792,1.499,0.000,0.003,-0.012,9.0
53,0.393,0.789,1.499,0.000,0.012,-0.015,9.0
54,0.397,0.787,1.499,0.000,0.016,-0.014,9.0
55,0.401,0.784,1.499,0.000,0.015,-0.010,9.0
56,0.405,0.782,1.499,0.000,0.011,-0.004,9.0
57,0.409,0.780,1.499,0.000,0.006,-0.000,9.0
58,0.413,0.777,1.499,0.000,0.001,0.002,9.0
59,0.418,0.775,1.499,0.000,-0.001,0.002,9.0
60,0.422,0.773,1.499,0.000,-0.001,0.000,9.0
61,0.426,0.770,1.499,0.000,0.000,-0.002,9.0
62,0.430,0.768,1.499,0.000,0.002,-0.004,9.0
63,0.434,0.765,1.499,0.000,0.004,-0.005,9.0
64,0.438,0.763,1.499,0.000,0.005,-0.005,9.0
65,0.443,0.761,1.499,0.000,0.004,-0.004,9.0
66,0.447,0.758,1.499,0.000,0.004,-0.003,9.0
67,0.451,0.756,1.499,0.000,0.002,-0.002,9.0
68,0.456,0.754,1.499,0.000,0.001,-0.001,9.0
69,0.460,0.751,1.499,0.000,0.000,-0.001,9.0
70,0.464,0.749,1.499,0.000,-0.000,-0.001,9.0
71,0.468,0.747,1.499,0.000,-0.000,-0.001,9.0
72,0.473,0.745,1.499,0.000,-0.000,-0.001,9.0
73,0.477,0.742,1.499,0.000,0.000,-0.001,9.0
74,0.482,0.740,1.499,0.000,0.000,-0.001,9.0
75,0.486,0.738,1.499,0.000,0.000,-0.001,9.0
76,0.490,0.735,1.499,0.000,-0.000,-0.001,9.0
77,0.495,0.733,1.499,0.000,-0.000,-0.001,9.0
78,0.499,0.731,1.499,0.000,-0.001,-0.001,9.0
79,0.503,0.728,1.499,0.000,-0.001,-0.001,9.0
80,0.508,0.726,1.499,0.000,-0.045,-0.034,9.0
81,0.512,0.724,1.499,0.000,-0.075,-0.055,9.0
82,0.516,0.722,1.499,0.000,-0.078,-0.058,9.0
83,0.520,0.720,1.499,0.000,-0.061,-0.045,9.0
84,0.523,0.718,1.499,0.000,-0.033,-0.023,9.0
85,0.527,0.717,1.499,0.000,-0.007,-0.002,9.0
86,0.530,0.715,1.499,0.000,0.012,0.014,9.0
87,0.534,0.713,1.499,0.000,0.019,0.021,9.0
88,0.537,0.712,1.499,0.000,0.016,0.020,9.0
89,0.541,0.710,1.499,0.000,0.007,0.013,9.0
90,0.544,0.708,1.499,0.000,-0.003,0.005,9.0
91,0.548,0.706,1.499,0.000,-0.011,-0.003,9.0
92,0.551,0.704,1.499,0.000,-0.015,-0.007,9.0
93,0.555,0.702,1.499,0.000,-0.014,-0.007,9.0
94,0.558,0.701,1.499,0.000,-0.010,-0.005,9.0
95,0.562,0.699,1.499,0.000,-0.005,-0.001,9.0
96,0.565,0.697,1.499,0.000,-0.001,0.002,9.0
97,0.569,0.695,1.499,0.000,0.001,0.004,9.0
98,0.572,0.693,1.499,0.000,0.002,0.005,9.0
99,0.576,0.691,1.499,0.000,0.001,0.004,9.0
100,0.579,0.690,1.499,0.000,-0.001,0.003,9.0
101,0.583,0.688,1.499,0.000,-0.003,0.001,9.0
102,0.586,0.686,1.499,0.000,-0.004,-0.000,9.0
103,0.590,0.684,1.499,0.000,-0.004,-0.001,9.0
104,0.593,0.682,1.499,0.000,-0.003,-0.003,9.0
105,0.597,0.680,1.499,0.000,-0.003,-0.002,9.0
106,0.600,0.678,1.499,0.000,-0.002,-0.000,9.0
107,0.604,0.676,1.499,0.000,-0.002,0.002,9.0
108,0.607,0.674,1.499,0.000,-0.002,0.002,9.0
109,0.610,0.673,1.499,0.000,-0.002,0.002,9.0
110,0.614,0.671,1.499,0.000,-0.002,0.002,9.0
111,0.617,0.669,1.499,0.000,-0.002,0.001,9.0
112,0.621,0.667,1.499,0.000,-0.002,-0.000,9.0
113,0.624,0.665,1.499,0.000,-0.002,-0.001,9.0
114,0.628,0.663,1.499,0.000,-0.002,-0.001,9.0
115,0.631,0.661,1.499,0.000,-0.002,-0.001,9.0
116,0.635,0.659,1.499,0.000,-0.002,0.000,9.0
117,0.638,0.657,1.499,0.000,-0.002,0.001,9.0
118,0.641,0.655,1.499,0.000,-0.003,0.001,9.0
119,0.645,0.653,1.499,0.000,-0.003,0.002,9.0
120,0.648,0.651,1.499,0.000,-0.002,0.001,9.0
121,0.652,0.649,1.499,0.000,-0.002,0.001,9.0
122,0.655,0.647,1.499,0.000,-0.002,0.000,9.0
123,0.659,0.645,1.499,0.000,-0.002,-0.000,9.0
124,0.662,0.643,1.499,0.000,-0.002,-0.000,9.0
125,0.665,0.641,1.499,0.000,-0.002,0.000,9.0
126,0.669,0.639,1.499,0.000,-0.002,0.000,9.0
127,0.672,0.637,1.499,0.000,-0.002,0.001,9.0
128,0.676,0.635,1.499,0.000,-0.002,0.001,9.0
129,0.679,0.633,1.499,0.000,-0.002,0.001,9.0
130,0.683,0.631,1.499,0.000,-0.002,0.001,9.0
131,0.686,0.629,1.499,0.000,-0.002,0.001,9.0
132,0.689,0.627,1.499,0.000,-0.002,0.001,9.0
133,0.693,0.625,1.499,0.000,-0.002,0.001,9.0
134,0.696,0.623,1.499,0.000,-0.002,0.001,9.0
135,0.700,0.621,1.499,0.000,-0.002,0.001,9.0
136,0.703,0.619,1.499,0.000,-0.002,0.001,9.0
137,0.706,0.617,1.499,0.000,-0.002,0.001,9.0
138,0.710,0.615,1.499,0.000,-0.002,0.001,9.0
139,0.713,0.613,1.499,0.000,-0.002,0.001,9.0
140,0.717,0.611,1.499,0.000,-0.003,0.001,9.0
141,0.720,0.609,1.499,0.000,-0.003,0.001,9.0
142,0.723,0.606,1.499,0.000,-0.003,0.001,9.0
143,0.727,0.604,1.499,0.000,-0.003,0.001,9.0
144,0.730,0.602,1.499,0.000,-0.003,0.001,9.0
145,0.734,0.600,1.499,0.000,-0.003,0.001,9.0
146,0.737,0.598,1.499,0.000,-0.003,0.001,9.0
147,0.740,0.596,1.499,0.000,-0.003,0.001,9.0
148,0.744,0.594,1.499,0.000,-0.003,0.001,9.0
149,0.747,0.592,1.499,0.000,-0.003,0.001,9.0
150,0.751,0.589,1.499,0.000,-0.003,0.001,9.0
151,0.754,0.587,1.499,0.000,-0.003,0.001,9.0
152,0.757,0.585,1.499,0.000,-0.003,0.001,9.0
153,0.761,0.583,1.499,0.000,-0.003,0.001,9.0
154,0.764,0.581,1.499,0.000,-0.003,0.001,9.0
155,0.767,0.578,1.499,0.000,-0.003,0.001,9.0
156,0.771,0.576,1.499,0.000,-0.003,0.001,9.0
157,0.774,0.574,1.499,0.000,-0.003,0.001,9.0
158,0.777,0.572,1.499,0.000,-0.003,0.001,9.0
159,0.781,0.569,1.499,0.000,-0.003,0.001,9.0
160,0.784,0.567,1.499,0.000,-0.003,0.001,9.0
161,0.787,0.565,1.499,0.000,-0.003,0.001,9.0
162,0.791,0.563,1.499,0.000,-0.003,0.001,9.0
163,0.794,0.560,1.499,0.000,-0.003,0.001,9.0
164,0.797,0.558,1.499,0.000,-0.002,0.001,9.0
165,0.801,0.556,1.499,0.000,-0.002,0.001,9.0
166,0.804,0.554,1.499,0.000,-0.002,0.001,9.0
167,0.807,0.551,1.499,0.000,-0.002,0.001,9.0
168,0.811,0.549,1.499,0.000,-0.002,0.001,9.0
169,0.814,0.547,1.499,0.000,-0.002,0.001,9.0
170,0.817,0.544,1.499,0.000,-0.002,0.001,9.0
171,0.821,0.542,1.499,0.000,-0.002,0.001,9.0
172,0.824,0.540,1.499,0.000,-0.002,0.001,9.0
173,0.827,0.537,1.499,0.000,-0.002,0.001,9.0
174,0.831,0.535,1.499,0.000,-0.002,0.001,9.0
175,0.834,0.532,1.499,0.000,-0.002,0.001,9.0
176,0.837,0.530,1.499,0.000,-0.002,0.001,9.0
177,0.841,0.528,1.499,0.000,-0.002,0.001,9.0
178,0.844,0.525,1.499,0.000,-0.002,0.001,9.0
179,0.847,0.523,1.499,0.000,-0.002,0.001,9.0
180,0.851,0.521,1.499,0.000,-0.002,0.001,9.0
181,0.854,0.518,1.499,0.000,-0.002,0.001,9.0
182,0.857,0.516,1.499,0.000,-0.002,0.001,9.0
183,0.860,0.513,1.499,0.000,-0.002,0.001,9.0
184,0.864,0.511,1.499,0.000,-0.002,0.001,9.0
185,0.867,0.508,1.499,0.000,-0.002,0.001,9.0
186,0.870,0.506,1.499,0.000,-0.002,0.000,9.0
187,0.874,0.504,1.499,0.000,-0.002,0.000,9.0
188,0.877,0.501,1.499,0.000,-0.002,0.000,9.0
189,0.880,0.499,1.499,0.000,-0.002,0.000,9.0
190,0.883,0.496,1.499,0.000,-0.002,0.000,9.0
191,0.887,0.494,1.499,0.000,-0.002,0.000,9.0
192,0.890,0.491,1.499,0.000,-0.002,0.000,9.0
193,0.893,0.489,1.499,0.000,-0.002,0.000,9.0
194,0.896,0.486,1.499,0.000,-0.002,0.000,9.0
195,0.900,0.484,1.499,0.000,-0.002,0.000,9.0
196,0.903,0.481,1.499,0.000,-0.002,0.000,9.0
197,0.906,0.479,1.499,0.000,-0.002,0.000,9.0
198,0.910,0.476,1.499,0.000,-0.002,0.000,9.0
199,0.913,0.474,1.499,0.000,-0.002,0.000,9.0
200,0.916,0.471,1.499,0.000,-0.002,0.000,9.0
201,0.919,0.469,1.499,0.000,-0.002,0.000,9.0
202,0.923,0.466,1.499,0.000,-0.002,-0.000,9.0
203,0.926,0.464,1.499,0.000,-0.002,-0.000,9.0
204,0.929,0.461,1.499,0.000,-0.002,-0.000,9.0
205,0.932,0.458,1.499,0.000,-0.002,-0.000,9.0
206,0.936,0.456,1.499,0.000,-0.002,-0.000,9.0
207,0.939,0.453,1.499,0.000,-0.002,-0.000,9.0
208,0.942,0.451,1.499,0.000,-0.002,-0.000,9.0
209,0.945,0.448,1.499,0.000,-0.002,-0.000,9.0
210,0.949,0.446,1.499,0.000,-0.002,-0.000,9.0
211,0.952,0.443,1.499,0.000,-0.002,-0.000,9.0
212,0.955,0.441,1.499,0.000,-0.002,-0.000,9.0
213,0.958,0.438,1.499,0.000,-0.002,-0.000,9.0
214,0.962,0.435,1.499,0.000,-0.002,-0.000,9.0
215,0.965,0.433,1.499,0.000,-0.002,-0.000,9.0
216,0.968,0.430,1.499,0.000,-0.002,-0.000,9.0
217,0.971,0.428,1.499,0.000,-0.002,-0.000,9.0
218,0.974,0.425,1.499,0.000,-0.002,-0.000,9.0
219,0.978,0.422,1.499,0.000,-0.002,-0.000,9.0
220,0.981,0.420,1.499,0.000,-0.002,-0.000,9.0
221,0.984,0.417,1.499,0.000,-0.002,-0.000,9.0
222,0.987,0.415,1.499,0.000,-0.002,-0.000,9.0
223,0.991,0.412,1.499,0.000,-0.002,-0.000,9.0
224,0.994,0.409,1.499,0.000,-0.002,-0.000,9.0
225,0.997,0.407,1.499,0.000,-0.002,-0.000,9.0
226,1.000,0.404,1.499,0.000,-0.002,-0.000,9.0
227,1.003,0.402,1.499,0.000,-0.002,-0.000,9.0
228,1.007,0.399,1.499,0.000,-0.002,-0.000,9.0
229,1.010,0.396,1.499,0.000,-0.002,-0.000,9.0
230,1.013,0.394,1.499,0.000,-0.002,-0.002,9.0
231,1.016,0.391,1.499,0.000,-0.001,-0.003,9.0
232,1.020,0.388,1.499,0.000,-0.001,-0.003,9.0
233,1.023,0.386,1.499,0.000,-0.001,-0.002,9.0
234,1.026,0.383,1.499,0.000,-0.002,-0.001,9.0
235,1.029,0.381,1.499,0.000,-0.002,-0.000,9.0
236,1.032,0.378,1.499,0.000,-0.003,0.001,9.0
237,1.036,0.375,1.499,0.000,-0.003,0.001,9.0
238,1.039,0.373,1.499,0.000,-0.003,0.001,9.0
239,1.042,0.370,1.499,0.000,-0.003,0.001,9.0
240,1.045,0.367,1.499,0.000,-0.002,0.000,9.0
241,1.048,0.365,1.499,0.000,-0.002,-0.000,9.0
242,1.052,0.362,1.499,0.000,-0.002,-0.001,9.0
243,1.055,0.359,1.499,0.000,-0.002,-0.001,9.0
244,1.058,0.357,1.499,0.000,-0.002,-0.001,9.0
245,1.061,0.354,1.499,0.000,-0.002,-0.001,9.0
246,1.064,0.351,1.499,0.000,-0.002,-0.001,9.0
247,1.068,0.349,1.499,0.000,-0.002,-0.000,9.0
248,1.071,0.346,1.499,0.000,-0.002,-0.000,9.0
249,1.074,0.343,1.499,0.000,-0.002,0.000,9.0
250,1.077,0.341,1.499,0.000,-0.003,0.000,9.0
251,1.080,0.338,1.499,0.000,-0.003,0.001,9.0
252,1.084,0.335,1.499,0.000,-0.003,0.001,9.0
253,1.087,0.332,1.499,0.000,-0.003,0.001,9.0
254,1.090,0.330,1.499,0.000,-0.003,0.001,9.0
255,1.093,0.327,1.499,0.000,-0.003,0.001,9.0
256,1.096,0.324,1.499,0.000,-0.003,0.001,9.0
257,1.099,0.322,1.499,0.000,-0.003,0.001,9.0
258,1.103,0.319,1.499,0.000,-0.003,0.000,9.0
259,1.106,0.316,1.499,0.000,-0.002,-0.000,9.0
260,1.109,0.313,1.499,0.000,-0.002,-0.001,9.0
261,1.112,0.310,1.499,0.000,-0.002,-0.001,9.0
262,1.115,0.308,1.499,0.000,-0.002,-0.002,9.0
263,1.118,0.305,1.499,0.000,-0.002,-0.002,9.0
264,1.122,0.302,1.499,0.000,-0.002,-0.001,9.0
265,1.125,0.299,1.499,0.000,-0.002,-0.000,9.0
266,1.128,0.297,1.499,0.000,-0.003,0.001,9.0
267,1.131,0.294,1.499,0.000,-0.003,0.001,9.0
268,1.134,0.291,1.499,0.000,-0.003,0.002,9.0
269,1.137,0.288,1.499,0.000,-0.003,0.002,9.0
270,1.140,0.286,1.499,0.000,-0.003,0.001,9.0
271,1.144,0.283,1.499,0.000,-0.003,0.001,9.0
272,1.147,0.280,1.499,0.000,-0.003,0.000,9.0
273,1.150,0.277,1.499,0.000,-0.003,0.000,9.0
274,1.153,0.274,1.500,0.000,-0.002,0.000,9.0
275,1.156,0.271,1.500,0.000,-0.003,0.000,9.0
276,1.159,0.269,1.500,0.000,-0.003,0.000,9.0
277,1.162,0.266,1.500,0.000,-0.003,0.001,9.0
278,1.165,0.263,1.500,0.000,-0.003,0.001,9.0
279,1.168,0.260,1.500,0.000,-0.003,0.001,9.0
280,1.172,0.257,1.500,0.000,-0.003,0.001,9.0
281,1.175,0.254,1.500,0.000,-0.003,0.001,9.0
282,1.178,0.251,1.500,0.000,-0.003,0.001,9.0
283,1.181,0.248,1.500,0.000,-0.003,0.001,9.0
284,1.184,0.245,1.500,0.000,-0.003,0.001,9.0
285,1.187,0.243,1.500,0.000,-0.003,0.001,9.0
286,1.190,0.240,1.500,0.000,-0.003,0.001,9.0
287,1.193,0.237,1.500,0.000,-0.003,0.000,9.0
288,1.196,0.234,1.500,0.000,-0.003,0.000,9.0
289,1.199,0.231,1.500,0.000,-0.003,0.000,9.0
290,1.202,0.228,1.500,0.000,-0.003,0.000,9.0
291,1.205,0.225,1.500,0.000,-0.003,0.000,9.0
292,1.208,0.222,1.500,0.000,-0.003,0.000,9.0
293,1.211,0.219,1.500,0.000,-0.003,0.000,9.0
294,1.214,0.216,1.500,0.000,-0.003,0.000,9.0
295,1.217,0.213,1.500,0.000,-0.003,0.000,9.0
296,1.221,0.210,1.500,0.000,-0.030,-0.027,9.0
297,1.223,0.207,1.500,0.000,-0.075,-0.073,9.0
298,1.226,0.204,1.500,0.000,-0.129,-0.209,12.0
299,1.228,0.202,1.500,0.000,0.062,-0.189,12.0
300,1.231,0.201,1.500,0.000,0.225,-0.112,12.0
301,1.234,0.200,1.500,0.000,0.284,-0.015,12.0
302,1.238,0.199,1.500,0.000,0.248,0.063,12.0
303,1.243,0.198,1.500,0.000,0.153,0.098,12.0
304,1.249,0.197,1.500,0.000,0.037,0.097,12.0
305,1.255,0.195,1.500,0.000,-0.060,0.070,12.0
306,1.260,0.193,1.500,0.000,-0.114,0.031,12.0
307,1.265,0.191,1.500,0.000,-0.121,-0.007,12.0
308,1.270,0.189,1.500,0.000,-0.092,-0.031,12.0
309,1.275,0.187,1.500,0.000,-0.045,-0.038,12.0
310,1.279,0.185,1.500,0.000,-0.001,-0.032,12.0
311,1.283,0.183,1.500,0.000,0.029,-0.017,12.0
312,1.288,0.181,1.500,0.000,0.039,-0.000,12.0
313,1.292,0.180,1.500,0.000,0.031,0.012,12.0
314,1.297,0.178,1.500,0.000,0.013,0.017,12.0
315,1.302,0.176,1.500,0.000,-0.008,0.016,12.0
316,1.306,0.174,1.500,0.000,-0.023,0.010,12.0
317,1.311,0.172,1.500,0.000,-0.031,0.003,12.0
318,1.316,0.170,1.500,0.000,-0.030,-0.003,12.0
319,1.320,0.169,1.500,0.000,-0.023,-0.006,12.0
320,1.324,0.167,1.500,0.000,-0.013,-0.006,12.0
321,1.329,0.165,1.500,0.000,-0.005,-0.005,12.0
322,1.333,0.163,1.500,0.000,0.000,-0.002,12.0
323,1.338,0.161,1.500,0.000,0.002,0.001,12.0
324,1.342,0.159,1.500,0.000,0.001,0.002,12.0
325,1.346,0.157,1.500,0.000,-0.002,0.003,12.0
326,1.351,0.155,1.500,0.000,-0.006,0.002,12.0
327,1.355,0.153,1.500,0.000,-0.008,0.001,12.0
328,1.359,0.152,1.500,0.000,-0.009,0.000,12.0
329,1.364,0.150,1.500,0.000,-0.008,-0.001,12.0
330,1.368,0.148,1.500,0.000,-0.007,-0.001,12.0
331,1.372,0.146,1.500,0.000,-0.005,-0.001,12.0
332,1.376,0.144,1.500,0.000,-0.003,-0.001,12.0
333,1.381,0.142,1.500,0.000,-0.003,-0.001,12.0
334,1.385,0.140,1.500,0.000,-0.003,0.000,12.0
335,1.389,0.138,1.500,0.000,-0.003,0.001,12.0
336,1.394,0.136,1.500,0.000,-0.003,0.001,12.0
337,1.398,0.134,1.500,0.000,-0.003,0.001,12.0
338,1.402,0.132,1.500,0.000,-0.004,0.001,12.0
339,1.406,0.130,1.500,0.000,-0.018,-0.000,12.0
340,1.410,0.128,1.500,0.000,-0.235,-0.101,12.0
341,1.414,0.127,1.500,0.000,-0.163,-0.067,12.0
342,1.417,0.125,1.500,0.000,-0.015,-0.008,12.0
343,1.420,0.124,1.499,0.000,0.110,0.039,12.0
344,1.423,0.123,1.499,0.000,0.175,0.063,12.0
345,1.427,0.121,1.499,0.000,0.174,0.062,12.0
346,1.431,0.119,1.499,0.000,0.124,0.044,12.0
347,1.436,0.117,1.499,0.000,0.053,0.019,12.0
348,1.441,0.115,1.499,0.000,-0.014,-0.004,12.0
349,1.446,0.113,1.499,0.000,-0.058,-0.019,12.0
350,1.450,0.111,1.499,-0.000,-0.073,-0.023,12.0
351,1.455,0.109,1.499,-0.000,-0.078,-0.019,12.0
352,1.459,0.107,1.499,-0.000,-0.267,-0.117,12.0
353,1.463,0.105,1.499,-0.000,-0.168,-0.070,12.0
354,1.466,0.104,1.499,-0.000,0.001,-0.001,12.0
355,1.469,0.102,1.499,-0.000,0.131,0.052,12.0
356,1.472,0.101,1.499,-0.000,0.191,0.076,12.0
357,1.476,0.099,1.499,-0.000,0.181,0.071,12.0
358,1.480,0.097,1.499,-0.000,0.122,0.047,12.0
359,1.485,0.095,1.499,-0.000,0.044,0.016,12.0
360,1.490,0.093,1.499,-0.000,-0.025,-0.011,12.0
361,1.495,0.091,1.499,-0.000,-0.069,-0.026,12.0
362,1.500,0.089,1.499,-0.000,-0.080,-0.028,12.0
363,1.505,0.087,1.499,-0.000,-0.066,-0.021,12.0
364,1.509,0.085,1.499,-0.000,-0.037,-0.009,12.0
365,1.513,0.083,1.499,-0.000,-0.006,0.003,12.0
366,1.518,0.081,1.499,-0.000,0.017,0.011,12.0
367,1.522,0.079,1.499,-0.000,0.026,0.016,12.0
368,1.526,0.077,1.499,-0.000,0.016,0.014,12.0
369,1.531,0.075,1.500,-0.000,0.001,0.008,12.0
370,1.535,0.073,1.500,-0.000,-0.012,0.002,12.0
371,1.540,0.070,1.500,-0.000,-0.020,-0.003,12.0
372,1.544,0.068,1.500,-0.000,-0.022,-0.006,12.0
373,1.548,0.066,1.500,-0.000,-0.021,-0.007,12.0
374,1.553,0.064,1.500,-0.000,-0.016,-0.007,12.0
375,1.557,0.062,1.500,-0.000,-0.009,-0.004,12.0
376,1.561,0.060,1.500,-0.000,0.007,0.001,12.0
377,1.565,0.058,1.500,-0.000,0.047,0.012,12.0
378,1.569,0.056,1.500,-0.000,0.097,0.029,12.0
379,1.574,0.054,1.500,-0.000,0.130,0.044,12.0
380,1.579,0.051,1.500,-0.000,0.125,0.048,12.0
381,1.585,0.049,1.500,-0.000,0.083,0.039,12.0
382,1.591,0.046,1.500,-0.000,0.024,0.020,12.0
383,1.597,0.043,1.500,-0.000,-0.032,-0.001,12.0
384,1.603,0.041,1.500,-0.000,-0.070,-0.017,12.0
385,1.608,0.038,1.500,-0.000,-0.083,-0.025,12.0
386,1.614,0.035,1.500,-0.000,-0.073,-0.025,12.0
387,1.619,0.033,1.500,-0.000,-0.047,-0.019,12.0
388,1.624,0.030,1.500,-0.000,-0.026,-0.012,12.0
389,1.629,0.028,1.500,-0.000,-0.027,-0.011,12.0
390,1.634,0.025,1.500,-0.000,-0.045,-0.017,12.0
391,1.638,0.023,1.500,-0.000,-0.068,-0.025,12.0
392,1.643,0.021,1.500,-0.000,-0.070,-0.032,12.0
393,1.647,0.019,1.500,-0.000,-0.054,-0.035,12.0
394,1.651,0.017,1.500,-0.000,-0.028,-0.033,12.0
395,1.655,0.015,1.500,-0.000,-0.004,-0.027,12.0
396,1.659,0.013,1.500,-0.000,-0.234,-0.118,12.0
397,1.662,0.011,1.500,-0.000,-0.143,-0.073,12.0
398,1.665,0.010,1.500,-0.000,-0.005,-0.003,12.0
399,1.668,0.009,1.500,-0.000,0.098,0.055,12.0
400,1.671,0.008,1.500,-0.000,0.143,0.083,12.0
401,1.674,0.006,1.500,-0.000,0.132,0.080,12.0
402,1.678,0.004,1.500,-0.000,0.084,0.056,12.0
403,1.682,0.002,1.500,-0.000,0.024,0.024,12.0
404,1.687,-0.000,1.500,-0.000,-0.027,-0.004,12.0
405,1.691,-0.002,1.500,-0.000,-0.056,-0.022,12.0
406,1.695,-0.005,1.500,-0.000,-0.060,-0.026,12.0
407,1.699,-0.007,1.500,-0.000,-0.045,-0.019,12.0
408,1.703,-0.009,1.500,-0.000,-0.021,-0.007,12.0
409,1.706,-0.011,1.500,-0.000,0.002,0.005,12.0
410,1.710,-0.013,1.500,-0.000,0.017,0.013,12.0
411,1.714,-0.015,1.500,-0.000,0.024,0.016,12.0
412,1.718,-0.017,1.500,-0.000,0.022,0.014,12.0
413,1.722,-0.019,1.500,-0.000,0.015,0.009,12.0
414,1.726,-0.021,1.500,-0.000,0.007,0.004,12.0
415,1.729,-0.023,1.500,-0.000,-0.000,-0.001,12.0
416,1.734,-0.025,1.500,-0.000,-0.004,-0.003,12.0
417,1.738,-0.028,1.500,-0.000,-0.004,-0.003,12.0
418,1.742,-0.030,1.500,-0.000,-0.002,-0.002,12.0
419,1.746,-0.032,1.500,-0.000,0.001,0.000,12.0
420,1.750,-0.034,1.500,-0.000,0.004,0.002,12.0
421,1.754,-0.036,1.500,-0.000,0.005,0.003,12.0
422,1.758,-0.039,1.500,-0.000,0.005,0.003,12.0
423,1.762,-0.041,1.500,-0.000,0.004,0.003,12.0
424,1.766,-0.043,1.500,-0.000,0.003,0.002,12.0
425,1.770,-0.045,1.500,-0.000,0.001,0.001,12.0
426,1.774,-0.048,1.500,-0.000,0.000,0.000,12.0
427,1.778,-0.050,1.500,-0.000,-0.001,-0.000,12.0
428,1.782,-0.052,1.500,-0.000,-0.001,-0.000,12.0
429,1.786,-0.054,1.501,-0.000,-0.000,0.000,12.0
430,1.791,-0.057,1.501,-0.000,-0.000,0.001,12.0
431,1.795,-0.059,1.501,-0.000,0.000,0.001,12.0
432,1.799,-0.061,1.501,-0.000,0.000,0.001,12.0
433,1.803,-0.064,1.501,-0.000,-0.000,0.001,12.0
434,1.807,-0.066,1.501,-0.000,-0.000,0.001,12.0
435,1.811,-0.068,1.501,-0.000,-0.001,0.000,12.0
436,1.816,-0.071,1.501,-0.000,-0.001,0.000,12.0
437,1.820,-0.073,1.501,-0.000,-0.001,0.000,12.0
438,1.824,-0.075,1.501,-0.000,-0.001,0.000,12.0
439,1.828,-0.078,1.501,-0.000,-0.002,0.000,12.0
440,1.833,-0.080,1.501,-0.000,-0.002,0.000,12.0
441,1.837,-0.082,1.501,-0.000,-0.002,0.000,12.0
442,1.841,-0.085,1.501,-0.000,-0.002,0.000,12.0
443,1.845,-0.087,1.501,-0.000,-0.002,0.000,12.0
444,1.849,-0.089,1.501,-0.000,-0.002,0.000,12.0
445,1.854,-0.092,1.501,-0.000,-0.002,0.000,12.0
446,1.858,-0.094,1.501,-0.000,-0.002,0.000,12.0
447,1.862,-0.096,1.501,-0.000,-0.002,0.000,12.0
448,1.866,-0.099,1.502,-0.000,-0.002,0.000,12.0
449,1.870,-0.101,1.502,-0.000,-0.002,0.000,12.0
450,1.875,-0.104,1.502,-0.000,-0.002,0.000,12.0
451,1.879,-0.106,1.502,-0.000,-0.002,0.000,12.0
452,1.883,-0.108,1.502,-0.000,-0.002,0.000,12.0
453,1.887,-0.111,1.502,-0.000,-0.002,0.000,12.0
454,1.892,-0.113,1.502,-0.000,-0.002,0.000,12.0
455,1.896,-0.116,1.502,-0.000,-0.002,0.000,12.0
456,1.900,-0.118,1.502,-0.000,-0.002,0.000,12.0
457,1.904,-0.120,1.502,-0.000,-0.002,0.000,12.0
458,1.908,-0.123,1.502,-0.000,-0.003,0.000,12.0
459,1.913,-0.125,1.502,-0.000,-0.003,0.000,12.0
460,1.917,-0.128,1.502,-0.000,-0.003,0.000,12.0
461,1.921,-0.130,1.502,-0.000,-0.003,0.000,12.0
462,1.925,-0.133,1.502,-0.000,-0.003,0.001,12.0
463,1.930,-0.135,1.502,-0.000,-0.004,0.002,12.0
464,1.934,-0.138,1.502,-0.000,-0.003,0.002,12.0
465,1.938,-0.140,1.502,-0.000,-0.002,0.002,12.0
466,1.942,-0.142,1.502,-0.000,-0.184,-0.120,12.0
467,1.946,-0.145,1.502,-0.000,-0.121,-0.079,12.0
468,1.949,-0.146,1.502,-0.000,-0.014,-0.009,12.0
469,1.952,-0.148,1.502,-0.000,0.073,0.048,12.0
470,1.956,-0.150,1.502,-0.000,0.118,0.076,12.0
471,1.959,-0.152,1.502,-0.000,0.118,0.075,12.0
472,1.963,-0.155,1.502,-0.000,0.085,0.053,12.0
473,1.968,-0.157,1.503,-0.000,0.036,0.022,12.0
474,1.973,-0.160,1.503,-0.000,-0.010,-0.007,12.0
475,1.977,-0.163,1.503,-0.000,-0.041,-0.024,12.0
476,1.982,-0.166,1.503,-0.000,-0.052,-0.029,12.0
477,1.986,-0.168,1.503,-0.000,-0.046,-0.023,12.0
478,1.990,-0.171,1.503,-0.000,-0.029,-0.012,12.0
479,1.994,-0.173,1.503,-0.000,-0.009,0.001,12.0
480,1.998,-0.176,1.503,-0.000,0.008,0.008,12.0
481,2.002,-0.178,1.503,-0.000,0.018,0.011,12.0
482,2.007,-0.181,1.503,-0.000,0.018,0.010,12.0
483,2.011,-0.183,1.503,-0.000,0.011,0.006,12.0
484,2.015,-0.186,1.503,-0.000,-0.011,0.001,12.0
485,2.019,-0.188,1.503,-0.000,-0.029,-0.004,12.0
486,2.023,-0.191,1.503,-0.000,-0.036,-0.006,12.0
487,2.027,-0.193,1.503,-0.000,-0.032,-0.006,12.0
488,2.031,-0.196,1.503,-0.000,-0.022,-0.004,12.0
489,2.035,-0.199,1.503,-0.000,-0.010,-0.002,12.0
490,2.039,-0.201,1.503,-0.000,-0.000,0.000,12.0
491,2.043,-0.204,1.503,-0.000,0.006,0.002,12.0
492,2.047,-0.206,1.503,-0.000,0.007,0.002,12.0
493,2.051,-0.209,1.503,-0.000,0.004,0.002,12.0
494,2.055,-0.211,1.503,-0.000,-0.000,0.001,12.0
495,2.058,-0.214,1.503,-0.000,-0.004,-0.000,12.0
496,2.062,-0.217,1.503,-0.000,-0.007,-0.001,12.0
497,2.066,-0.219,1.503,-0.000,-0.009,-0.001,12.0
498,2.070,-0.222,1.503,-0.000,-0.011,-0.001,12.0
499,2.074,-0.224,1.503,-0.000,-0.012,-0.001,12.0
500,2.078,-0.227,1.503,-0.000,-0.013,-0.001,12.0
501,2.081,-0.230,1.503,-0.000,-0.019,-0.002,12.0
502,2.085,-0.232,1.503,-0.000,-0.021,-0.002,12.0
503,2.089,-0.235,1.503,-0.000,-0.202,-0.139,12.0
504,2.092,-0.237,1.503,-0.000,-0.133,-0.090,12.0
505,2.094,-0.239,1.503,-0.000,-0.003,-0.008,12.0
506,2.097,-0.241,1.503,-0.000,0.099,0.058,12.0
507,2.100,-0.243,1.503,-0.000,0.147,0.090,12.0
508,2.103,-0.245,1.503,-0.000,0.140,0.087,12.0
509,2.107,-0.248,1.503,-0.000,0.094,0.060,12.0
510,2.111,-0.250,1.503,-0.000,0.032,0.023,12.0
511,2.115,-0.253,1.503,-0.000,-0.024,-0.010,12.0
512,2.119,-0.256,1.503,-0.000,-0.059,-0.030,12.0
513,2.123,-0.259,1.503,-0.000,-0.069,-0.035,12.0
514,2.127,-0.262,1.503,-0.000,-0.057,-0.028,12.0
515,2.131,-0.264,1.503,-0.000,-0.034,-0.014,12.0
516,2.134,-0.267,1.503,-0.000,-0.009,0.001,12.0
517,2.138,-0.269,1.503,-0.000,0.010,0.011,12.0
518,2.141,-0.272,1.503,-0.000,0.018,0.015,12.0
519,2.145,-0.275,1.503,-0.000,0.019,0.013,12.0
520,2.149,-0.277,1.503,-0.000,0.013,0.008,12.0
521,2.152,-0.280,1.503,-0.000,0.003,0.002,12.0
522,2.156,-0.283,1.503,-0.000,-0.008,-0.004,12.0
523,2.160,-0.286,1.503,-0.000,-0.015,-0.006,12.0
524,2.163,-0.288,1.503,-0.000,-0.018,-0.007,12.0
525,2.167,-0.291,1.503,-0.000,-0.017,-0.005,12.0
526,2.170,-0.294,1.503,-0.000,-0.013,-0.003,12.0
527,2.174,-0.296,1.503,-0.000,-0.008,-0.000,12.0
528,2.177,-0.299,1.503,-0.000,-0.005,0.001,12.0
529,2.181,-0.302,1.503,-0.000,-0.002,0.002,12.0
530,2.184,-0.304,1.503,-0.000,-0.000,0.001,12.0
531,2.188,-0.307,1.503,-0.000,-0.000,0.000,12.0
532,2.191,-0.310,1.503,-0.000,-0.001,-0.000,12.0
533,2.195,-0.313,1.503,-0.000,-0.003,-0.001,12.0
534,2.198,-0.315,1.503,-0.000,-0.004,-0.002,12.0
535,2.202,-0.318,1.503,-0.000,-0.004,-0.002,12.0
536,2.205,-0.321,1.503,-0.000,-0.004,-0.001,12.0
537,2.209,-0.323,1.503,-0.000,-0.004,-0.001,12.0
538,2.212,-0.326,1.503,-0.000,-0.003,-0.000,12.0
539,2.216,-0.329,1.503,-0.000,-0.002,-0.000,12.0
540,2.219,-0.332,1.503,-0.000,-0.002,-0.000,12.0
541,2.223,-0.334,1.503,-0.000,-0.002,-0.000,12.0
542,2.226,-0.337,1.503,-0.000,-0.002,-0.001,12.0
543,2.229,-0.340,1.503,-0.000,-0.002,-0.001,12.0
544,2.233,-0.343,1.503,-0.000,-0.002,-0.001,12.0
545,2.236,-0.345,1.503,-0.000,-0.003,-0.001,12.0
546,2.240,-0.348,1.503,-0.000,-0.003,-0.001,12.0
547,2.243,-0.351,1.503,-0.000,-0.003,-0.001,12.0
548,2.247,-0.354,1.503,-0.000,-0.003,-0.001,12.0
549,2.250,-0.356,1.503,-0.000,-0.002,-0.001,12.0
550,2.253,-0.359,1.503,-0.000,-0.002,-0.001,12.0
551,2.257,-0.362,1.503,-0.000,-0.002,-0.001,12.0
552,2.260,-0.365,1.503,-0.000,-0.002,-0.002,12.0
553,2.264,-0.367,1.503,-0.000,-0.002,-0.001,12.0
554,2.267,-0.370,1.503,-0.000,-0.002,-0.001,12.0
555,2.271,-0.373,1.503,-0.000,-0.002,-0.001,12.0
556,2.274,-0.376,1.503,-0.000,-0.003,-0.001,12.0
557,2.277,-0.379,1.503,-0.000,-0.003,-0.001,12.0
558,2.281,-0.381,1.503,-0.000,-0.003,-0.001,12.0
559,2.284,-0.384,1.503,-0.000,-0.002,-0.001,12.0
560,2.288,-0.387,1.503,-0.000,-0.002,-0.001,12.0
561,2.291,-0.390,1.503,-0.000,-0.002,-0.001,12.0
562,2.295,-0.392,1.503,-0.000,-0.002,-0.001,12.0
563,2.298,-0.395,1.503,-0.000,0.005,-0.010,12.0
564,2.301,-0.398,1.503,-0.000,0.010,-0.017,12.0
565,2.305,-0.401,1.503,-0.000,0.004,-0.009,12.0
566,2.308,-0.403,1.503,-0.000,0.001,-0.005,12.0
567,2.312,-0.406,1.503,-0.000,-0.003,-0.000,12.0
568,2.315,-0.409,1.503,-0.000,-0.008,0.007,12.0
569,2.319,-0.411,1.503,-0.000,-0.012,0.012,12.0
570,2.322,-0.414,1.503,-0.000,-0.014,0.014,12.0
571,2.326,-0.417,1.503,-0.000,-0.010,0.009,12.0
572,2.329,-0.420,1.503,-0.000,-0.005,0.003,12.0
573,2.332,-0.423,1.503,-0.000,-0.001,-0.003,12.0
574,2.336,-0.425,1.503,-0.000,0.002,-0.006,12.0
575,2.339,-0.428,1.503,-0.000,0.002,-0.007,12.0
576,2.343,-0.431,1.503,-0.000,0.001,-0.005,12.0
577,2.346,-0.434,1.503,-0.000,-0.001,-0.003,12.0
578,2.349,-0.437,1.502,-0.000,-0.003,-0.000,12.0
579,2.353,-0.439,1.502,-0.000,-0.004,0.001,12.0
580,2.356,-0.442,1.502,-0.000,-0.004,0.002,12.0
581,2.360,-0.445,1.502,-0.000,-0.004,0.002,12.0
582,2.363,-0.448,1.502,-0.000,-0.003,0.001,12.0
583,2.366,-0.451,1.502,-0.000,-0.003,-0.001,12.0
584,2.370,-0.454,1.502,-0.000,-0.002,-0.001,12.0
585,2.373,-0.456,1.502,-0.000,-0.002,-0.002,12.0
586,2.376,-0.459,1.502,-0.000,-0.002,-0.002,12.0
587,2.380,-0.462,1.502,-0.000,-0.002,-0.002,12.0
588,2.383,-0.465,1.502,-0.000,-0.002,-0.001,12.0
589,2.387,-0.468,1.502,-0.000,-0.002,-0.001,12.0
590,2.390,-0.471,1.502,-0.000,-0.002,-0.001,12.0
591,2.393,-0.473,1.502,-0.000,-0.002,-0.001,12.0
592,2.397,-0.476,1.502,-0.000,-0.003,-0.000,12.0
593,2.400,-0.479,1.502,-0.000,-0.003,0.000,12.0
594,2.403,-0.482,1.502,-0.000,-0.004,0.001,12.0
595,2.407,-0.485,1.502,-0.000,-0.004,0.001,12.0
596,2.410,-0.488,1.502,-0.000,-0.003,0.000,12.0
597,2.413,-0.491,1.502,-0.000,-0.003,-0.000,12.0
598,2.417,-0.493,1.502,-0.000,-0.002,-0.001,12.0
599,2.420,-0.496,1.502,-0.000,-0.002,-0.001,12.0
600,2.423,-0.499,1.502,-0.000,-0.002,-0.001,12.0
601,2.427,-0.502,1.502,-0.000,-0.002,-0.001,12.0
602,2.430,-0.505,1.502,-0.000,-0.002,-0.001,12.0
603,2.433,-0.508,1.502,-0.000,-0.002,-0.001,12.0
604,2.437,-0.511,1.502,-0.000,-0.002,-0.001,12.0
605,2.440,-0.514,1.502,-0.000,-0.002,-0.001,12.0
606,2.443,-0.516,1.502,-0.000,-0.002,-0.001,12.0
607,2.447,-0.519,1.502,-0.000,-0.002,-0.001,12.0
608,2.450,-0.522,1.502,-0.000,-0.002,-0.001,12.0
609,2.453,-0.525,1.502,-0.000,-0.002,-0.001,12.0
610,2.457,-0.528,1.502,-0.000,-0.002,-0.001,12.0
611,2.460,-0.531,1.502,-0.000,-0.002,-0.001,12.0
612,2.463,-0.534,1.502,-0.000,-0.002,-0.001,12.0
613,2.467,-0.537,1.502,-0.000,-0.002,-0.001,12.0
614,2.470,-0.540,1.502,-0.000,-0.002,-0.001,12.0
615,2.473,-0.542,1.502,-0.000,-0.002,-0.001,12.0
616,2.477,-0.545,1.502,-0.000,-0.002,-0.001,12.0
617,2.480,-0.548,1.502,-0.000,-0.002,-0.001,12.0
618,2.483,-0.551,1.502,-0.000,-0.002,-0.001,12.0
619,2.487,-0.554,1.502,-0.000,-0.002,-0.001,12.0
620,2.490,-0.557,1.502,-0.000,-0.002,-0.001,12.0
621,2.493,-0.560,1.502,-0.000,-0.002,-0.001,12.0
622,2.496,-0.563,1.502,-0.000,-0.002,-0.001,12.0
623,2.500,-0.566,1.502,-0.000,-0.002,-0.001,12.0
624,2.503,-0.569,1.502,-0.000,-0.002,-0.001,12.0
625,2.506,-0.572,1.502,-0.000,-0.002,-0.001,12.0
626,2.510,-0.574,1.502,-0.000,-0.002,-0.001,12.0
627,2.513,-0.577,1.502,-0.000,-0.002,-0.001,12.0
628,2.516,-0.580,1.502,-0.000,-0.002,-0.001,12.0
629,2.520,-0.583,1.502,-0.000,-0.002,-0.001,12.0
630,2.523,-0.586,1.502,-0.000,-0.002,-0.001,12.0
631,2.526,-0.589,1.502,-0.000,-0.002,-0.001,12.0
632,2.529,-0.592,1.502,-0.000,-0.002,-0.001,12.0
633,2.533,-0.595,1.502,-0.000,-0.002,-0.001,12.0
634,2.536,-0.598,1.502,-0.000,-0.002,-0.001,12.0
635,2.539,-0.601,1.502,-0.000,-0.002,-0.001,12.0
636,2.543,-0.604,1.502,-0.000,-0.002,-0.001,12.0
637,2.546,-0.607,1.502,-0.000,-0.002,-0.001,12.0
638,2.549,-0.610,1.502,-0.000,-0.002,-0.001,12.0
639,2.552,-0.613,1.502,-0.000,-0.002,-0.001,12.0
640,2.556,-0.616,1.502,-0.000,-0.002,-0.001,12.0
641,2.559,-0.618,1.502,-0.000,-0.002,-0.001,12.0
642,2.562,-0.621,1.502,-0.000,-0.002,-0.001,12.0
643,2.565,-0.624,1.502,-0.000,-0.002,-0.001,12.0
644,2.569,-0.627,1.502,-0.000,-0.002,-0.001,12.0
645,2.572,-0.630,1.502,-0.000,-0.002,-0.001,12.0
646,2.575,-0.633,1.502,-0.000,-0.002,-0.001,12.0
647,2.579,-0.636,1.502,-0.000,-0.002,-0.001,12.0
648,2.582,-0.639,1.502,-0.000,-0.002,-0.001,12.0
649,2.585,-0.642,1.502,-0.000,-0.002,-0.001,12.0
650,2.588,-0.645,1.502,-0.000,-0.002,-0.001,12.0
651,2.592,-0.648,1.502,-0.000,-0.002,-0.001,12.0
652,2.595,-0.651,1.502,-0.000,-0.002,-0.001,12.0
653,2.598,-0.654,1.502,-0.000,-0.002,-0.001,12.0
654,2.601,-0.657,1.502,-0.000,-0.002,-0.001,12.0
655,2.605,-0.660,1.502,-0.000,-0.002,-0.001,12.0
656,2.608,-0.663,1.502,-0.000,-0.002,-0.001,12.0
657,2.611,-0.666,1.502,-0.000,-0.002,-0.001,12.0
658,2.614,-0.669,1.502,-0.000,-0.002,-0.001,12.0
659,2.618,-0.672,1.502,-0.000,-0.002,-0.001,12.0
660,2.621,-0.675,1.502,-0.000,-0.002,-0.001,12.0
661,2.624,-0.678,1.502,-0.000,-0.002,-0.001,12.0
662,2.627,-0.680,1.502,-0.000,-0.002,-0.001,12.0
663,2.631,-0.683,1.502,-0.000,-0.002,-0.001,12.0
664,2.634,-0.686,1.502,-0.000,-0.002,-0.001,12.0
665,2.637,-0.689,1.502,-0.000,-0.002,-0.001,12.0
666,2.641,-0.692,1.502,-0.000,-0.002,-0.001,12.0
667,2.644,-0.695,1.502,-0.000,-0.002,-0.001,12.0
668,2.647,-0.698,1.502,-0.000,-0.002,-0.001,12.0
669,2.650,-0.701,1.502,-0.000,-0.002,-0.001,12.0
670,2.654,-0.704,1.502,-0.000,-0.002,-0.002,12.0
671,2.657,-0.707,1.502,-0.000,-0.002,-0.002,12.0
672,2.660,-0.710,1.502,-0.000,-0.002,-0.002,12.0
673,2.663,-0.713,1.502,-0.000,-0.002,-0.002,12.0
674,2.667,-0.716,1.502,-0.000,-0.002,-0.002,12.0
675,2.670,-0.719,1.502,-0.000,-0.002,-0.002,12.0
676,2.673,-0.722,1.502,-0.000,-0.002,-0.002,12.0
677,2.676,-0.725,1.502,-0.000,-0.002,-0.002,12.0
678,2.680,-0.728,1.502,-0.000,-0.002,-0.002,12.0
679,2.683,-0.731,1.502,-0.000,-0.002,-0.002,12.0
680,2.686,-0.734,1.502,-0.000,-0.002,-0.002,12.0
681,2.689,-0.737,1.502,-0.000,-0.002,-0.002,12.0
682,2.693,-0.740,1.502,-0.000,-0.002,-0.002,12.0
683,2.696,-0.743,1.502,-0.000,-0.002,-0.002,12.0
684,2.699,-0.746,1.502,-0.000,-0.002,-0.002,12.0
685,2.702,-0.749,1.502,-0.000,-0.002,-0.002,12.0
686,2.706,-0.752,1.502,-0.000,-0.001,-0.002,12.0
687,2.709,-0.755,1.502,-0.000,-0.001,-0.002,12.0
688,2.712,-0.758,1.502,-0.000,-0.001,-0.002,12.0
689,2.715,-0.761,1.502,-0.000,-0.001,-0.002,12.0
690,2.719,-0.764,1.502,-0.000,-0.001,-0.002,12.0
691,2.722,-0.766,1.502,-0.000,-0.001,-0.002,12.0
692,2.725,-0.769,1.502,-0.000,-0.001,-0.002,12.0
693,2.728,-0.772,1.502,-0.000,-0.001,-0.002,12.0
694,2.732,-0.775,1.502,-0.000,-0.001,-0.002,12.0
695,2.735,-0.778,1.502,-0.000,-0.001,-0.002,12.0
696,2.738,-0.781,1.502,-0.000,-0.002,-0.002,12.0
697,2.742,-0.784,1.502,-0.000,-0.001,-0.002,12.0
698,2.745,-0.787,1.502,-0.000,-0.001,-0.002,12.0
699,2.748,-0.790,1.502,-0.000,-0.001,-0.002,12.0
700,2.751,-0.793,1.502,-0.000,-0.001,-0.002,12.0
701,2.755,-0.796,1.502,-0.000,-0.002,-0.002,12.0
702,2.758,-0.799,1.502,-0.000,-0.002,-0.002,12.0
703,2.761,-0.802,1.502,-0.000,-0.002,-0.002,12.0
704,2.764,-0.805,1.502,-0.000,-0.002,-0.002,12.0
705,2.768,-0.808,1.502,-0.000,-0.002,-0.002,12.0
706,2.771,-0.811,1.502,-0.000,-0.002,-0.002,12.0
707,2.774,-0.814,1.502,-0.000,-0.002,-0.002,12.0
708,2.778,-0.817,1.502,-0.000,-0.002,-0.002,12.0
709,2.781,-0.820,1.502,-0.000,-0.002,-0.002,12.0
710,2.784,-0.822,1.502,-0.000,-0.002,-0.002,12.0
711,2.787,-0.825,1.502,-0.000,-0.002,-0.002,12.0
712,2.791,-0.828,1.502,-0.000,-0.002,-0.002,12.0
713,2.794,-0.831,1.502,-0.000,-0.002,-0.002,12.0
714,2.797,-0.834,1.502,-0.000,-0.002,-0.002,12.0
715,2.800,-0.837,1.502,-0.000,-0.002,-0.002,12.0
716,2.804,-0.840,1.502,-0.000,-0.002,-0.002,12.0
717,2.807,-0.843,1.502,-0.000,-0.002,-0.002,12.0
718,2.810,-0.846,1.502,-0.000,-0.002,-0.002,12.0
719,2.814,-0.849,1.502,-0.000,-0.002,-0.002,12.0
720,2.817,-0.852,1.502,-0.000,-0.002,-0.002,12.0
721,2.820,-0.855,1.502,-0.000,-0.002,-0.002,12.0
722,2.823,-0.858,1.502,-0.000,-0.002,-0.002,12.0
723,2.827,-0.861,1.502,-0.000,-0.002,-0.002,12.0
724,2.830,-0.864,1.502,-0.000,-0.002,-0.002,12.0
725,2.833,-0.867,1.502,-0.000,-0.002,-0.002,12.0
726,2.837,-0.870,1.502,-0.000,-0.002,-0.002,12.0
727,2.840,-0.872,1.502,-0.000,-0.002,-0.002,12.0
728,2.843,-0.875,1.502,-0.000,-0.002,-0.002,12.0
729,2.846,-0.878,1.502,-0.000,-0.002,-0.002,12.0
730,2.850,-0.881,1.502,-0.000,-0.002,-0.002,12.0
731,2.853,-0.884,1.502,-0.000,-0.002,-0.002,12.0
732,2.856,-0.887,1.502,-0.000,-0.002,-0.002,12.0
733,2.859,-0.890,1.502,-0.000,-0.002,-0.002,12.0
734,2.863,-0.893,1.502,-0.000,-0.002,-0.002,12.0
735,2.866,-0.896,1.502,-0.000,-0.002,-0.002,12.0
736,2.869,-0.899,1.502,-0.000,-0.002,-0.002,12.0
737,2.873,-0.902,1.502,-0.000,-0.002,-0.002,12.0
738,2.876,-0.905,1.501,-0.000,-0.002,-0.002,12.0
739,2.879,-0.908,1.501,-0.000,-0.002,-0.002,12.0
740,2.882,-0.911,1.501,-0.000,-0.002,-0.002,12.0
741,2.886,-0.914,1.501,-0.000,-0.002,-0.002,12.0
742,2.889,-0.917,1.501,-0.000,-0.002,-0.002,12.0
743,2.892,-0.919,1.501,-0.000,-0.002,-0.002,12.0
744,2.896,-0.922,1.501,-0.000,-0.002,-0.002,12.0
745,2.899,-0.925,1.501,-0.000,-0.002,-0.002,12.0
746,2.902,-0.928,1.501,-0.000,-0.003,-0.003,12.0
747,2.905,-0.931,1.501,-0.000,-0.006,-0.005,12.0
748,2.909,-0.934,1.501,-0.000,-0.009,-0.008,12.0
749,2.912,-0.937,1.501,-0.000,-0.012,-0.011,12.0
750,2.915,-0.940,1.501,-0.000,-0.014,-0.013,12.0
751,2.918,-0.943,1.501,-0.000,-0.015,-0.013,12.0
752,2.921,-0.946,1.501,-0.000,-0.014,-0.013,12.0
753,2.924,-0.948,1.501,-0.000,-0.013,-0.012,12.0
754,2.928,-0.951,1.501,-0.000,-0.012,-0.011,12.0
755,2.931,-0.954,1.501,-0.000,-0.011,-0.010,12.0
756,2.933,-0.956,1.501,-0.000,-0.011,-0.010,12.0
757,2.936,-0.959,1.501,-0.000,-0.011,-0.010,12.0
758,2.939,-0.962,1.501,-0.000,-0.011,-0.010,12.0
759,2.942,-0.964,1.501,-0.000,-0.012,-0.011,12.0
760,2.945,-0.967,1.501,-0.000,-0.012,-0.011,12.0
761,2.948,-0.969,1.501,-0.000,-0.012,-0.011,12.0
762,2.951,-0.972,1.501,-0.000,-0.012,-0.011,12.0
763,2.953,-0.974,1.501,-0.000,-0.012,-0.011,12.0
764,2.956,-0.976,1.501,-0.000,-0.012,-0.010,12.0
765,2.959,-0.979,1.501,-0.000,-0.011,-0.010,12.0
766,2.961,-0.981,1.501,-0.000,-0.011,-0.010,12.0
767,2.964,-0.983,1.501,-0.000,-0.011,-0.010,12.0
768,2.966,-0.986,1.501,-0.000,-0.011,-0.010,12.0
769,2.969,-0.988,1.501,-0.000,-0.011,-0.010,12.0
770,2.971,-0.990,1.501,-0.000,-0.011,-0.010,12.0
771,2.974,-0.992,1.501,-0.000,-0.011,-0.009,12.0
772,2.976,-0.994,1.501,-0.000,-0.010,-0.009,12.0
773,2.978,-0.997,1.501,-0.000,-0.010,-0.009,12.0
774,2.981,-0.999,1.501,-0.000,-0.010,-0.009,12.0
775,2.983,-1.001,1.501,-0.000,-0.010,-0.009,12.0
776,2.985,-1.003,1.501,-0.000,-0.010,-0.009,12.0
777,2.988,-1.005,1.501,-0.000,-0.010,-0.009,12.0
778,2.990,-1.007,1.501,-0.000,-0.010,-0.009,12.0
779,2.992,-1.009,1.501,-0.000,-0.009,-0.008,12.0
780,2.994,-1.011,1.501,-0.000,-0.009,-0.008,12.0
781,2.996,-1.013,1.501,-0.000,-0.009,-0.008,12.0
782,2.999,-1.014,1.501,-0.000,-0.009,-0.008,12.0
783,3.001,-1.016,1.501,-0.000,-0.009,-0.008,12.0
784,3.003,-1.018,1.501,-0.000,-0.009,-0.008,12.0
785,3.005,-1.020,1.501,-0.000,-0.009,-0.008,12.0
786,3.007,-1.022,1.501,-0.000,-0.009,-0.008,12.0
787,3.009,-1.024,1.501,-0.000,-0.009,-0.008,12.0
788,3.011,-1.025,1.501,-0.000,-0.009,-0.008,12.0
789,3.013,-1.027,1.501,-0.000,-0.008,-0.008,12.0
790,3.014,-1.029,1.501,-0.000,-0.008,-0.007,12.0
791,3.016,-1.030,1.501,-0.000,-0.008,-0.007,12.0
792,3.018,-1.032,1.501,-0.000,-0.008,-0.007,12.0
793,3.020,-1.034,1.501,-0.000,-0.008,-0.007,12.0
794,3.022,-1.035,1.501,-0.000,-0.008,-0.007,12.0
795,3.024,-1.037,1.501,-0.000,-0.008,-0.007,12.0
796,3.025,-1.038,1.501,-0.000,-0.008,-0.007,12.0
797,3.027,-1.040,1.501,-0.000,-0.008,-0.007,12.0
798,3.029,-1.042,1.501,-0.000,-0.007,-0.007,12.0
799,3.030,-1.043,1.501,-0.000,-0.007,-0.007,12.0
800,3.032,-1.045,1.501,-0.000,-0.007,-0.006,12.0
801,3.034,-1.046,1.501,-0.000,-0.007,-0.006,12.0
802,3.035,-1.047,1.501,-0.000,-0.007,-0.006,12.0
803,3.037,-1.049,1.501,-0.000,-0.007,-0.006,12.0
804,3.039,-1.050,1.501,-0.000,-0.007,-0.006,12.0
805,3.040,-1.052,1.501,-0.000,-0.007,-0.006,12.0
806,3.042,-1.053,1.501,-0.000,-0.007,-0.006,12.0
807,3.043,-1.054,1.501,-0.000,-0.007,-0.006,12.0
808,3.045,-1.056,1.501,-0.000,-0.006,-0.006,12.0
809,3.046,-1.057,1.500,-0.000,-0.006,-0.006,12.0
810,3.048,-1.058,1.500,-0.000,-0.006,-0.006,12.0
811,3.049,-1.060,1.500,-0.000,-0.006,-0.006,12.0
812,3.051,-1.061,1.500,-0.000,-0.006,-0.006,12.0
813,3.052,-1.062,1.500,-0.000,-0.006,-0.006,12.0
814,3.053,-1.063,1.500,-0.000,-0.006,-0.007,12.0
815,3.055,-1.065,1.500,-0.000,-0.006,-0.006,12.0
816,3.056,-1.066,1.500,-0.000,-0.006,-0.006,12.0
817,3.057,-1.067,1.500,-0.000,-0.006,-0.005,12.0
818,3.059,-1.068,1.500,-0.000,-0.005,-0.004,12.0
819,3.060,-1.069,1.500,-0.000,-0.005,-0.004,12.0
820,3.061,-1.070,1.500,-0.000,-0.005,-0.004,12.0
821,3.062,-1.072,1.500,-0.000,-0.005,-0.004,12.0
822,3.064,-1.073,1.500,-0.000,-0.005,-0.004,12.0
823,3.065,-1.074,1.500,-0.000,-0.005,-0.005,12.0
824,3.066,-1.075,1.500,-0.000,-0.005,-0.005,12.0
825,3.067,-1.076,1.500,-0.000,-0.005,-0.005,12.0
826,3.069,-1.077,1.500,-0.000,-0.005,-0.005,12.0
827,3.070,-1.078,1.500,-0.000,-0.005,-0.005,12.0
828,3.071,-1.079,1.500,-0.000,-0.005,-0.005,12.0
829,3.072,-1.080,1.500,-0.000,-0.005,-0.004,12.0
830,3.073,-1.081,1.500,-0.000,-0.005,-0.004,12.0
831,3.074,-1.082,1.500,-0.000,-0.005,-0.004,12.0
832,3.075,-1.083,1.500,-0.000,-0.005,-0.004,12.0
833,3.076,-1.084,1.500,-0.000,-0.005,-0.004,12.0
834,3.077,-1.085,1.500,-0.000,-0.005,-0.004,12.0
835,3.079,-1.086,1.500,-0.000,-0.005,-0.004,12.0
836,3.080,-1.087,1.500,-0.000,-0.005,-0.004,12.0
837,3.081,-1.088,1.500,-0.000,-0.004,-0.004,12.0
838,3.082,-1.089,1.500,-0.000,-0.004,-0.004,12.0
839,3.083,-1.090,1.500,-0.000,-0.004,-0.004,12.0
840,3.084,-1.090,1.500,-0.000,-0.004,-0.004,12.0
841,3.085,-1.091,1.500,-0.000,-0.004,-0.004,12.0
842,3.085,-1.092,1.500,-0.000,-0.004,-0.004,12.0
843,3.086,-1.093,1.500,-0.000,-0.004,-0.004,12.0
844,3.087,-1.094,1.500,-0.000,-0.004,-0.004,12.0
845,3.088,-1.095,1.500,-0.000,-0.004,-0.004,12.0
846,3.089,-1.095,1.500,-0.000,-0.004,-0.004,12.0
847,3.090,-1.096,1.500,-0.000,-0.004,-0.005,12.0
848,3.091,-1.097,1.500,-0.000,-0.004,-0.005,12.0
849,3.092,-1.098,1.500,-0.000,-0.004,-0.004,12.0
850,3.093,-1.099,1.500,-0.000,-0.004,-0.003,12.0
851,3.094,-1.099,1.500,-0.000,-0.003,-0.002,12.0
852,3.094,-1.100,1.500,-0.000,-0.003,-0.002,12.0
853,3.095,-1.101,1.500,-0.000,-0.003,-0.002,12.0
854,3.096,-1.101,1.500,-0.000,-0.003,-0.002,12.0
855,3.097,-1.102,1.500,-0.000,-0.004,-0.003,12.0
856,3.098,-1.103,1.500,-0.000,-0.004,-0.003,12.0
857,3.098,-1.104,1.500,-0.000,-0.004,-0.003,12.0
858,3.099,-1.104,1.500,-0.000,-0.004,-0.003,12.0
859,3.100,-1.105,1.500,-0.000,-0.003,-0.003,12.0
860,3.101,-1.106,1.500,-0.000,-0.003,-0.003,12.0
861,3.101,-1.106,1.500,-0.000,-0.003,-0.003,12.0
862,3.102,-1.107,1.500,-0.000,-0.003,-0.003,12.0
863,3.103,-1.108,1.500,-0.000,-0.003,-0.003,12.0
864,3.104,-1.108,1.500,-0.000,-0.003,-0.003,12.0
865,3.104,-1.109,1.500,-0.000,-0.003,-0.003,12.0
866,3.105,-1.110,1.500,-0.000,-0.003,-0.003,12.0
867,3.106,-1.110,1.500,-0.000,-0.003,-0.003,12.0
868,3.106,-1.111,1.500,-0.000,-0.003,-0.003,12.0
869,3.107,-1.111,1.500,-0.000,-0.003,-0.003,12.0
870,3.108,-1.112,1.500,-0.000,-0.003,-0.003,12.0
871,3.108,-1.113,1.500,-0.000,-0.003,-0.003,12.0
872,3.109,-1.113,1.500,-0.000,-0.003,-0.002,12.0
873,3.110,-1.114,1.500,-0.000,-0.003,-0.002,12.0
874,3.110,-1.114,1.500,-0.000,-0.003,-0.002,12.0
875,3.111,-1.115,1.500,-0.000,-0.003,-0.002,12.0
876,3.111,-1.115,1.500,-0.000,-0.003,-0.002,12.0
877,3.112,-1.116,1.500,-0.000,-0.003,-0.002,12.0
878,3.113,-1.116,1.500,-0.000,-0.003,-0.002,12.0
879,3.113,-1.117,1.500,-0.000,-0.003,-0.002,12.0
880,3.114,-1.117,1.500,-0.000,-0.002,-0.002,12.0
881,3.114,-1.118,1.500,-0.000,-0.002,-0.002,12.0
882,3.115,-1.118,1.500,-0.000,-0.002,-0.002,12.0
883,3.116,-1.119,1.500,-0.000,-0.002,-0.002,12.0
884,3.116,-1.119,1.500,-0.000,-0.002,-0.002,12.0
885,3.117,-1.120,1.500,-0.000,-0.002,-0.002,12.0
886,3.117,-1.120,1.500,-0.000,-0.002,-0.002,12.0
887,3.118,-1.121,1.500,-0.000,-0.002,-0.002,12.0
888,3.118,-1.121,1.500,-0.000,-0.002,-0.002,12.0
889,3.119,-1.122,1.500,-0.000,-0.002,-0.002,12.0
890,3.119,-1.122,1.500,-0.000,-0.002,-0.002,12.0
891,3.120,-1.123,1.500,-0.000,-0.002,-0.002,12.0
892,3.120,-1.123,1.500,-0.000,-0.002,-0.002,12.0
893,3.121,-1.124,1.500,-0.000,-0.002,-0.002,12.0
894,3.121,-1.124,1.500,-0.000,-0.002,-0.002,12.0
895,3.122,-1.124,1.500,-0.000,-0.002,-0.002,12.0
896,3.122,-1.125,1.500,-0.000,-0.002,-0.002,12.0
897,3.123,-1.125,1.500,-0.000,-0.002,-0.002,12.0
898,3.123,-1.126,1.500,-0.000,-0.002,-0.002,12.0
899,3.124,-1.126,1.500,-0.000,-0.002,-0.002,12.0
900,3.124,-1.126,1.500,-0.000,-0.002,-0.002,12.0
901,3.124,-1.127,1.500,-0.000,-0.002,-0.002,12.0
902,3.125,-1.127,1.500,-0.000,-0.002,-0.002,12.0
903,3.125,-1.128,1.500,-0.000,-0.002,-0.002,12.0
904,3.126,-1.128,1.500,-0.000,-0.002,-0.002,12.0
905,3.126,-1.128,1.500,-0.000,-0.002,-0.002,12.0
906,3.126,-1.129,1.500,-0.000,-0.002,-0.002,12.0
907,3.127,-1.129,1.500,-0.000,-0.002,-0.002,12.0
908,3.127,-1.129,1.500,-0.000,-0.002,-0.002,12.0
909,3.128,-1.130,1.500,-0.000,-0.002,-0.002,12.0
910,3.128,-1.130,1.500,-0.000,-0.002,-0.002,12.0
911,3.128,-1.131,1.500,-0.000,-0.002,-0.001,12.0
912,3.129,-1.131,1.500,-0.000,-0.002,-0.001,12.0
913,3.129,-1.131,1.500,-0.000,-0.002,-0.001,12.0
914,3.130,-1.132,1.500,-0.000,-0.002,-0.001,12.0
915,3.130,-1.132,1.500,-0.000,-0.002,-0.001,12.0
916,3.130,-1.132,1.500,-0.000,-0.002,-0.001,12.0
917,3.131,-1.133,1.500,-0.000,-0.002,-0.001,12.0
918,3.131,-1.133,1.500,-0.000,-0.002,-0.001,12.0
919,3.131,-1.133,1.500,-0.000,-0.001,-0.001,12.0
920,3.132,-1.133,1.500,-0.000,-0.001,-0.001,12.0
921,3.132,-1.134,1.500,-0.000,-0.001,-0.001,12.0
922,3.132,-1.134,1.500,-0.000,-0.001,-0.001,12.0
923,3.133,-1.134,1.500,-0.000,-0.001,-0.001,12.0
924,3.133,-1.135,1.500,-0.000,-0.001,-0.001,12.0
925,3.133,-1.135,1.500,-0.000,-0.001,-0.001,12.0
926,3.134,-1.135,1.500,-0.000,-0.001,-0.001,12.0
927,3.134,-1.135,1.500,-0.000,-0.001,-0.001,12.0
928,3.134,-1.136,1.500,-0.000,-0.001,-0.001,12.0
929,3.135,-1.136,1.500,-0.000,-0.001,-0.001,12.0
930,3.135,-1.136,1.500,-0.000,-0.001,-0.001,12.0
931,3.135,-1.137,1.500,-0.000,-0.001,-0.001,12.0
932,3.135,-1.137,1.500,-0.000,-0.001,-0.001,12.0
933,3.136,-1.137,1.500,-0.000,-0.001,-0.001,12.0
934,3.136,-1.137,1.500,-0.000,-0.001,-0.001,12.0
935,3.136,-1.138,1.500,-0.000,-0.001,-0.001,12.0
936,3.137,-1.138,1.500,-0.000,-0.001,-0.001,12.0
937,3.137,-1.138,1.500,-0.000,-0.001,-0.001,12.0
938,3.137,-1.138,1.500,-0.000,-0.001,-0.001,12.0
939,3.137,-1.139,1.500,-0.000,-0.001,-0.001,12.0
940,3.138,-1.139,1.500,-0.000,-0.001,-0.001,12.0
941,3.138,-1.139,1.500,-0.000,-0.001,-0.001,12.0
942,3.138,-1.139,1.500,-0.000,-0.001,-0.001,12.0
943,3.138,-1.139,1.500,-0.000,-0.001,-0.001,12.0
944,3.139,-1.140,1.500,-0.000,-0.001,-0.001,12.0
945,3.139,-1.140,1.500,-0.000,-0.001,-0.001,12.0
946,3.139,-1.140,1.500,-0.000,-0.001,-0.001,12.0
947,3.139,-1.140,1.500,-0.000,-0.001,-0.001,12.0
948,3.140,-1.141,1.500,-0.000,-0.001,-0.001,12.0
949,3.140,-1.141,1.500,-0.000,-0.001,-0.001,12.0
950,3.140,-1.141,1.500,-0.000,-0.001,-0.001,12.0
951,3.140,-1.141,1.500,-0.000,-0.001,-0.001,12.0
952,3.141,-1.141,1.500,-0.000,-0.001,-0.001,12.0
953,3.141,-1.142,1.500,-0.000,-0.001,-0.001,12.0
954,3.141,-1.142,1.500,-0.000,-0.001,-0.001,12.0
955,3.141,-1.142,1.500,-0.000,-0.001,-0.001,12.0
956,3.141,-1.142,1.500,-0.000,-0.001,-0.001,12.0
957,3.142,-1.142,1.500,-0.000,-0.001,-0.001,12.0
958,3.142,-1.143,1.500,-0.000,-0.001,-0.001,12.0
959,3.142,-1.143,1.500,-0.000,-0.001,-0.001,12.0
960,3.142,-1.143,1.500,-0.000,-0.001,-0.001,12.0
961,3.142,-1.143,1.500,-0.000,-0.001,-0.001,12.0
962,3.143,-1.143,1.500,-0.000,-0.001,-0.001,12.0
963,3.143,-1.143,1.500,-0.000,-0.001,-0.001,12.0
964,3.143,-1.144,1.500,-0.000,-0.001,-0.001,12.0
965,3.143,-1.144,1.500,-0.000,-0.001,-0.001,12.0
966,3.143,-1.144,1.500,-0.000,-0.001,-0.001,12.0
967,3.144,-1.144,1.500,-0.000,-0.001,-0.001,12.0
968,3.144,-1.144,1.500,-0.000,-0.001,-0.001,12.0
969,3.144,-1.144,1.500,-0.000,-0.001,-0.001,12.0
970,3.144,-1.145,1.500,-0.000,-0.001,-0.001,12.0
971,3.144,-1.145,1.500,-0.000,-0.001,-0.001,12.0
972,3.145,-1.145,1.500,-0.000,-0.001,-0.001,12.0
973,3.145,-1.145,1.500,-0.000,-0.001,-0.001,12.0
974,3.145,-1.145,1.500,-0.000,-0.001,-0.001,12.0
975,3.145,-1.145,1.500,-0.000,-0.001,-0.001,12.0
976,3.145,-1.145,1.500,-0.000,-0.001,-0.001,12.0
977,3.145,-1.146,1.500,-0.000,-0.001,-0.001,12.0
978,3.145,-1.146,1.500,-0.000,-0.001,-0.001,12.0
979,3.146,-1.146,1.500,-0.000,-0.001,-0.001,12.0
980,3.146,-1.146,1.500,-0.000,-0.001,-0.001,12.0
981,3.146,-1.146,1.500,-0.000,-0.001,-0.001,12.0
982,3.146,-1.146,1.500,-0.000,-0.001,-0.001,12.0
983,3.146,-1.146,1.500,-0.000,-0.001,-0.001,12.0
984,3.146,-1.147,1.500,-0.000,-0.001,-0.001,12.0
985,3.147,-1.147,1.500,-0.000,-0.001,-0.001,12.0
986,3.147,-1.147,1.500,-0.000,-0.001,-0.001,12.0
987,3.147,-1.147,1.500,-0.000,-0.001,-0.001,12.0
988,3.147,-1.147,1.500,-0.000,-0.001,-0.001,12.0
989,3.147,-1.147,1.500,-0.000,-0.001,-0.001,12.0
990,3.147,-1.147,1.500,-0.000,-0.001,-0.001,12.0
991,3.147,-1.147,1.500,-0.000,-0.001,-0.001,12.0
992,3.148,-1.148,1.500,-0.000,-0.001,-0.001,12.0
993,3.148,-1.148,1.500,-0.000,-0.001,-0.001,12.0
994,3.148,-1.148,1.500,-0.000,-0.001,-0.000,12.0
995,3.148,-1.148,1.500,-0.000,-0.001,-0.000,12.0
996,3.148,-1.148,1.500,-0.000,-0.001,-0.000,12.0
997,3.148,-1.148,1.500,-0.000,-0.001,-0.000,12.0
998,3.148,-1.148,1.500,-0.000,-0.001,-0.000,12.0
999,3.148,-1.148,1.500,-0.000,-0.001,-0.000,12.0
1000,3.149,-1.148,1.500,-0.000,-0.001,-0.000,12.0
