1,3.800,0.000,0.000,0.000,0.000,0.000,1
2,3.800,0.000,0.260,0.000,0.000,0.000,1
3,3.800,0.000,1.065,0.000,0.000,0.000,1
4,3.800,0.000,2.153,0.000,0.000,0.000,1
5,3.800,0.000,3.178,0.000,0.000,0.000,1
6,3.800,0.000,4.032,0.000,0.000,0.000,1
7,3.800,0.000,4.714,0.000,0.000,0.000,1
8,3.800,0.000,5.222,0.000,0.000,0.000,1
9,3.800,0.000,5.557,0.000,0.000,0.000,1
10,3.800,0.000,5.719,0.000,0.000,0.000,1
11,3.800,0.000,5.709,0.000,0.000,0.000,1
12,3.800,0.000,5.575,0.000,0.000,0.000,1
13,3.800,0.000,5.408,0.000,0.000,0.000,1
14,3.800,0.000,5.256,0.000,0.000,0.000,1
15,3.800,0.000,5.141,0.000,0.000,0.000,1
16,3.800,0.000,5.063,0.000,0.000,0.000,1
17,3.800,0.000,5.016,0.000,0.000,0.000,1
18,3.800,0.000,4.992,0.000,0.000,0.000,1
19,3.800,0.000,4.978,0.000,0.000,0.000,1
20,3.800,0.000,4.979,0.000,0.000,0.000,1
21,3.800,0.000,4.984,0.000,0.000,0.000,1
22,3.800,0.000,4.989,0.000,0.000,0.000,1
23,3.800,0.000,4.993,0.000,0.000,0.000,1
24,3.800,0.000,4.992,0.000,0.000,0.000,1
25,3.800,0.000,4.991,0.000,0.000,0.000,1
26,3.800,-0.000,4.990,0.000,-0.219,0.000,1
27,3.799,-0.000,4.990,0.000,-0.362,-0.000,1
28,3.797,-0.000,4.995,0.000,-0.379,0.000,1
29,3.794,-0.000,4.996,0.000,-0.292,-0.000,16
30,3.790,-0.000,4.996,0.000,-0.155,-0.000,16
31,3.785,0.000,4.997,0.000,-0.019,-0.000,16
32,3.780,0.000,4.997,0.000,0.074,0.000,16
33,3.775,0.000,4.998,0.000,0.112,0.000,16
34,3.771,0.000,4.998,0.000,0.099,0.000,16
35,3.767,0.000,4.999,0.000,0.054,0.000,16
36,3.763,0.000,4.999,0.000,0.002,0.000,16
37,3.759,0.000,4.999,0.000,-0.038,0.000,16
38,3.755,0.000,5.000,0.000,-0.058,0.000,16
39,3.751,0.000,5.000,0.000,-0.055,0.000,16
40,3.747,0.000,5.000,0.000,-0.037,0.000,16
41,3.743,0.000,5.001,-0.000,0.206,0.000,16
42,3.739,0.000,5.001,0.000,0.369,-0.000,16
43,3.736,0.000,5.001,0.000,0.178,-0.000,16
44,3.734,0.000,5.001,-0.000,0.171,-0.000,16
45,3.733,0.000,5.001,-0.000,0.157,-0.000,16
46,3.732,0.000,5.002,-0.000,-0.103,0.000,16
47,3.731,0.000,5.002,-0.000,0.140,0.000,16
48,3.730,0.000,5.002,0.000,0.364,0.000,16
49,3.731,0.000,5.002,0.000,0.088,0.000,34
50,3.731,0.000,5.002,0.000,-0.195,0.000,34
51,3.732,0.000,5.002,0.000,-0.356,0.000,34
52,3.731,0.000,5.002,0.000,-0.011,-0.000,34
53,3.730,0.000,5.002,0.000,0.318,-0.000,34
54,3.730,0.000,5.002,0.000,0.489,-0.000,34
55,3.731,0.000,5.002,0.000,0.049,-0.000,34
56,3.733,0.000,5.002,0.000,0.069,-0.000,34
57,3.736,0.000,5.003,0.000,0.135,-0.000,34
58,3.738,0.000,5.003,0.000,-0.202,0.000,34
59,3.740,0.000,5.003,0.000,-0.455,0.000,34
60,3.740,0.000,5.003,0.000,-0.524,0.000,34
61,3.739,0.000,5.003,0.000,-0.433,0.000,34
62,3.736,0.000,5.003,0.000,-0.251,0.000,34
63,3.733,0.000,5.003,0.000,-0.053,0.000,34
64,3.729,0.000,5.003,0.000,0.098,-0.000,34
65,3.725,0.000,5.003,0.000,0.171,-0.000,34
66,3.722,0.000,5.003,0.000,0.168,-0.000,34
67,3.719,0.000,5.003,0.000,0.112,-0.000,34
68,3.717,0.000,5.003,0.000,0.036,-0.000,34
69,3.715,0.000,5.003,0.000,-0.030,0.000,34
70,3.713,0.000,5.003,0.000,-0.069,0.000,34
71,3.711,0.000,5.003,0.000,-0.074,0.000,34
72,3.708,0.000,5.003,0.000,-0.054,0.000,34
73,3.705,0.000,5.004,0.000,-0.021,0.000,34
74,3.703,0.000,5.004,0.000,0.011,-0.000,34
75,3.700,0.000,5.004,0.000,0.034,-0.000,34
76,3.697,0.000,5.004,0.000,0.042,-0.000,34
77,3.694,0.000,5.004,0.000,0.038,-0.000,34
78,3.692,0.000,5.004,0.000,0.026,-0.000,34
79,3.689,0.000,5.004,0.000,0.013,-0.000,34
80,3.687,0.000,5.004,0.000,0.002,0.000,34
81,3.685,0.000,5.004,0.000,-0.004,0.000,34
82,3.682,0.000,5.004,0.000,-0.004,0.000,34
83,3.680,0.000,5.004,0.000,0.001,0.000,34
84,3.678,0.000,5.004,0.000,0.006,-0.000,34
85,3.675,0.000,5.004,0.000,0.012,-0.000,34
86,3.673,0.000,5.004,0.000,0.015,-0.000,34
87,3.671,0.000,5.004,0.000,0.015,-0.000,34
88,3.668,0.000,5.004,0.000,0.014,-0.000,34
89,3.666,0.000,5.004,0.000,0.012,-0.000,34
90,3.664,0.000,5.004,0.000,0.009,-0.000,34
91,3.662,0.000,5.004,0.000,0.007,-0.000,34
92,3.660,0.000,5.004,0.000,0.007,-0.000,34
93,3.658,0.000,5.004,0.000,0.007,-0.000,34
94,3.656,0.000,5.004,0.000,0.007,-0.000,34
95,3.654,0.000,5.004,0.000,0.008,-0.000,34
96,3.652,0.000,5.004,0.000,0.009,-0.000,34
97,3.650,0.000,5.004,0.000,0.010,-0.000,34
98,3.648,0.000,5.004,0.000,0.009,-0.000,34
99,3.646,0.000,5.004,0.000,0.009,-0.000,34
100,3.644,0.000,5.004,0.000,0.009,-0.000,34
101,3.642,0.000,5.004,0.000,0.008,-0.000,34
102,3.640,0.000,5.004,0.000,0.008,-0.000,34
103,3.638,0.000,5.004,0.000,0.007,-0.000,34
104,3.636,0.000,5.004,0.000,0.007,-0.000,34
105,3.635,0.000,5.004,0.000,0.008,-0.000,34
106,3.633,0.000,5.004,0.000,0.008,-0.000,34
107,3.631,0.000,5.004,0.000,0.008,-0.000,34
108,3.629,0.000,5.004,0.000,0.008,-0.000,34
109,3.628,0.000,5.004,0.000,0.007,-0.000,34
110,3.626,0.000,5.004,0.000,0.007,-0.000,34
111,3.624,0.000,5.004,0.000,0.007,-0.000,34
112,3.623,0.000,5.004,0.000,0.007,-0.000,34
113,3.621,0.000,5.004,0.000,0.007,-0.000,34
114,3.620,0.000,5.004,0.000,0.007,-0.000,34
115,3.618,0.000,5.004,0.000,0.007,-0.000,34
116,3.616,0.000,5.004,0.000,0.007,-0.000,34
117,3.615,0.000,5.004,0.000,0.007,-0.000,34
118,3.613,0.000,5.004,0.000,0.007,-0.000,34
119,3.612,0.000,5.004,0.000,0.006,-0.000,34
120,3.611,0.000,5.004,0.000,0.006,-0.000,34
121,3.609,0.000,5.004,0.000,0.006,-0.000,34
122,3.608,0.000,5.004,0.000,0.006,-0.000,34
123,3.606,0.000,5.004,0.000,0.006,-0.000,34
124,3.605,0.000,5.004,0.000,0.006,-0.000,34
125,3.603,0.000,5.004,0.000,0.006,-0.000,34
126,3.602,0.000,5.004,0.000,0.006,-0.000,34
127,3.601,0.000,5.004,0.000,0.006,-0.000,34
128,3.599,0.000,5.004,0.000,0.006,-0.000,34
129,3.598,0.000,5.004,0.000,0.006,-0.000,34
130,3.597,0.000,5.004,0.000,0.006,-0.000,34
131,3.596,0.000,5.004,0.000,0.005,-0.000,34
132,3.594,0.000,5.004,0.000,0.005,-0.000,34
133,3.593,0.000,5.004,0.000,0.005,-0.000,34
134,3.592,0.000,5.004,0.000,0.005,-0.000,34
135,3.591,0.000,5.004,0.000,0.005,-0.000,34
136,3.589,0.000,5.004,0.000,0.005,-0.000,34
137,3.588,0.000,5.004,0.000,0.005,-0.000,34
138,3.587,0.000,5.004,0.000,0.005,-0.000,34
139,3.586,0.000,5.004,0.000,0.005,-0.000,34
140,3.585,0.000,5.004,0.000,0.005,-0.000,34
141,3.584,0.000,5.004,0.000,0.005,-0.000,34
142,3.583,0.000,5.004,0.000,0.005,-0.000,34
143,3.582,0.000,5.004,0.000,0.005,-0.000,34
144,3.581,0.000,5.004,0.000,0.005,-0.000,34
145,3.579,0.000,5.004,0.000,0.005,-0.000,34
146,3.578,0.000,5.004,0.000,0.004,-0.000,34
147,3.577,0.000,5.004,0.000,0.004,-0.000,34
148,3.576,0.000,5.004,0.000,0.004,-0.000,34
149,3.575,0.000,5.004,0.000,0.004,-0.000,34
150,3.574,0.000,5.004,0.000,0.004,-0.000,34
151,3.573,0.000,5.004,0.000,0.004,-0.000,34
152,3.572,0.000,5.004,0.000,0.004,-0.000,34
153,3.572,0.000,5.004,0.000,0.004,-0.000,34
154,3.571,0.000,5.004,0.000,0.004,-0.000,34
155,3.570,0.000,5.004,0.000,0.004,-0.000,34
156,3.569,0.000,5.004,0.000,0.004,-0.000,34
157,3.568,0.000,5.004,0.000,0.004,-0.000,34
158,3.567,0.000,5.004,0.000,0.004,-0.000,34
159,3.566,0.000,5.004,0.000,0.004,-0.000,34
160,3.565,0.000,5.004,0.000,0.004,-0.000,34
161,3.564,0.000,5.004,0.000,0.004,-0.000,34
162,3.564,0.000,5.004,0.000,0.004,-0.000,34
163,3.563,0.000,5.004,0.000,0.004,-0.000,34
164,3.562,0.000,5.004,0.000,0.004,-0.000,34
165,3.561,0.000,5.004,0.000,0.003,-0.000,34
166,3.560,0.000,5.004,0.000,0.003,-0.000,34
167,3.559,0.000,5.004,0.000,0.003,-0.000,34
168,3.559,0.000,5.004,0.000,0.003,-0.000,34
169,3.558,0.000,5.004,0.000,0.003,-0.000,34
170,3.557,0.000,5.004,0.000,0.003,-0.000,34
171,3.556,0.000,5.004,0.000,0.003,-0.000,34
172,3.556,0.000,5.004,0.000,0.003,-0.000,34
173,3.555,0.000,5.004,0.000,0.003,-0.000,34
174,3.554,0.000,5.004,0.000,0.003,-0.000,34
175,3.554,0.000,5.004,0.000,0.003,-0.000,34
176,3.553,0.000,5.004,0.000,0.003,-0.000,34
177,3.552,0.000,5.004,0.000,0.003,-0.000,34
178,3.551,0.000,5.004,0.000,0.003,-0.000,34
179,3.551,0.000,5.004,0.000,0.003,-0.000,34
180,3.550,0.000,5.004,0.000,0.003,-0.000,34
181,3.549,0.000,5.004,0.000,0.003,-0.000,34
182,3.549,0.000,5.004,0.000,0.003,-0.000,34
183,3.548,0.000,5.004,0.000,0.003,-0.000,34
184,3.548,0.000,5.004,0.000,0.003,-0.000,34
185,3.547,0.000,5.004,0.000,0.003,-0.000,34
186,3.546,0.000,5.004,0.000,0.003,-0.000,34
187,3.546,0.000,5.004,0.000,0.003,-0.000,34
188,3.545,0.000,5.004,0.000,0.003,-0.000,34
189,3.545,0.000,5.004,0.000,0.003,-0.000,34
190,3.544,0.000,5.004,0.000,0.003,-0.000,34
191,3.543,0.000,5.004,0.000,0.002,-0.000,34
192,3.543,0.000,5.004,0.000,0.002,-0.000,34
193,3.542,0.000,5.004,0.000,0.002,-0.000,34
194,3.542,0.000,5.004,0.000,0.002,-0.000,34
195,3.541,0.000,5.004,0.000,0.002,-0.000,34
196,3.541,0.000,5.004,0.000,0.002,-0.000,34
197,3.540,0.000,5.004,0.000,0.002,-0.000,34
198,3.540,0.000,5.004,0.000,0.002,-0.000,34
199,3.539,0.000,5.004,0.000,0.002,-0.000,34
200,3.539,0.000,5.004,0.000,0.002,-0.000,34
201,3.538,0.000,5.004,0.000,0.002,-0.000,34
202,3.538,0.000,5.004,0.000,0.002,-0.000,34
203,3.537,0.000,5.004,0.000,0.002,-0.000,34
204,3.537,0.000,5.004,0.000,0.002,-0.000,34
205,3.536,0.000,5.004,0.000,0.002,-0.000,34
206,3.536,0.000,5.004,0.000,0.002,-0.000,34
207,3.535,0.000,5.004,0.000,0.002,-0.000,34
208,3.535,0.000,5.004,0.000,0.002,-0.000,34
209,3.534,0.000,5.004,0.000,0.002,-0.000,34
210,3.534,0.000,5.004,0.000,0.002,-0.000,34
211,3.533,0.000,5.004,0.000,0.002,-0.000,34
212,3.533,0.000,5.004,0.000,0.002,-0.000,34
213,3.532,0.000,5.004,0.000,0.002,-0.000,34
214,3.532,0.000,5.004,0.000,0.002,-0.000,34
215,3.532,0.000,5.004,0.000,0.002,-0.000,34
216,3.531,0.000,5.004,0.000,0.002,-0.000,34
217,3.531,0.000,5.004,0.000,0.002,-0.000,34
218,3.530,0.000,5.004,0.000,0.002,-0.000,34
219,3.530,0.000,5.004,0.000,0.002,-0.000,34
220,3.530,0.000,5.004,0.000,0.002,-0.000,34
221,3.529,0.000,5.004,0.000,0.002,-0.000,34
222,3.529,0.000,5.004,0.000,0.002,-0.000,34
223,3.528,0.000,5.004,0.000,0.002,-0.000,34
224,3.528,0.000,5.004,0.000,0.002,-0.000,34
225,3.528,0.000,5.004,0.000,0.002,-0.000,34
226,3.527,0.000,5.004,0.000,0.002,-0.000,34
227,3.527,0.000,5.004,0.000,0.002,-0.000,34
228,3.527,0.000,5.004,0.000,0.002,-0.000,34
229,3.526,0.000,5.004,0.000,0.002,-0.000,34
230,3.526,0.000,5.004,0.000,0.001,-0.000,34
231,3.526,0.000,5.004,0.000,0.001,-0.000,34
232,3.525,0.000,5.004,0.000,0.001,-0.000,34
233,3.525,0.000,5.004,0.000,0.001,-0.000,34
234,3.525,0.000,5.004,0.000,0.001,-0.000,34
235,3.524,0.000,5.004,0.000,0.001,-0.000,34
236,3.524,0.000,5.004,0.000,0.001,-0.000,34
237,3.524,0.000,5.004,0.000,0.001,-0.000,34
238,3.523,0.000,5.004,0.000,0.001,-0.000,34
239,3.523,0.000,5.004,0.000,0.001,-0.000,34
240,3.523,0.000,5.004,0.000,0.001,-0.000,34
241,3.522,0.000,5.004,0.000,0.001,-0.000,34
242,3.522,0.000,5.004,0.000,0.001,-0.000,34
243,3.522,0.000,5.004,0.000,0.001,-0.000,34
244,3.522,0.000,5.004,0.000,0.001,-0.000,34
245,3.521,0.000,5.004,0.000,0.001,-0.000,34
246,3.521,0.000,5.004,0.000,0.001,-0.000,34
247,3.521,0.000,5.004,0.000,0.001,-0.000,34
248,3.520,0.000,5.004,0.000,0.001,-0.000,34
249,3.520,0.000,5.004,0.000,0.001,-0.000,34
250,3.520,0.000,5.004,0.000,0.001,-0.000,34
251,3.520,0.000,5.004,0.000,0.001,-0.000,34
252,3.519,0.000,5.004,0.000,0.001,-0.000,34
253,3.519,0.000,5.004,0.000,0.001,-0.000,34
254,3.519,0.000,5.004,0.000,0.001,-0.000,34
255,3.519,0.000,5.004,0.000,0.001,-0.000,34
256,3.518,0.000,5.004,0.000,0.001,-0.000,34
257,3.518,0.000,5.004,0.000,0.001,-0.000,34
258,3.518,0.000,5.004,0.000,0.001,-0.000,34
259,3.518,0.000,5.004,0.000,0.001,-0.000,34
260,3.517,0.000,5.004,0.000,0.001,-0.000,34
261,3.517,0.000,5.004,0.000,0.001,-0.000,34
262,3.517,0.000,5.004,0.000,0.001,-0.000,34
263,3.517,0.000,5.004,0.000,0.001,-0.000,34
264,3.517,0.000,5.004,0.000,0.001,-0.000,34
265,3.516,0.000,5.004,0.000,0.001,-0.000,34
266,3.516,0.000,5.004,0.000,0.001,-0.000,34
267,3.516,0.000,5.004,0.000,0.230,-0.000,34
268,3.517,0.000,5.004,0.000,0.379,-0.000,34
269,3.518,0.000,5.004,0.000,0.395,-0.000,34
270,3.521,0.000,5.004,0.000,0.304,-0.000,34
271,3.526,0.000,5.004,0.000,0.161,-0.000,34
272,3.530,0.000,5.004,0.000,-0.214,-0.000,34
273,3.535,0.000,5.004,0.000,-0.468,0.000,34
274,3.537,0.000,5.004,0.000,-0.528,0.000,34
275,3.538,0.000,5.004,0.000,-0.425,0.000,34
276,3.538,0.000,5.004,0.000,-0.233,0.000,34
277,3.536,0.000,5.004,0.000,-0.032,0.000,34
278,3.535,0.000,5.004,0.000,0.115,-0.000,34
279,3.533,0.000,5.004,0.000,0.181,-0.000,34
280,3.533,0.000,5.004,0.000,0.168,-0.000,34
281,3.532,0.000,5.004,0.000,0.104,-0.000,34
282,3.533,0.000,5.004,0.000,0.023,-0.000,34
283,3.533,0.000,5.004,0.000,-0.045,-0.000,34
284,3.533,0.000,5.004,0.000,-0.082,0.000,34
285,3.533,0.000,5.004,0.000,-0.085,0.000,34
286,3.533,0.000,5.004,0.000,-0.062,0.000,34
287,3.532,0.000,5.004,0.000,-0.027,0.000,34
288,3.532,0.000,5.004,0.000,0.006,-0.000,34
289,3.531,0.000,5.004,0.000,0.028,-0.000,34
290,3.530,0.000,5.004,0.000,0.035,-0.000,34
291,3.530,0.000,5.004,0.000,0.030,-0.000,34
292,3.530,0.000,5.004,0.000,0.017,-0.000,34
293,3.529,0.000,5.004,0.000,0.003,-0.000,34
294,3.529,0.000,5.004,0.000,-0.008,-0.000,34
295,3.529,0.000,5.004,0.000,-0.013,-0.000,34
296,3.529,0.000,5.004,0.000,-0.012,-0.000,34
297,3.528,0.000,5.004,0.000,-0.008,-0.000,34
298,3.528,0.000,5.004,0.000,-0.002,-0.000,34
299,3.527,0.000,5.004,0.000,0.004,-0.000,34
300,3.527,0.000,5.004,0.000,0.007,-0.000,34
301,3.527,0.000,5.005,0.000,0.007,-0.000,34
302,3.526,0.000,5.005,0.000,0.006,-0.000,34
303,3.526,0.000,5.005,0.000,0.004,-0.000,34
304,3.526,0.000,5.005,0.000,0.001,-0.000,34
305,3.525,0.000,5.005,0.000,-0.001,-0.000,34
306,3.525,0.000,5.005,0.000,-0.001,-0.000,34
307,3.525,0.000,5.005,0.000,-0.001,-0.000,34
308,3.524,0.000,5.005,0.000,0.000,-0.000,34
309,3.524,0.000,5.005,0.000,0.001,-0.000,34
310,3.524,0.000,5.005,0.000,0.002,-0.000,34
311,3.523,0.000,5.005,0.000,0.002,-0.000,34
312,3.523,0.000,5.005,0.000,0.002,-0.000,34
313,3.523,0.000,5.005,0.000,0.002,-0.000,34
314,3.522,0.000,5.005,0.000,0.002,-0.000,34
315,3.522,0.000,5.005,0.000,0.001,-0.000,34
316,3.522,0.000,5.005,0.000,0.001,-0.000,34
317,3.522,0.000,5.005,0.000,0.001,-0.000,34
318,3.521,0.000,5.005,0.000,0.001,-0.000,34
319,3.521,0.000,5.005,0.000,0.001,-0.000,34
320,3.521,0.000,5.005,0.000,0.001,-0.000,34
321,3.520,0.000,5.005,0.000,0.001,-0.000,34
322,3.520,0.000,5.005,0.000,0.001,-0.000,34
323,3.520,0.000,5.005,0.000,0.001,-0.000,34
324,3.520,0.000,5.005,0.000,0.001,-0.000,34
325,3.519,0.000,5.005,0.000,0.001,-0.000,34
326,3.519,0.000,5.005,0.000,0.001,-0.000,34
327,3.519,0.000,5.005,0.000,0.001,-0.000,34
328,3.519,0.000,5.005,0.000,0.001,-0.000,34
329,3.518,0.000,5.005,0.000,0.001,-0.000,34
330,3.518,0.000,5.005,0.000,0.001,-0.000,34
331,3.518,0.000,5.005,0.000,0.001,-0.000,34
332,3.518,0.000,5.005,0.000,0.001,-0.000,34
333,3.517,0.000,5.005,0.000,0.001,-0.000,34
334,3.517,0.000,5.005,0.000,0.001,-0.000,34
335,3.517,0.000,5.005,0.000,0.001,-0.000,34
336,3.517,0.000,5.005,0.000,0.001,-0.000,34
337,3.517,0.000,5.005,0.000,0.001,-0.000,34
338,3.516,0.000,5.005,0.000,0.001,-0.000,34
339,3.516,0.000,5.005,0.000,0.001,-0.000,34
340,3.516,0.000,5.005,0.000,0.001,-0.000,34
341,3.516,0.000,5.005,0.000,0.001,-0.000,34
342,3.516,0.000,5.005,0.000,0.001,-0.000,34
343,3.515,0.000,5.005,0.000,0.001,-0.000,34
344,3.515,0.000,5.005,0.000,0.001,-0.000,34
345,3.515,0.000,5.005,0.000,0.001,-0.000,34
346,3.515,0.000,5.005,0.000,0.001,-0.000,34
347,3.515,0.000,5.005,0.000,0.001,-0.000,34
348,3.514,0.000,5.005,0.000,0.001,-0.000,34
349,3.514,0.000,5.005,0.000,0.001,-0.000,34
350,3.514,0.000,5.005,0.000,0.001,-0.000,34
351,3.514,0.000,5.005,0.000,0.001,-0.000,34
352,3.514,0.000,5.005,0.000,0.001,-0.000,34
353,3.513,0.000,5.005,0.000,0.001,-0.000,34
354,3.513,0.000,5.005,0.000,0.001,-0.000,34
355,3.513,0.000,5.005,0.000,0.001,-0.000,34
356,3.513,0.000,5.005,0.000,0.001,-0.000,34
357,3.513,0.000,5.005,0.000,0.001,-0.000,34
358,3.513,0.000,5.005,0.000,0.001,-0.000,34
359,3.512,0.000,5.005,0.000,0.001,-0.000,34
360,3.512,0.000,5.005,0.000,0.001,-0.000,34
361,3.512,0.000,5.005,0.000,0.001,-0.000,34
362,3.512,0.000,5.005,0.000,0.001,-0.000,34
363,3.512,0.000,5.005,0.000,0.001,-0.000,34
364,3.512,0.000,5.005,0.000,0.001,-0.000,34
365,3.511,0.000,5.005,0.000,0.001,-0.000,34
366,3.511,0.000,5.005,0.000,0.001,-0.000,34
367,3.511,0.000,5.005,0.000,0.001,-0.000,34
368,3.511,0.000,5.005,0.000,0.001,-0.000,34
369,3.511,0.000,5.005,0.000,0.001,-0.000,34
370,3.511,0.000,5.005,0.000,0.001,-0.000,34
371,3.511,0.000,5.005,0.000,0.001,-0.000,34
372,3.510,0.000,5.005,0.000,0.001,-0.000,34
373,3.510,0.000,5.005,0.000,0.001,-0.000,34
374,3.510,0.000,5.005,0.000,0.001,-0.000,34
375,3.510,0.000,5.005,0.000,0.001,-0.000,34
376,3.510,0.000,5.005,0.000,0.001,-0.000,34
377,3.510,0.000,5.005,0.000,0.007,-0.000,34
378,3.510,0.000,5.005,0.000,0.011,-0.000,34
379,3.510,0.000,5.005,0.000,0.011,-0.000,34
380,3.510,0.000,5.005,0.000,0.008,-0.000,34
381,3.510,0.000,5.005,0.000,0.004,-0.000,34
382,3.510,0.000,5.005,0.000,0.001,-0.000,34
383,3.510,0.000,5.005,0.000,-0.002,0.000,34
384,3.510,0.000,5.005,0.000,-0.003,0.000,34
385,3.510,0.000,5.005,0.000,-0.003,0.000,34
386,3.510,0.000,5.005,0.000,-0.001,0.000,34
387,3.510,0.000,5.005,0.000,0.000,-0.000,34
388,3.510,0.000,5.005,0.000,0.001,-0.000,34
389,3.510,0.000,5.005,0.000,0.002,-0.000,34
390,3.510,0.000,5.005,0.000,0.002,-0.000,34
391,3.510,0.000,5.005,0.000,0.001,-0.000,34
392,3.510,0.000,5.005,0.000,0.000,-0.000,34
393,3.510,0.000,5.005,0.000,-0.000,-0.000,34
394,3.510,0.000,5.005,0.000,-0.001,-0.000,34
395,3.510,0.000,5.005,0.000,-0.001,0.000,34
396,3.510,0.000,5.005,0.000,-0.000,0.000,34
397,3.510,0.000,5.005,0.000,-0.000,0.000,34
398,3.510,0.000,5.005,0.000,0.000,0.000,34
399,3.510,0.000,5.005,0.000,0.000,0.000,34
400,3.510,0.000,5.005,0.000,0.000,0.000,34
401,3.510,0.000,5.005,0.000,0.000,0.000,34
402,3.510,0.000,5.005,0.000,0.000,0.000,34
403,3.510,0.000,5.005,0.000,0.000,0.000,34
404,3.510,0.000,5.005,0.000,-0.000,0.000,34
405,3.510,0.000,5.005,0.000,-0.000,0.000,34
406,3.510,0.000,5.005,0.000,-0.000,0.000,34
407,3.510,0.000,5.005,0.000,-0.000,-0.000,34
408,3.510,0.000,5.005,0.000,-0.000,-0.000,34
409,3.510,0.000,5.005,0.000,0.000,-0.000,34
410,3.510,0.000,5.005,0.000,0.000,-0.000,34
411,3.510,0.000,5.005,0.000,0.000,-0.000,34
412,3.510,0.000,5.005,0.000,0.000,-0.000,34
413,3.510,0.000,5.005,0.000,0.000,-0.000,34
414,3.510,0.000,5.005,0.000,-0.000,-0.000,34
415,3.510,0.000,5.005,0.000,-0.000,-0.000,34
416,3.510,0.000,5.005,0.000,-0.000,-0.000,34
417,3.510,0.000,5.005,0.000,-0.000,-0.000,34
418,3.510,0.000,5.005,0.000,-0.000,-0.000,34
419,3.510,0.000,5.005,0.000,-0.000,-0.000,34
420,3.510,0.000,5.005,0.000,0.000,-0.000,34
421,3.510,0.000,5.005,0.000,0.000,-0.000,34
422,3.510,0.000,5.005,0.000,0.000,-0.000,34
423,3.510,0.000,5.005,0.000,0.000,-0.000,34
424,3.510,0.000,5.005,0.000,0.000,-0.000,34
425,3.510,0.000,5.005,0.000,-0.000,-0.000,34
426,3.510,0.000,5.005,0.000,-0.000,-0.000,34
427,3.510,0.000,5.005,0.000,-0.000,-0.000,34
428,3.510,0.000,5.005,0.000,-0.000,-0.000,34
429,3.510,0.000,5.005,0.000,-0.000,-0.000,34
430,3.510,0.000,5.005,0.000,0.000,-0.000,34
431,3.510,0.000,5.005,0.000,0.000,-0.000,34
432,3.510,0.000,5.005,0.000,0.000,-0.000,34
433,3.510,0.000,5.005,0.000,0.000,-0.000,34
434,3.510,0.000,5.005,0.000,0.000,-0.000,34
435,3.510,0.000,5.005,0.000,0.000,-0.000,34
436,3.510,0.000,5.005,0.000,-0.000,-0.000,34
437,3.510,0.000,5.005,0.000,-0.000,-0.000,34
438,3.510,0.000,5.005,0.000,-0.000,-0.000,34
439,3.510,0.000,5.005,0.000,-0.000,-0.000,34
440,3.510,0.000,5.005,0.000,-0.000,-0.000,34
441,3.510,0.000,5.005,0.000,0.000,-0.000,34
442,3.510,0.000,5.005,0.000,0.000,-0.000,34
443,3.510,0.000,5.005,0.000,0.000,-0.000,34
444,3.510,0.000,5.005,0.000,0.000,-0.000,34
445,3.510,0.000,5.005,0.000,0.000,-0.000,34
446,3.510,0.000,5.005,0.000,-0.000,-0.000,34
447,3.510,0.000,5.005,0.000,-0.000,-0.000,34
448,3.510,0.000,5.005,0.000,-0.000,-0.000,34
449,3.510,0.000,5.005,0.000,-0.000,-0.000,34
450,3.510,0.000,5.005,0.000,-0.000,-0.000,34
451,3.510,0.000,5.005,0.000,-0.000,-0.000,34
452,3.510,0.000,5.005,0.000,0.000,-0.000,34
453,3.510,0.000,5.005,0.000,0.000,-0.000,34
454,3.510,0.000,5.005,0.000,0.000,-0.000,34
455,3.510,0.000,5.005,0.000,0.000,-0.000,34
456,3.510,0.000,5.005,0.000,0.000,-0.000,34
457,3.510,0.000,5.005,0.000,-0.000,-0.000,34
458,3.510,0.000,5.005,0.000,-0.000,-0.000,34
459,3.510,0.000,5.005,0.000,-0.000,-0.000,34
460,3.510,0.000,5.005,0.000,-0.000,-0.000,34
461,3.510,0.000,5.005,0.000,-0.000,-0.000,34
462,3.510,0.000,5.005,0.000,0.000,-0.000,34
463,3.510,0.000,5.005,0.000,0.000,-0.000,34
464,3.510,0.000,5.005,0.000,0.000,-0.000,34
465,3.510,0.000,5.005,0.000,0.000,-0.000,34
466,3.510,0.000,5.005,0.000,0.000,-0.000,34
467,3.510,0.000,5.005,0.000,0.000,-0.000,34
468,3.510,0.000,5.005,0.000,-0.000,-0.000,34
469,3.510,0.000,5.005,0.000,-0.000,-0.000,34
470,3.510,0.000,5.005,0.000,-0.000,-0.000,34
471,3.510,0.000,5.005,0.000,-0.000,-0.000,34
472,3.510,0.000,5.005,0.000,-0.000,-0.000,34
473,3.510,0.000,5.005,0.000,0.000,-0.000,34
474,3.510,0.000,5.005,0.000,0.000,-0.000,34
475,3.510,0.000,5.005,0.000,0.000,-0.000,34
476,3.510,0.000,5.005,0.000,0.000,-0.000,34
477,3.510,0.000,5.005,0.000,0.000,-0.000,34
478,3.510,0.000,5.005,0.000,-0.000,-0.000,34
479,3.510,0.000,5.005,0.000,-0.000,-0.000,34
480,3.510,0.000,5.005,0.000,-0.000,-0.000,34
481,3.510,0.000,5.005,0.000,-0.000,-0.000,34
482,3.510,0.000,5.005,0.000,-0.000,-0.000,34
483,3.510,0.000,5.005,0.000,-0.000,-0.000,34
484,3.510,0.000,5.005,0.000,0.000,-0.000,34
485,3.510,0.000,5.005,0.000,0.000,-0.000,34
486,3.510,0.000,5.005,0.000,0.000,-0.000,34
487,3.510,0.000,5.005,0.000,0.000,-0.000,34
488,3.510,0.000,5.005,0.000,0.000,-0.000,34
489,3.510,0.000,5.005,0.000,-0.000,-0.000,34
490,3.510,0.000,5.005,0.000,-0.000,-0.000,34
491,3.510,0.000,5.005,0.000,-0.000,-0.000,34
492,3.510,0.000,5.005,0.000,-0.000,-0.000,34
493,3.510,0.000,5.005,0.000,-0.000,-0.000,34
494,3.510,0.000,5.005,0.000,0.000,-0.000,34
495,3.510,0.000,5.005,0.000,0.000,-0.000,34
496,3.510,0.000,5.005,0.000,0.000,-0.000,34
497,3.510,0.000,5.005,0.000,0.000,-0.000,34
498,3.510,0.000,5.005,0.000,0.000,-0.000,34
499,3.510,0.000,5.005,0.000,0.000,-0.000,34
500,3.510,0.000,5.005,0.000,-0.000,-0.000,34
501,3.510,0.000,5.005,0.000,-0.000,-0.000,34
502,3.510,0.000,5.005,0.000,-0.000,-0.000,34
503,3.510,0.000,5.005,0.000,-0.000,-0.000,34
504,3.510,0.000,5.005,0.000,-0.000,-0.000,34
505,3.510,0.000,5.005,0.000,0.000,-0.000,34
506,3.510,0.000,5.005,0.000,0.000,-0.000,34
507,3.510,0.000,5.005,0.000,0.000,-0.000,34
508,3.510,0.000,5.005,0.000,0.000,-0.000,34
509,3.510,0.000,5.005,0.000,0.000,-0.000,34
510,3.510,0.000,5.005,0.000,-0.000,-0.000,34
511,3.510,0.000,5.005,0.000,-0.000,-0.000,34
512,3.510,0.000,5.005,0.000,-0.000,-0.000,34
513,3.510,0.000,5.005,0.000,-0.000,-0.000,34
514,3.510,0.000,5.005,0.000,-0.000,-0.000,34
515,3.510,0.000,5.005,0.000,-0.000,-0.000,34
516,3.510,0.000,5.005,0.000,0.000,-0.000,34
517,3.510,0.000,5.005,0.000,0.000,-0.000,34
518,3.510,0.000,5.005,0.000,0.000,-0.000,34
519,3.510,0.000,5.005,0.000,0.000,-0.000,34
520,3.510,0.000,5.005,0.000,0.000,-0.000,34
521,3.510,0.000,5.005,0.000,-0.000,-0.000,34
522,3.510,0.000,5.005,0.000,-0.000,-0.000,34
523,3.510,0.000,5.005,0.000,-0.000,-0.000,34
524,3.510,0.000,5.005,0.000,-0.000,-0.000,34
525,3.510,0.000,5.005,0.000,-0.000,-0.000,34
526,3.510,0.000,5.005,0.000,0.000,-0.000,34
527,3.510,0.000,5.005,0.000,0.000,-0.000,34
528,3.510,0.000,5.005,0.000,0.000,-0.000,34
529,3.510,0.000,5.005,0.000,0.000,-0.000,34
530,3.510,0.000,5.005,0.000,0.000,-0.000,34
531,3.510,0.000,5.005,0.000,0.000,-0.000,34
532,3.510,0.000,5.005,0.000,-0.000,-0.000,34
533,3.510,0.000,5.005,0.000,-0.000,-0.000,34
534,3.510,0.000,5.005,0.000,-0.000,-0.000,34
535,3.510,0.000,5.005,0.000,-0.000,-0.000,34
536,3.510,0.000,5.005,0.000,-0.000,-0.000,34
537,3.510,0.000,5.005,0.000,0.000,-0.000,34
538,3.510,0.000,5.005,0.000,0.000,-0.000,34
539,3.510,0.000,5.005,0.000,0.000,-0.000,34
540,3.510,0.000,5.005,0.000,0.000,-0.000,34
541,3.510,0.000,5.005,0.000,0.000,-0.000,34
542,3.510,0.000,5.005,0.000,0.000,-0.000,34
543,3.510,0.000,5.005,0.000,0.000,-0.000,34
544,3.510,0.000,5.005,0.000,0.000,-0.000,34
545,3.510,0.000,5.005,0.000,0.000,-0.000,34
546,3.510,0.000,5.005,0.000,0.000,-0.000,34
547,3.510,0.000,5.005,0.000,0.000,-0.000,34
548,3.510,0.000,5.005,0.000,0.000,-0.000,34
549,3.510,0.000,5.005,0.000,-0.000,-0.000,34
550,3.510,0.000,5.005,0.000,-0.000,-0.000,34
551,3.510,0.000,5.005,0.000,-0.000,-0.000,34
552,3.510,0.000,5.005,0.000,-0.000,-0.000,34
553,3.510,0.000,5.005,0.000,-0.000,-0.000,34
554,3.510,0.000,5.005,0.000,-0.000,-0.000,34
555,3.510,0.000,5.005,0.000,-0.000,-0.000,34
556,3.510,0.000,5.005,0.000,-0.000,-0.000,34
557,3.510,0.000,5.005,0.000,-0.000,-0.000,34
558,3.510,0.000,5.005,0.000,-0.000,-0.000,34
559,3.510,0.000,5.005,0.000,-0.000,-0.000,34
560,3.510,0.000,5.005,0.000,-0.000,-0.000,34
561,3.510,0.000,5.005,0.000,-0.000,-0.000,34
562,3.510,0.000,5.005,0.000,-0.000,-0.000,34
563,3.510,0.000,5.005,0.000,-0.000,-0.000,34
564,3.510,0.000,5.005,0.000,0.000,-0.000,34
565,3.510,0.000,5.005,0.000,0.000,-0.000,34
566,3.510,0.000,5.005,0.000,0.000,-0.000,34
567,3.510,0.000,5.005,0.000,0.000,-0.000,34
568,3.510,0.000,5.005,0.000,0.000,-0.000,34
569,3.510,0.000,5.005,0.000,0.000,-0.000,34
570,3.510,0.000,5.005,0.000,0.000,-0.000,34
571,3.510,0.000,5.005,0.000,0.000,-0.000,34
572,3.510,0.000,5.005,0.000,0.000,-0.000,34
573,3.510,0.000,5.005,0.000,0.000,-0.000,34
574,3.510,0.000,5.005,0.000,0.000,-0.000,34
575,3.510,0.000,5.005,0.000,0.000,-0.000,34
576,3.510,0.000,5.005,0.000,0.000,-0.000,34
577,3.510,0.000,5.005,0.000,0.000,-0.000,34
578,3.510,0.000,5.005,0.000,-0.000,-0.000,34
579,3.510,0.000,5.005,0.000,-0.000,-0.000,34
580,3.510,0.000,5.005,0.000,-0.000,-0.000,34
581,3.510,0.000,5.005,0.000,-0.000,-0.000,34
582,3.510,0.000,5.005,0.000,-0.000,-0.000,34
583,3.510,0.000,5.005,0.000,-0.000,-0.000,34
584,3.510,0.000,5.005,0.000,-0.000,-0.000,34
585,3.510,0.000,5.005,0.000,-0.000,-0.000,34
586,3.510,0.000,5.005,0.000,-0.000,-0.000,34
587,3.510,0.000,5.005,0.000,-0.000,-0.000,34
588,3.510,0.000,5.005,0.000,-0.000,-0.000,34
589,3.510,0.000,5.005,0.000,-0.000,-0.000,34
590,3.510,0.000,5.005,0.000,-0.000,-0.000,34
591,3.510,0.000,5.005,0.000,-0.000,-0.000,34
592,3.510,0.000,5.005,0.000,0.000,-0.000,34
593,3.510,0.000,5.005,0.000,0.000,-0.000,34
594,3.510,0.000,5.005,0.000,0.000,-0.000,34
595,3.510,0.000,5.005,0.000,0.000,-0.000,34
596,3.510,0.000,5.005,0.000,0.000,-0.000,34
597,3.510,0.000,5.005,0.000,0.000,-0.000,34
598,3.510,0.000,5.005,0.000,0.000,-0.000,34
599,3.510,0.000,5.005,0.000,0.000,-0.000,34
600,3.510,0.000,5.005,0.000,0.000,-0.000,34
601,3.510,0.000,5.005,0.000,0.000,-0.000,34
602,3.510,0.000,5.005,0.000,0.000,-0.000,34
603,3.510,0.000,5.005,0.000,0.000,-0.000,34
604,3.510,0.000,5.005,0.000,0.000,-0.000,34
605,3.510,0.000,5.005,0.000,0.000,-0.000,34
606,3.510,0.000,5.005,0.000,-0.000,-0.000,34
607,3.510,0.000,5.005,0.000,-0.000,-0.000,34
608,3.510,0.000,5.005,0.000,-0.000,-0.000,34
609,3.510,0.000,5.005,0.000,-0.000,-0.000,34
610,3.510,0.000,5.005,0.000,-0.000,-0.000,34
611,3.510,0.000,5.005,0.000,-0.000,-0.000,34
612,3.510,0.000,5.005,0.000,-0.000,-0.000,34
613,3.510,0.000,5.005,0.000,-0.000,-0.000,34
614,3.510,0.000,5.005,0.000,-0.000,-0.000,34
615,3.510,0.000,5.005,0.000,-0.000,-0.000,34
616,3.510,0.000,5.005,0.000,-0.000,-0.000,34
617,3.510,0.000,5.005,0.000,-0.000,-0.000,34
618,3.510,0.000,5.005,0.000,-0.000,-0.000,34
619,3.510,0.000,5.005,0.000,-0.000,-0.000,34
620,3.510,0.000,5.005,0.000,0.000,-0.000,34
621,3.510,0.000,5.005,0.000,0.000,-0.000,34
622,3.510,0.000,5.005,0.000,0.000,-0.000,34
623,3.510,0.000,5.005,0.000,0.000,-0.000,34
624,3.510,0.000,5.005,0.000,0.000,-0.000,34
625,3.510,0.000,5.005,0.000,0.000,-0.000,34
626,3.510,0.000,5.005,0.000,0.000,-0.000,34
627,3.510,0.000,5.005,0.000,0.000,-0.000,34
628,3.510,0.000,5.005,0.000,0.000,-0.000,34
629,3.510,0.000,5.005,0.000,0.000,-0.000,34
630,3.510,0.000,5.005,0.000,0.000,-0.000,34
631,3.510,0.000,5.005,0.000,0.000,-0.000,34
632,3.510,0.000,5.005,0.000,0.000,-0.000,34
633,3.510,0.000,5.005,0.000,0.000,-0.000,34
634,3.510,0.000,5.005,0.000,-0.000,-0.000,34
635,3.510,0.000,5.005,0.000,-0.000,-0.000,34
636,3.510,0.000,5.005,0.000,-0.000,-0.000,34
637,3.510,0.000,5.005,0.000,-0.000,-0.000,34
638,3.510,0.000,5.005,0.000,-0.000,-0.000,34
639,3.510,0.000,5.005,0.000,-0.000,-0.000,34
640,3.510,0.000,5.005,0.000,-0.000,-0.000,34
641,3.510,0.000,5.005,0.000,-0.000,-0.000,34
642,3.510,0.000,5.005,0.000,-0.000,-0.000,34
643,3.510,0.000,5.005,0.000,-0.000,-0.000,34
644,3.510,0.000,5.005,0.000,-0.000,-0.000,34
645,3.510,0.000,5.005,0.000,-0.000,-0.000,34
646,3.510,0.000,5.005,0.000,-0.000,-0.000,34
647,3.510,0.000,5.005,0.000,-0.000,-0.000,34
648,3.510,0.000,5.005,0.000,0.000,-0.000,34
649,3.510,0.000,5.005,0.000,0.000,-0.000,34
650,3.510,0.000,5.005,0.000,0.000,-0.000,34
651,3.510,0.000,5.005,0.000,0.000,-0.000,34
652,3.510,0.000,5.005,0.000,0.000,-0.000,34
653,3.510,0.000,5.005,0.000,0.000,-0.000,34
654,3.510,0.000,5.005,0.000,0.000,-0.000,34
655,3.510,0.000,5.005,0.000,0.000,-0.000,34
656,3.510,0.000,5.005,0.000,0.000,-0.000,34
657,3.510,0.000,5.005,0.000,0.000,-0.000,34
658,3.510,0.000,5.005,0.000,0.000,-0.000,34
659,3.510,0.000,5.005,0.000,0.000,-0.000,34
660,3.510,0.000,5.005,0.000,0.000,-0.000,34
661,3.510,0.000,5.005,0.000,0.000,-0.000,34
662,3.510,0.000,5.005,0.000,-0.000,-0.000,34
663,3.510,0.000,5.005,0.000,-0.000,-0.000,34
664,3.510,0.000,5.005,0.000,-0.000,-0.000,34
665,3.510,0.000,5.005,0.000,-0.000,-0.000,34
666,3.510,0.000,5.005,0.000,-0.000,-0.000,34
667,3.510,0.000,5.005,0.000,-0.000,-0.000,34
668,3.510,0.000,5.005,0.000,-0.000,-0.000,34
669,3.510,0.000,5.005,0.000,-0.000,-0.000,34
670,3.510,0.000,5.005,0.000,-0.000,-0.000,34
671,3.510,0.000,5.005,0.000,-0.000,-0.000,34
672,3.510,0.000,5.005,0.000,-0.000,-0.000,34
673,3.510,0.000,5.005,0.000,-0.000,-0.000,34
674,3.510,0.000,5.005,0.000,-0.000,-0.000,34
675,3.510,0.000,5.005,0.000,-0.000,-0.000,34
676,3.510,0.000,5.005,0.000,0.000,-0.000,34
677,3.510,0.000,5.005,0.000,0.000,-0.000,34
678,3.510,0.000,5.005,0.000,0.000,-0.000,34
679,3.510,0.000,5.005,0.000,0.000,-0.000,34
680,3.510,0.000,5.005,0.000,0.000,-0.000,34
681,3.510,0.000,5.005,0.000,0.000,-0.000,34
682,3.510,0.000,5.005,0.000,0.000,-0.000,34
683,3.510,0.000,5.005,0.000,0.000,-0.000,34
684,3.510,0.000,5.005,0.000,0.000,-0.000,34
685,3.510,0.000,5.005,0.000,0.000,-0.000,34
686,3.510,0.000,5.005,0.000,0.000,-0.000,34
687,3.510,0.000,5.005,0.000,0.000,-0.000,34
688,3.510,0.000,5.005,0.000,0.000,-0.000,34
689,3.510,0.000,5.005,0.000,0.000,-0.000,34
690,3.510,0.000,5.005,0.000,-0.000,-0.000,34
691,3.510,0.000,5.005,0.000,-0.000,-0.000,34
692,3.510,0.000,5.005,0.000,-0.000,-0.000,34
693,3.510,0.000,5.005,0.000,-0.000,-0.000,34
694,3.510,0.000,5.005,0.000,-0.000,-0.000,34
695,3.510,0.000,5.005,0.000,-0.000,-0.000,34
696,3.510,0.000,5.005,0.000,-0.000,-0.000,34
697,3.510,0.000,5.005,0.000,-0.000,-0.000,34
698,3.510,0.000,5.005,0.000,-0.000,-0.000,34
699,3.510,0.000,5.005,0.000,-0.000,-0.000,34
700,3.510,0.000,5.005,0.000,-0.000,-0.000,34
701,3.510,0.000,5.005,0.000,-0.000,-0.000,34
702,3.510,0.000,5.005,0.000,-0.000,-0.000,34
703,3.510,0.000,5.005,0.000,-0.000,-0.000,34
704,3.510,0.000,5.005,0.000,0.000,-0.000,34
705,3.510,0.000,5.005,0.000,0.000,-0.000,34
706,3.510,0.000,5.005,0.000,0.000,-0.000,34
707,3.510,0.000,5.005,0.000,0.000,-0.000,34
708,3.510,0.000,5.005,0.000,0.000,-0.000,34
709,3.510,0.000,5.005,0.000,0.000,-0.000,34
710,3.510,0.000,5.005,0.000,0.000,-0.000,34
711,3.510,0.000,5.005,0.000,0.000,-0.000,34
712,3.510,0.000,5.005,0.000,0.000,-0.000,34
713,3.510,0.000,5.005,0.000,0.000,-0.000,34
714,3.510,0.000,5.005,0.000,0.000,-0.000,34
715,3.510,0.000,5.005,0.000,0.000,-0.000,34
716,3.510,0.000,5.005,0.000,0.000,-0.000,34
717,3.510,0.000,5.005,0.000,0.000,-0.000,34
718,3.510,0.000,5.005,0.000,-0.000,-0.000,34
719,3.510,0.000,5.005,0.000,-0.000,-0.000,34
720,3.510,0.000,5.005,0.000,-0.000,-0.000,34
721,3.510,0.000,5.005,0.000,-0.000,-0.000,34
722,3.510,0.000,5.005,0.000,-0.000,-0.000,34
723,3.510,0.000,5.005,0.000,-0.000,-0.000,34
724,3.510,0.000,5.005,0.000,-0.000,-0.000,34
725,3.510,0.000,5.005,0.000,-0.000,-0.000,34
726,3.510,0.000,5.005,0.000,-0.000,-0.000,34
727,3.510,0.000,5.005,0.000,-0.000,-0.000,34
728,3.510,0.000,5.005,0.000,-0.000,-0.000,34
729,3.510,0.000,5.005,0.000,-0.000,-0.000,34
730,3.510,0.000,5.005,0.000,-0.000,-0.000,34
731,3.510,0.000,5.005,0.000,-0.000,-0.000,34
732,3.510,0.000,5.005,0.000,0.000,-0.000,34
733,3.510,0.000,5.005,0.000,0.000,-0.000,34
734,3.510,0.000,5.005,0.000,0.000,-0.000,34
735,3.510,0.000,5.005,0.000,0.000,-0.000,34
736,3.510,0.000,5.005,0.000,0.000,-0.000,34
737,3.510,0.000,5.005,0.000,0.000,-0.000,34
738,3.510,0.000,5.005,0.000,0.000,-0.000,34
739,3.510,0.000,5.005,0.000,0.000,-0.000,34
740,3.510,0.000,5.005,0.000,0.000,-0.000,34
741,3.510,0.000,5.005,0.000,0.000,-0.000,34
742,3.510,0.000,5.005,0.000,0.000,-0.000,34
743,3.510,0.000,5.005,0.000,0.000,-0.000,34
744,3.510,0.000,5.005,0.000,0.000,-0.000,34
745,3.510,0.000,5.005,0.000,0.000,-0.000,34
746,3.510,0.000,5.005,0.000,-0.000,-0.000,34
747,3.510,0.000,5.005,0.000,-0.000,-0.000,34
748,3.510,0.000,5.005,0.000,-0.000,-0.000,34
749,3.510,0.000,5.005,0.000,-0.000,-0.000,34
750,3.510,0.000,5.005,0.000,-0.000,-0.000,34
751,3.510,0.000,5.005,0.000,-0.000,-0.000,34
752,3.510,0.000,5.005,0.000,-0.000,-0.000,34
753,3.510,0.000,5.005,0.000,-0.000,-0.000,34
754,3.510,0.000,5.005,0.000,-0.000,-0.000,34
755,3.510,0.000,5.005,0.000,-0.000,-0.000,34
756,3.510,0.000,5.005,0.000,-0.000,-0.000,34
757,3.510,0.000,5.005,0.000,-0.000,-0.000,34
758,3.510,0.000,5.005,0.000,-0.000,-0.000,34
759,3.510,0.000,5.005,0.000,-0.000,-0.000,34
760,3.510,0.000,5.005,0.000,0.000,-0.000,34
761,3.510,0.000,5.005,0.000,0.000,-0.000,34
762,3.510,0.000,5.005,0.000,0.000,-0.000,34
763,3.510,0.000,5.005,0.000,0.000,-0.000,34
764,3.510,0.000,5.005,0.000,0.000,-0.000,34
765,3.510,0.000,5.005,0.000,0.000,-0.000,34
766,3.510,0.000,5.005,0.000,0.000,-0.000,34
767,3.510,0.000,5.005,0.000,0.000,-0.000,34
768,3.510,0.000,5.005,0.000,0.000,-0.000,34
769,3.510,0.000,5.005,0.000,0.000,-0.000,34
770,3.510,0.000,5.005,0.000,0.000,-0.000,34
771,3.510,0.000,5.005,0.000,0.000,-0.000,34
772,3.510,0.000,5.005,0.000,0.000,-0.000,34
773,3.510,0.000,5.005,0.000,0.000,-0.000,34
774,3.510,0.000,5.005,0.000,-0.000,-0.000,34
775,3.510,0.000,5.005,0.000,-0.000,-0.000,34
776,3.510,0.000,5.005,0.000,-0.000,-0.000,34
777,3.510,0.000,5.005,0.000,-0.000,-0.000,34
778,3.510,0.000,5.005,0.000,-0.000,-0.000,34
779,3.510,0.000,5.005,0.000,-0.000,-0.000,34
780,3.510,0.000,5.005,0.000,-0.000,-0.000,34
781,3.510,0.000,5.005,0.000,-0.000,-0.000,34
782,3.510,0.000,5.005,0.000,-0.000,-0.000,34
783,3.510,0.000,5.005,0.000,-0.000,-0.000,34
784,3.510,0.000,5.005,0.000,-0.000,-0.000,34
785,3.510,0.000,5.005,0.000,-0.000,-0.000,34
786,3.510,0.000,5.005,0.000,-0.000,-0.000,34
787,3.510,0.000,5.005,0.000,-0.000,-0.000,34
788,3.510,0.000,5.005,0.000,0.000,-0.000,34
789,3.510,0.000,5.005,0.000,0.000,-0.000,34
790,3.510,0.000,5.005,0.000,0.000,-0.000,34
791,3.510,0.000,5.005,0.000,0.000,-0.000,34
792,3.510,0.000,5.005,0.000,0.000,-0.000,34
793,3.510,0.000,5.005,0.000,0.000,-0.000,34
794,3.510,0.000,5.005,0.000,0.000,-0.000,34
795,3.510,0.000,5.005,0.000,0.000,-0.000,34
796,3.510,0.000,5.005,0.000,0.000,-0.000,34
797,3.510,0.000,5.005,0.000,0.000,-0.000,34
798,3.510,0.000,5.005,0.000,0.000,-0.000,34
799,3.510,0.000,5.005,0.000,0.000,-0.000,34
800,3.510,0.000,5.005,0.000,0.000,-0.000,34
801,3.510,0.000,5.005,0.000,0.000,-0.000,34
802,3.510,0.000,5.005,0.000,-0.000,-0.000,34
803,3.510,0.000,5.005,0.000,-0.000,-0.000,34
804,3.510,0.000,5.005,0.000,-0.000,-0.000,34
805,3.510,0.000,5.005,0.000,-0.000,-0.000,34
806,3.510,0.000,5.005,0.000,-0.000,-0.000,34
807,3.510,0.000,5.005,0.000,-0.000,-0.000,34
808,3.510,0.000,5.005,0.000,-0.000,-0.000,34
809,3.510,0.000,5.005,0.000,-0.000,-0.000,34
810,3.510,0.000,5.005,0.000,-0.000,-0.000,34
811,3.510,0.000,5.005,0.000,-0.000,-0.000,34
812,3.510,0.000,5.005,0.000,-0.000,-0.000,34
813,3.510,0.000,5.005,0.000,-0.000,-0.000,34
814,3.510,0.000,5.005,0.000,-0.000,-0.000,34
815,3.510,0.000,5.005,0.000,-0.000,-0.000,34
816,3.510,0.000,5.005,0.000,0.000,-0.000,34
817,3.510,0.000,5.005,0.000,0.000,-0.000,34
818,3.510,0.000,5.005,0.000,0.000,-0.000,34
819,3.510,0.000,5.005,0.000,0.000,-0.000,34
820,3.510,0.000,5.005,0.000,0.000,-0.000,34
821,3.510,0.000,5.005,0.000,0.000,-0.000,34
822,3.510,0.000,5.005,0.000,0.000,-0.000,34
823,3.510,0.000,5.005,0.000,0.000,-0.000,34
824,3.510,0.000,5.005,0.000,0.000,-0.000,34
825,3.510,0.000,5.005,0.000,0.000,-0.000,34
826,3.510,0.000,5.005,0.000,0.000,-0.000,34
827,3.510,0.000,5.005,0.000,0.000,-0.000,34
828,3.510,0.000,5.005,0.000,0.000,-0.000,34
829,3.510,0.000,5.005,0.000,0.000,-0.000,34
830,3.510,0.000,5.005,0.000,-0.000,-0.000,34
831,3.510,0.000,5.005,0.000,-0.000,-0.000,34
832,3.510,0.000,5.005,0.000,-0.000,-0.000,34
833,3.510,0.000,5.005,0.000,-0.000,-0.000,34
834,3.510,0.000,5.005,0.000,-0.000,-0.000,34
835,3.510,0.000,5.005,0.000,-0.000,-0.000,34
836,3.510,0.000,5.005,0.000,-0.000,-0.000,34
837,3.510,0.000,5.005,0.000,-0.000,-0.000,34
838,3.510,0.000,5.005,0.000,-0.000,-0.000,34
839,3.510,0.000,5.005,0.000,-0.000,-0.000,34
840,3.510,0.000,5.005,0.000,-0.000,-0.000,34
841,3.510,0.000,5.005,0.000,-0.000,-0.000,34
842,3.510,0.000,5.005,0.000,-0.000,-0.000,34
843,3.510,0.000,5.005,0.000,-0.000,-0.000,34
844,3.510,0.000,5.005,0.000,0.000,-0.000,34
845,3.510,0.000,5.005,0.000,0.000,-0.000,34
846,3.510,0.000,5.005,0.000,0.000,-0.000,34
847,3.510,0.000,5.005,0.000,0.000,-0.000,34
848,3.510,0.000,5.005,0.000,0.000,-0.000,34
849,3.510,0.000,5.005,0.000,0.000,-0.000,34
850,3.510,0.000,5.005,0.000,0.000,-0.000,34
851,3.510,0.000,5.005,0.000,0.000,-0.000,34
852,3.510,0.000,5.005,0.000,0.000,-0.000,34
853,3.510,0.000,5.005,0.000,0.000,-0.000,34
854,3.510,0.000,5.005,0.000,0.000,-0.000,34
855,3.510,0.000,5.005,0.000,0.000,-0.000,34
856,3.510,0.000,5.005,0.000,0.000,-0.000,34
857,3.510,0.000,5.005,0.000,0.000,-0.000,34
858,3.510,0.000,5.005,0.000,-0.000,-0.000,34
859,3.510,0.000,5.005,0.000,-0.000,-0.000,34
860,3.510,0.000,5.005,0.000,-0.000,-0.000,34
861,3.510,0.000,5.005,0.000,-0.000,-0.000,34
862,3.510,0.000,5.005,0.000,-0.000,-0.000,34
863,3.510,0.000,5.005,0.000,-0.000,-0.000,34
864,3.510,0.000,5.005,0.000,-0.000,-0.000,34
865,3.510,0.000,5.005,0.000,-0.000,-0.000,34
866,3.510,0.000,5.005,0.000,-0.000,-0.000,34
867,3.510,0.000,5.005,0.000,-0.000,-0.000,34
868,3.510,0.000,5.005,0.000,-0.000,-0.000,34
869,3.510,0.000,5.005,0.000,-0.000,-0.000,34
870,3.510,0.000,5.005,0.000,-0.000,-0.000,34
871,3.510,0.000,5.005,0.000,-0.000,-0.000,34
872,3.510,0.000,5.005,0.000,0.000,-0.000,34
873,3.510,0.000,5.005,0.000,0.000,-0.000,34
874,3.510,0.000,5.005,0.000,0.000,-0.000,34
875,3.510,0.000,5.005,0.000,0.000,-0.000,34
876,3.510,0.000,5.005,0.000,0.000,-0.000,34
877,3.510,0.000,5.005,0.000,0.000,-0.000,34
878,3.510,0.000,5.005,0.000,0.000,-0.000,34
879,3.510,0.000,5.005,0.000,0.000,-0.000,34
880,3.510,0.000,5.005,0.000,0.000,-0.000,34
881,3.510,0.000,5.005,0.000,0.000,-0.000,34
882,3.510,0.000,5.005,0.000,0.000,-0.000,34
883,3.510,0.000,5.005,0.000,0.000,-0.000,34
884,3.510,0.000,5.005,0.000,0.000,-0.000,34
885,3.510,0.000,5.005,0.000,0.000,-0.000,34
886,3.510,0.000,5.005,0.000,-0.000,-0.000,34
887,3.510,0.000,5.005,0.000,-0.000,-0.000,34
888,3.510,0.000,5.005,0.000,-0.000,-0.000,34
889,3.510,0.000,5.005,0.000,-0.000,-0.000,34
890,3.510,0.000,5.005,0.000,-0.000,-0.000,34
891,3.510,0.000,5.005,0.000,-0.000,-0.000,34
892,3.510,0.000,5.005,0.000,-0.000,-0.000,34
893,3.510,0.000,5.005,0.000,-0.000,-0.000,34
894,3.510,0.000,5.005,0.000,-0.000,-0.000,34
895,3.510,0.000,5.005,0.000,-0.000,-0.000,34
896,3.510,0.000,5.005,0.000,-0.000,-0.000,34
897,3.510,0.000,5.005,0.000,-0.000,-0.000,34
898,3.510,0.000,5.005,0.000,-0.000,-0.000,34
899,3.510,0.000,5.005,0.000,-0.000,-0.000,34
900,3.510,0.000,5.005,0.000,0.000,-0.000,34
901,3.510,0.000,5.005,0.000,0.000,-0.000,34
902,3.510,0.000,5.005,0.000,0.000,-0.000,34
903,3.510,0.000,5.005,0.000,0.000,-0.000,34
904,3.510,0.000,5.005,0.000,0.000,-0.000,34
905,3.510,0.000,5.005,0.000,0.000,-0.000,34
906,3.510,0.000,5.005,0.000,0.000,-0.000,34
907,3.510,0.000,5.005,0.000,0.000,-0.000,34
908,3.510,0.000,5.005,0.000,0.000,-0.000,34
909,3.510,0.000,5.005,0.000,0.000,-0.000,34
910,3.510,0.000,5.005,0.000,0.000,-0.000,34
911,3.510,0.000,5.005,0.000,0.000,-0.000,34
912,3.510,0.000,5.005,0.000,0.000,-0.000,34
913,3.510,0.000,5.005,0.000,0.000,-0.000,34
914,3.510,0.000,5.005,0.000,-0.000,-0.000,34
915,3.510,0.000,5.005,0.000,-0.000,-0.000,34
916,3.510,0.000,5.005,0.000,-0.000,-0.000,34
917,3.510,0.000,5.005,0.000,-0.000,-0.000,34
918,3.510,0.000,5.005,0.000,-0.000,-0.000,34
919,3.510,0.000,5.005,0.000,-0.000,-0.000,34
920,3.510,0.000,5.005,0.000,-0.000,-0.000,34
921,3.510,0.000,5.005,0.000,-0.000,-0.000,34
922,3.510,0.000,5.005,0.000,-0.000,-0.000,34
923,3.510,0.000,5.005,0.000,-0.000,-0.000,34
924,3.510,0.000,5.005,0.000,-0.000,-0.000,34
925,3.510,0.000,5.005,0.000,-0.000,-0.000,34
926,3.510,0.000,5.005,0.000,-0.000,-0.000,34
927,3.510,0.000,5.005,0.000,-0.000,-0.000,34
928,3.510,0.000,5.005,0.000,0.000,-0.000,34
929,3.510,0.000,5.005,0.000,0.000,-0.000,34
930,3.510,0.000,5.005,0.000,0.000,-0.000,34
931,3.510,0.000,5.005,0.000,0.000,-0.000,34
932,3.510,0.000,5.005,0.000,0.000,-0.000,34
933,3.510,0.000,5.005,0.000,0.000,-0.000,34
934,3.510,0.000,5.005,0.000,0.000,-0.000,34
935,3.510,0.000,5.005,0.000,0.000,-0.000,34
936,3.510,0.000,5.005,0.000,0.000,-0.000,34
937,3.510,0.000,5.005,0.000,0.000,-0.000,34
938,3.510,0.000,5.005,0.000,0.000,-0.000,34
939,3.510,0.000,5.005,0.000,0.000,-0.000,34
940,3.510,0.000,5.005,0.000,0.000,-0.000,34
941,3.510,0.000,5.005,0.000,0.000,-0.000,34
942,3.510,0.000,5.005,0.000,-0.000,-0.000,34
943,3.510,0.000,5.005,0.000,-0.000,-0.000,34
944,3.510,0.000,5.005,0.000,-0.000,-0.000,34
945,3.510,0.000,5.005,0.000,-0.000,-0.000,34
946,3.510,0.000,5.005,0.000,-0.000,-0.000,34
947,3.510,0.000,5.005,0.000,-0.000,-0.000,34
948,3.510,0.000,5.005,0.000,-0.000,-0.000,34
949,3.510,0.000,5.005,0.000,-0.000,-0.000,34
950,3.510,0.000,5.005,0.000,-0.000,-0.000,34
951,3.510,0.000,5.005,0.000,-0.000,-0.000,34
952,3.510,0.000,5.005,0.000,-0.000,-0.000,34
953,3.510,0.000,5.005,0.000,-0.000,-0.000,34
954,3.510,0.000,5.005,0.000,-0.000,-0.000,34
955,3.510,0.000,5.005,0.000,-0.000,-0.000,34
956,3.510,0.000,5.005,0.000,0.000,-0.000,34
957,3.510,0.000,5.005,0.000,0.000,-0.000,34
958,3.510,0.000,5.005,0.000,0.000,-0.000,34
959,3.510,0.000,5.005,0.000,0.000,-0.000,34
960,3.510,0.000,5.005,0.000,0.000,-0.000,34
961,3.510,0.000,5.005,0.000,0.000,-0.000,34
962,3.510,0.000,5.005,0.000,0.000,-0.000,34
963,3.510,0.000,5.005,0.000,0.000,-0.000,34
964,3.510,0.000,5.005,0.000,0.000,-0.000,34
965,3.510,0.000,5.005,0.000,0.000,-0.000,34
966,3.510,0.000,5.005,0.000,0.000,-0.000,34
967,3.510,0.000,5.005,0.000,0.000,-0.000,34
968,3.510,0.000,5.005,0.000,0.000,-0.000,34
969,3.510,0.000,5.005,0.000,0.000,-0.000,34
970,3.510,0.000,5.005,0.000,-0.000,-0.000,34
971,3.510,0.000,5.005,0.000,-0.000,-0.000,34
972,3.510,0.000,5.005,0.000,-0.000,-0.000,34
973,3.510,0.000,5.005,0.000,-0.000,-0.000,34
974,3.510,0.000,5.005,0.000,-0.000,-0.000,34
975,3.510,0.000,5.005,0.000,-0.000,-0.000,34
976,3.510,0.000,5.005,0.000,-0.000,-0.000,34
977,3.510,0.000,5.005,0.000,-0.000,-0.000,34
978,3.510,0.000,5.005,0.000,-0.000,-0.000,34
979,3.510,0.000,5.005,0.000,-0.000,-0.000,34
980,3.510,0.000,5.005,0.000,-0.000,-0.000,34
981,3.510,0.000,5.005,0.000,-0.000,-0.000,34
982,3.510,0.000,5.005,0.000,-0.000,-0.000,34
983,3.510,0.000,5.005,0.000,-0.000,-0.000,34
984,3.510,0.000,5.005,0.000,0.000,-0.000,34
985,3.510,0.000,5.005,0.000,0.000,-0.000,34
986,3.510,0.000,5.005,0.000,0.000,-0.000,34
987,3.510,0.000,5.005,0.000,0.000,-0.000,34
988,3.510,0.000,5.005,0.000,0.000,-0.000,34
989,3.510,0.000,5.005,0.000,0.000,-0.000,34
990,3.510,0.000,5.005,0.000,0.000,-0.000,34
991,3.510,0.000,5.005,0.000,0.000,-0.000,34
992,3.510,0.000,5.005,0.000,0.000,-0.000,34
993,3.510,0.000,5.005,0.000,0.000,-0.000,34
994,3.510,0.000,5.005,0.000,0.000,-0.000,34
995,3.510,0.000,5.005,0.000,0.000,-0.000,34
996,3.510,0.000,5.005,0.000,0.000,-0.000,34
997,3.510,0.000,5.005,0.000,0.000,-0.000,34
998,3.510,0.000,5.005,0.000,-0.000,-0.000,34
999,3.510,0.000,5.005,0.000,-0.000,-0.000,34
1000,3.510,0.000,5.005,0.000,-0.000,-0.000,34
