1,-1.000,0.500,0.000,0.000,0.000,0.000,1
2,-1.000,0.500,0.153,0.000,0.000,0.000,1
3,-1.000,0.500,0.473,0.000,0.000,0.000,1
4,-1.000,0.500,0.808,0.000,0.000,0.000,1
5,-1.000,0.500,1.088,0.000,0.000,0.000,1
6,-1.000,0.500,1.290,0.000,0.000,0.000,1
7,-1.000,0.500,1.420,0.000,0.000,0.000,1
8,-1.000,0.500,1.493,0.000,0.000,0.000,1
9,-1.000,0.500,1.522,0.000,0.000,0.000,1
10,-1.000,0.500,1.534,0.000,0.000,0.000,1
11,-1.000,0.500,1.533,0.000,0.000,0.000,1
12,-1.000,0.500,1.527,0.000,0.000,0.219,7.0
13,-1.000,0.499,1.519,0.000,0.000,0.361,7.0
14,-1.000,0.497,1.512,0.000,0.000,0.377,7.0
15,-1.000,0.494,1.506,0.000,0.000,0.291,7.0
16,-1.000,0.490,1.507,0.000,0.000,0.152,7.0
17,-1.000,0.485,1.507,0.000,0.000,0.021,7.0
18,-1.000,0.480,1.508,0.000,0.000,-0.070,7.0
19,-1.000,0.476,1.508,0.000,0.000,-0.106,7.0
20,-1.000,0.471,1.509,0.000,-0.000,-0.094,7.0
21,-1.000,0.467,1.509,0.000,-0.000,-0.051,7.0
22,-1.000,0.463,1.510,0.000,0.000,-0.001,7.0
23,-1.000,0.460,1.510,-0.000,0.001,0.038,7.0
24,-1.000,0.456,1.504,-0.000,0.001,0.056,7.0
25,-1.000,0.451,1.503,-0.000,0.003,0.053,4.0
26,-1.000,0.447,1.503,-0.000,0.006,0.036,4.0
27,-1.000,0.443,1.502,-0.000,0.002,0.013,10.0
28,-1.000,0.438,1.501,-0.000,-0.002,-0.007,10.0
29,-1.000,0.434,1.501,-0.000,-0.002,-0.019,10.0
30,-1.000,0.429,1.500,-0.000,-0.004,-0.022,10.0
31,-1.000,0.425,1.500,-0.000,-0.004,-0.017,10.0
32,-1.000,0.420,1.499,-0.000,-0.003,-0.009,10.0
33,-1.000,0.416,1.499,-0.000,-0.002,-0.001,10.0
34,-1.000,0.412,1.499,-0.000,-0.000,0.005,10.0
35,-1.000,0.407,1.498,-0.000,0.001,0.007,10.0
36,-1.000,0.403,1.498,-0.000,0.001,-0.221,10.0
37,-1.000,0.399,1.498,-0.000,0.001,-0.145,10.0
38,-1.000,0.396,1.497,-0.000,0.000,-0.017,10.0
39,-1.000,0.393,1.497,-0.000,0.000,0.085,10.0
40,-1.000,0.390,1.497,-0.000,0.011,0.136,4.0
41,-1.000,0.386,1.497,-0.000,0.019,0.133,4.0
42,-1.000,0.382,1.496,-0.000,0.020,0.092,4.0
43,-0.999,0.377,1.496,0.000,0.217,-0.134,4.0
44,-0.999,0.373,1.496,0.000,0.341,-0.295,4.0
45,-0.997,0.370,1.496,0.000,0.348,-0.337,4.0
46,-0.993,0.368,1.496,0.000,0.263,-0.277,4.0
47,-0.989,0.366,1.496,0.000,0.135,-0.160,4.0
48,-0.985,0.366,1.496,0.000,-0.209,-0.090,4.0
49,-0.981,0.366,1.496,0.000,-0.216,0.024,4.0
50,-0.977,0.365,1.496,0.000,-0.118,0.101,4.0
51,-0.974,0.365,1.496,0.000,-0.001,0.122,4.0
52,-0.971,0.364,1.496,0.000,0.091,0.098,4.0
53,-0.968,0.362,1.496,0.000,0.136,0.048,4.0
54,-0.965,0.361,1.496,0.000,0.131,-0.003,4.0
55,-0.961,0.359,1.496,0.000,0.090,-0.040,4.0
56,-0.956,0.358,1.496,0.000,0.036,-0.055,4.0
57,-0.952,0.357,1.496,0.000,-0.012,-0.049,4.0
58,-0.947,0.355,1.496,0.000,-0.042,-0.030,4.0
59,-0.943,0.354,1.496,0.000,-0.049,-0.006,4.0
60,-0.939,0.354,1.496,0.000,-0.039,0.013,4.0
61,-0.934,0.353,1.496,0.000,-0.019,0.023,4.0
62,-0.930,0.351,1.496,0.000,0.001,0.024,4.0
63,-0.926,0.350,1.496,0.000,0.015,0.017,4.0
64,-0.922,0.349,1.496,0.000,0.020,0.008,4.0
65,-0.918,0.348,1.496,0.000,0.017,-0.000,4.0
66,-0.914,0.347,1.496,0.000,0.009,-0.006,4.0
67,-0.909,0.345,1.496,0.000,-0.000,-0.007,4.0
68,-0.905,0.344,1.496,0.000,-0.007,-0.005,4.0
69,-0.901,0.343,1.496,0.000,-0.011,-0.002,4.0
70,-0.897,0.342,1.496,0.000,-0.011,0.002,4.0
71,-0.892,0.341,1.496,0.000,-0.009,0.005,4.0
72,-0.888,0.339,1.496,0.000,-0.005,0.006,4.0
73,-0.884,0.338,1.496,0.000,-0.002,0.005,4.0
74,-0.880,0.337,1.496,0.000,0.000,0.004,4.0
75,-0.876,0.336,1.496,0.000,0.001,0.002,4.0
76,-0.871,0.334,1.496,0.000,-0.000,0.001,4.0
77,-0.867,0.333,1.496,0.000,-0.001,0.000,4.0
78,-0.863,0.332,1.496,0.000,-0.003,0.000,4.0
79,-0.859,0.330,1.497,0.000,-0.004,0.000,4.0
80,-0.855,0.329,1.497,0.000,-0.004,0.001,4.0
81,-0.850,0.328,1.497,0.000,-0.004,0.002,4.0
82,-0.846,0.326,1.497,0.000,-0.004,0.002,4.0
83,-0.842,0.325,1.497,0.000,-0.003,0.002,4.0
84,-0.838,0.324,1.497,0.000,-0.002,0.002,4.0
85,-0.834,0.322,1.497,0.000,-0.002,0.001,4.0
86,-0.829,0.321,1.497,0.000,-0.002,0.001,4.0
87,-0.825,0.320,1.497,0.000,-0.002,0.001,4.0
88,-0.821,0.318,1.497,0.000,-0.003,0.000,4.0
89,-0.817,0.317,1.497,0.000,-0.003,0.000,4.0
90,-0.813,0.316,1.497,0.000,-0.003,0.000,4.0
91,-0.808,0.314,1.497,0.000,-0.003,0.001,4.0
92,-0.804,0.313,1.497,0.000,-0.003,0.001,4.0
93,-0.800,0.311,1.497,0.000,-0.003,0.001,4.0
94,-0.796,0.310,1.497,0.000,-0.003,0.000,4.0
95,-0.792,0.309,1.497,0.000,-0.040,-0.012,1
96,-0.788,0.307,1.497,0.000,-0.103,-0.034,1
97,-0.784,0.306,1.497,0.000,-0.178,-0.289,9.0
98,-0.781,0.306,1.497,0.000,-0.198,-0.447,9.0
99,-0.778,0.307,1.497,0.000,-0.164,-0.452,9.0
100,-0.777,0.310,1.497,0.000,-0.099,-0.339,9.0
101,-0.775,0.314,1.497,0.000,-0.030,-0.172,9.0
102,-0.774,0.318,1.497,0.000,-0.065,0.194,9.0
103,-0.772,0.322,1.497,0.000,-0.217,0.610,10.0
104,-0.772,0.324,1.497,0.000,-0.094,0.396,9.0
105,-0.772,0.325,1.497,0.000,0.162,0.363,9.0
106,-0.771,0.324,1.497,0.000,0.133,0.180,9.0
107,-0.770,0.323,1.497,0.000,-0.086,0.167,9.0
108,-0.769,0.321,1.497,0.000,-0.258,0.152,9.0
109,-0.769,0.319,1.497,0.000,-0.197,-0.060,9.0
110,-0.770,0.316,1.497,0.000,-0.078,-0.241,1
111,-0.771,0.315,1.497,0.000,0.037,-0.328,1
112,-0.772,0.315,1.497,0.000,0.105,-0.258,1
113,-0.772,0.315,1.497,0.000,0.328,-0.054,1
114,-0.772,0.316,1.497,0.000,0.437,0.127,1
115,-0.770,0.316,1.497,0.000,0.403,0.225,1
116,-0.766,0.316,1.497,0.000,0.254,0.234,1
117,-0.762,0.315,1.497,0.000,0.048,0.171,1
118,-0.757,0.313,1.497,0.000,-0.193,-0.202,9.0
119,-0.754,0.312,1.497,0.000,-0.323,-0.473,9.0
120,-0.751,0.312,1.497,0.000,-0.325,-0.551,9.0
121,-0.749,0.314,1.497,0.000,-0.231,-0.460,9.0
122,-0.748,0.318,1.498,0.000,-0.097,-0.271,9.0
123,-0.747,0.323,1.498,0.000,0.026,-0.065,9.0
124,-0.747,0.328,1.498,0.000,0.104,0.092,9.0
125,-0.746,0.333,1.498,0.000,0.127,0.168,9.0
126,-0.744,0.337,1.498,0.000,0.102,0.164,9.0
127,-0.742,0.341,1.498,0.000,0.051,0.105,9.0
128,-0.740,0.344,1.499,0.000,-0.002,0.026,9.0
129,-0.738,0.348,1.499,-0.000,-0.041,-0.042,9.0
130,-0.737,0.351,1.499,-0.000,-0.058,-0.080,9.0
131,-0.735,0.355,1.499,-0.000,-0.053,-0.085,9.0
132,-0.733,0.359,1.499,-0.000,-0.034,-0.063,9.0
133,-0.732,0.363,1.499,-0.000,-0.010,-0.029,9.0
134,-0.731,0.367,1.499,-0.000,0.009,0.004,9.0
135,-0.729,0.372,1.499,-0.000,0.020,0.026,9.0
136,-0.728,0.376,1.499,-0.000,0.021,0.034,9.0
137,-0.726,0.380,1.499,-0.000,0.015,0.029,9.0
138,-0.725,0.384,1.499,-0.000,0.006,0.017,9.0
139,-0.723,0.388,1.500,-0.000,-0.003,0.003,9.0
140,-0.722,0.392,1.500,-0.000,-0.009,-0.007,9.0
141,-0.720,0.396,1.500,-0.000,-0.011,-0.012,9.0
142,-0.719,0.400,1.500,-0.000,-0.009,-0.012,9.0
143,-0.717,0.405,1.500,-0.000,-0.005,-0.007,9.0
144,-0.716,0.409,1.500,-0.000,-0.001,-0.001,9.0
145,-0.714,0.413,1.500,-0.000,0.002,0.004,9.0
146,-0.713,0.417,1.500,-0.000,0.003,0.007,9.0
147,-0.711,0.421,1.500,-0.000,0.003,0.008,9.0
148,-0.710,0.425,1.500,-0.000,0.002,0.006,9.0
149,-0.708,0.430,1.500,-0.000,-0.000,0.004,9.0
150,-0.707,0.434,1.500,-0.000,-0.002,0.002,9.0
151,-0.705,0.438,1.500,-0.000,-0.002,0.000,9.0
152,-0.704,0.442,1.500,-0.000,-0.002,-0.000,9.0
153,-0.702,0.446,1.500,-0.000,-0.002,0.000,9.0
154,-0.700,0.450,1.500,-0.000,-0.001,0.001,9.0
155,-0.699,0.454,1.500,-0.000,-0.001,0.002,9.0
156,-0.697,0.458,1.500,-0.000,-0.000,0.003,9.0
157,-0.696,0.463,1.500,-0.000,-0.000,0.003,9.0
158,-0.694,0.467,1.500,-0.000,-0.000,0.003,9.0
159,-0.693,0.471,1.500,-0.000,-0.000,0.003,9.0
160,-0.691,0.475,1.500,-0.000,-0.001,0.002,9.0
161,-0.690,0.479,1.500,-0.000,-0.001,0.002,9.0
162,-0.688,0.483,1.500,-0.000,-0.001,0.002,9.0
163,-0.687,0.487,1.500,-0.000,-0.001,0.002,9.0
164,-0.685,0.492,1.500,-0.000,-0.001,0.002,9.0
165,-0.684,0.496,1.500,-0.000,-0.001,0.002,9.0
166,-0.682,0.500,1.500,-0.000,-0.001,0.002,9.0
167,-0.681,0.504,1.500,-0.000,-0.001,0.002,9.0
168,-0.679,0.508,1.500,-0.000,-0.001,0.002,9.0
169,-0.678,0.512,1.500,-0.000,-0.001,0.002,9.0
170,-0.676,0.516,1.500,-0.000,-0.001,0.002,9.0
171,-0.675,0.521,1.500,-0.000,-0.001,0.002,9.0
172,-0.673,0.525,1.500,-0.000,-0.001,0.002,9.0
173,-0.672,0.529,1.500,-0.000,-0.001,0.002,9.0
174,-0.670,0.533,1.500,-0.000,-0.001,0.002,9.0
175,-0.669,0.537,1.500,-0.000,-0.001,0.002,9.0
176,-0.667,0.541,1.500,-0.000,-0.001,0.002,9.0
177,-0.666,0.545,1.500,-0.000,-0.001,0.002,9.0
178,-0.664,0.549,1.500,-0.000,-0.001,0.002,9.0
179,-0.663,0.554,1.500,-0.000,-0.001,0.002,9.0
180,-0.661,0.558,1.500,-0.000,-0.001,0.002,9.0
181,-0.660,0.562,1.500,-0.000,-0.001,0.002,9.0
182,-0.658,0.566,1.500,-0.000,-0.001,0.002,9.0
183,-0.657,0.570,1.500,-0.000,-0.001,0.002,9.0
184,-0.655,0.574,1.500,-0.000,-0.001,0.002,9.0
185,-0.654,0.578,1.500,-0.000,-0.001,0.002,9.0
186,-0.652,0.583,1.500,-0.000,-0.001,0.002,9.0
187,-0.651,0.587,1.500,-0.000,-0.001,0.002,9.0
188,-0.649,0.591,1.500,-0.000,-0.001,0.002,9.0
189,-0.648,0.595,1.500,-0.000,-0.001,0.002,9.0
190,-0.646,0.599,1.500,-0.000,-0.001,0.002,9.0
191,-0.645,0.603,1.500,-0.000,-0.001,0.002,9.0
192,-0.643,0.607,1.500,-0.000,-0.001,0.002,9.0
193,-0.642,0.612,1.500,-0.000,-0.001,0.002,9.0
194,-0.640,0.616,1.500,-0.000,-0.001,0.002,9.0
195,-0.639,0.620,1.500,-0.000,-0.001,0.002,9.0
196,-0.637,0.624,1.500,-0.000,-0.001,0.002,9.0
197,-0.636,0.628,1.500,-0.000,-0.001,0.002,9.0
198,-0.634,0.632,1.500,-0.000,-0.001,0.002,9.0
199,-0.633,0.636,1.500,-0.000,-0.001,0.002,9.0
200,-0.631,0.641,1.500,-0.000,-0.001,0.002,9.0
201,-0.630,0.645,1.500,-0.000,-0.001,0.002,9.0
202,-0.628,0.649,1.500,-0.000,-0.001,0.002,9.0
203,-0.627,0.653,1.500,-0.000,-0.001,0.002,9.0
204,-0.625,0.657,1.500,-0.000,-0.001,0.002,9.0
205,-0.624,0.661,1.500,-0.000,-0.001,0.002,9.0
206,-0.622,0.665,1.500,-0.000,-0.001,0.002,9.0
207,-0.621,0.669,1.500,-0.000,-0.001,0.002,9.0
208,-0.619,0.674,1.500,-0.000,-0.001,0.002,9.0
209,-0.618,0.678,1.500,-0.000,-0.001,0.004,9.0
210,-0.616,0.682,1.500,-0.000,-0.003,0.007,9.0
211,-0.615,0.686,1.500,-0.000,-0.004,0.012,9.0
212,-0.613,0.690,1.500,-0.000,-0.006,0.016,9.0
213,-0.612,0.694,1.500,-0.000,-0.007,0.018,9.0
214,-0.610,0.698,1.500,-0.000,-0.007,0.019,9.0
215,-0.609,0.702,1.500,-0.000,-0.007,0.018,9.0
216,-0.607,0.706,1.500,-0.000,-0.006,0.017,9.0
217,-0.606,0.710,1.500,-0.000,-0.006,0.015,9.0
218,-0.604,0.713,1.500,-0.000,-0.005,0.014,9.0
219,-0.603,0.717,1.500,-0.000,-0.005,0.014,9.0
220,-0.602,0.721,1.500,-0.000,-0.005,0.014,9.0
221,-0.600,0.725,1.500,-0.000,-0.005,0.014,9.0
222,-0.599,0.728,1.500,-0.000,-0.005,0.015,9.0
223,-0.598,0.732,1.500,-0.000,-0.006,0.015,9.0
224,-0.597,0.735,1.500,-0.000,-0.006,0.015,9.0
225,-0.595,0.739,1.500,-0.000,-0.006,0.015,9.0
226,-0.594,0.742,1.500,-0.000,-0.005,0.015,9.0
227,-0.593,0.745,1.500,-0.000,-0.005,0.015,9.0
228,-0.592,0.749,1.500,-0.000,-0.005,0.014,9.0
229,-0.590,0.752,1.500,-0.000,-0.005,0.014,9.0
230,-0.589,0.755,1.500,-0.000,-0.005,0.014,9.0
231,-0.588,0.759,1.500,-0.000,-0.005,0.014,9.0
232,-0.587,0.762,1.500,-0.000,-0.005,0.013,9.0
233,-0.586,0.765,1.500,-0.000,-0.005,0.013,9.0
234,-0.585,0.768,1.500,-0.000,-0.005,0.013,9.0
235,-0.584,0.771,1.500,-0.000,-0.005,0.013,9.0
236,-0.582,0.774,1.500,-0.000,-0.005,0.013,9.0
237,-0.581,0.777,1.500,-0.000,-0.005,0.013,9.0
238,-0.580,0.780,1.500,-0.000,-0.005,0.013,9.0
239,-0.579,0.783,1.500,-0.000,-0.005,0.012,9.0
240,-0.578,0.786,1.500,-0.000,-0.004,0.012,9.0
241,-0.577,0.788,1.499,-0.000,-0.004,0.012,9.0
242,-0.576,0.791,1.499,-0.000,-0.004,0.012,9.0
243,-0.575,0.794,1.499,-0.000,-0.004,0.012,9.0
244,-0.574,0.797,1.499,-0.000,-0.004,0.012,9.0
245,-0.573,0.799,1.499,-0.000,-0.004,0.011,9.0
246,-0.572,0.802,1.499,-0.000,-0.004,0.011,9.0
247,-0.571,0.804,1.499,-0.000,-0.004,0.011,9.0
248,-0.570,0.807,1.499,-0.000,-0.004,0.011,9.0
249,-0.569,0.810,1.499,-0.000,-0.004,0.011,9.0
250,-0.569,0.812,1.499,-0.000,-0.004,0.011,9.0
251,-0.568,0.814,1.499,-0.000,-0.004,0.011,9.0
252,-0.567,0.817,1.499,-0.000,-0.004,0.010,9.0
253,-0.566,0.819,1.499,-0.000,-0.004,0.010,9.0
254,-0.565,0.822,1.499,-0.000,-0.004,0.010,9.0
255,-0.564,0.824,1.499,-0.000,-0.004,0.010,9.0
256,-0.563,0.826,1.499,-0.000,-0.004,0.010,9.0
257,-0.563,0.829,1.499,-0.000,-0.004,0.010,9.0
258,-0.562,0.831,1.499,-0.000,-0.004,0.010,9.0
259,-0.561,0.833,1.499,-0.000,-0.003,0.010,9.0
260,-0.560,0.835,1.499,-0.000,-0.003,0.009,9.0
261,-0.559,0.837,1.499,-0.000,-0.003,0.009,9.0
262,-0.559,0.840,1.499,-0.000,-0.003,0.009,9.0
263,-0.558,0.842,1.499,-0.000,-0.003,0.009,9.0
264,-0.557,0.844,1.499,-0.000,-0.003,0.009,9.0
265,-0.556,0.846,1.499,-0.000,-0.003,0.009,9.0
266,-0.556,0.848,1.499,-0.000,-0.003,0.009,9.0
267,-0.555,0.850,1.499,-0.000,-0.003,0.009,9.0
268,-0.554,0.852,1.499,-0.000,-0.003,0.008,9.0
269,-0.553,0.854,1.499,-0.000,-0.003,0.008,9.0
270,-0.553,0.856,1.499,-0.000,-0.003,0.008,9.0
271,-0.552,0.857,1.499,-0.000,-0.003,0.008,9.0
272,-0.551,0.859,1.499,-0.000,-0.003,0.008,9.0
273,-0.551,0.861,1.499,-0.000,-0.003,0.008,9.0
274,-0.550,0.863,1.499,-0.000,-0.003,0.008,9.0
275,-0.549,0.865,1.499,-0.000,-0.003,0.008,9.0
276,-0.549,0.867,1.499,-0.000,-0.003,0.008,9.0
277,-0.548,0.868,1.499,-0.000,-0.003,0.008,9.0
278,-0.547,0.870,1.499,-0.000,-0.003,0.007,9.0
279,-0.547,0.872,1.499,-0.000,-0.003,0.007,9.0
280,-0.546,0.873,1.499,-0.000,-0.003,0.007,9.0
281,-0.546,0.875,1.499,-0.000,-0.003,0.007,9.0
282,-0.545,0.877,1.499,-0.000,-0.003,0.007,9.0
283,-0.544,0.878,1.499,-0.000,-0.003,0.007,9.0
284,-0.544,0.880,1.499,-0.000,-0.003,0.007,9.0
285,-0.543,0.881,1.499,-0.000,-0.002,0.007,9.0
286,-0.543,0.883,1.499,-0.000,-0.002,0.007,9.0
287,-0.542,0.885,1.499,-0.000,-0.002,0.007,9.0
288,-0.542,0.886,1.499,-0.000,-0.002,0.007,9.0
289,-0.541,0.888,1.499,-0.000,-0.002,0.006,9.0
290,-0.540,0.889,1.499,-0.000,-0.002,0.006,9.0
291,-0.540,0.890,1.499,-0.000,-0.002,0.006,9.0
292,-0.539,0.892,1.499,-0.000,-0.002,0.006,9.0
293,-0.539,0.893,1.499,-0.000,-0.002,0.006,9.0
294,-0.538,0.895,1.499,-0.000,-0.002,0.006,9.0
295,-0.538,0.896,1.499,-0.000,-0.002,0.006,9.0
296,-0.537,0.897,1.499,-0.000,-0.002,0.006,9.0
297,-0.537,0.899,1.499,-0.000,-0.002,0.006,9.0
298,-0.536,0.900,1.499,-0.000,-0.002,0.006,9.0
299,-0.536,0.901,1.499,-0.000,-0.002,0.006,9.0
300,-0.535,0.903,1.499,-0.000,-0.002,0.006,9.0
301,-0.535,0.904,1.499,-0.000,-0.002,0.005,9.0
302,-0.535,0.905,1.499,-0.000,-0.002,0.005,9.0
303,-0.534,0.906,1.499,-0.000,-0.002,0.005,9.0
304,-0.534,0.908,1.499,-0.000,-0.002,0.005,9.0
305,-0.533,0.909,1.499,-0.000,-0.002,0.005,9.0
306,-0.533,0.910,1.499,-0.000,-0.002,0.005,9.0
307,-0.532,0.911,1.499,-0.000,-0.002,0.005,9.0
308,-0.532,0.912,1.499,-0.000,-0.002,0.005,9.0
309,-0.532,0.914,1.499,-0.000,-0.002,0.005,9.0
310,-0.531,0.915,1.499,-0.000,-0.002,0.005,9.0
311,-0.531,0.916,1.499,-0.000,-0.002,0.005,9.0
312,-0.530,0.917,1.499,-0.000,-0.002,0.005,9.0
313,-0.530,0.918,1.499,-0.000,-0.002,0.005,9.0
314,-0.530,0.919,1.499,-0.000,-0.002,0.005,9.0
315,-0.529,0.920,1.499,-0.000,-0.002,0.005,9.0
316,-0.529,0.921,1.499,-0.000,-0.002,0.005,9.0
317,-0.528,0.922,1.499,-0.000,-0.002,0.004,9.0
318,-0.528,0.923,1.499,-0.000,-0.002,0.004,9.0
319,-0.528,0.924,1.499,-0.000,-0.002,0.004,9.0
320,-0.527,0.925,1.499,-0.000,-0.002,0.004,9.0
321,-0.527,0.926,1.499,-0.000,-0.002,0.004,9.0
322,-0.527,0.927,1.499,-0.000,-0.002,0.004,9.0
323,-0.526,0.928,1.499,-0.000,-0.001,0.004,9.0
324,-0.526,0.929,1.499,-0.000,-0.001,0.004,9.0
325,-0.526,0.930,1.499,-0.000,-0.001,0.004,9.0
326,-0.525,0.931,1.499,-0.000,-0.001,0.004,9.0
327,-0.525,0.932,1.499,-0.000,-0.001,0.004,9.0
328,-0.525,0.933,1.499,-0.000,-0.001,0.004,9.0
329,-0.524,0.934,1.499,-0.000,-0.001,0.004,9.0
330,-0.524,0.934,1.499,-0.000,-0.001,0.004,9.0
331,-0.524,0.935,1.499,-0.000,-0.001,0.004,9.0
332,-0.523,0.936,1.499,-0.000,-0.001,0.004,9.0
333,-0.523,0.937,1.499,-0.000,-0.001,0.004,9.0
334,-0.523,0.938,1.499,-0.000,-0.001,0.004,9.0
335,-0.522,0.939,1.499,-0.000,-0.001,0.004,9.0
336,-0.522,0.939,1.499,-0.000,-0.001,0.003,9.0
337,-0.522,0.940,1.499,-0.000,-0.001,0.003,9.0
338,-0.522,0.941,1.499,-0.000,-0.001,0.003,9.0
339,-0.521,0.942,1.499,-0.000,-0.001,0.003,9.0
340,-0.521,0.943,1.499,-0.000,-0.001,0.003,9.0
341,-0.521,0.943,1.499,-0.000,-0.001,0.003,9.0
342,-0.520,0.944,1.499,-0.000,-0.001,0.003,9.0
343,-0.520,0.945,1.499,-0.000,-0.001,0.003,9.0
344,-0.520,0.946,1.499,-0.000,-0.001,0.003,9.0
345,-0.520,0.946,1.499,-0.000,-0.001,0.003,9.0
346,-0.519,0.947,1.499,-0.000,-0.001,0.003,9.0
347,-0.519,0.948,1.499,-0.000,-0.001,0.003,9.0
348,-0.519,0.948,1.499,-0.000,-0.001,0.003,9.0
349,-0.519,0.949,1.499,-0.000,-0.001,0.003,9.0
350,-0.518,0.950,1.499,-0.000,-0.001,0.003,9.0
351,-0.518,0.950,1.499,-0.000,-0.001,0.003,9.0
352,-0.518,0.951,1.499,-0.000,-0.001,0.003,9.0
353,-0.518,0.952,1.499,-0.000,-0.001,0.003,9.0
354,-0.517,0.952,1.499,-0.000,-0.001,0.003,9.0
355,-0.517,0.953,1.499,-0.000,-0.001,0.003,9.0
356,-0.517,0.953,1.499,-0.000,-0.001,0.003,9.0
357,-0.517,0.954,1.499,-0.000,-0.001,0.003,9.0
358,-0.517,0.955,1.499,-0.000,-0.001,0.003,9.0
359,-0.516,0.955,1.499,-0.000,-0.001,0.003,9.0
360,-0.516,0.956,1.499,-0.000,-0.001,0.003,9.0
361,-0.516,0.956,1.499,-0.000,-0.001,0.002,9.0
362,-0.516,0.957,1.499,-0.000,-0.001,0.002,9.0
363,-0.515,0.958,1.499,-0.000,-0.001,0.002,9.0
364,-0.515,0.958,1.499,-0.000,-0.001,0.002,9.0
365,-0.515,0.959,1.499,-0.000,-0.001,0.002,9.0
366,-0.515,0.959,1.499,-0.000,-0.001,0.002,9.0
367,-0.515,0.960,1.499,-0.000,-0.001,0.002,9.0
368,-0.514,0.960,1.499,-0.000,-0.001,0.002,9.0
369,-0.514,0.961,1.499,-0.000,-0.001,0.002,9.0
370,-0.514,0.961,1.499,-0.000,-0.001,0.002,9.0
371,-0.514,0.962,1.499,-0.000,-0.001,0.002,9.0
372,-0.514,0.962,1.499,-0.000,-0.001,0.002,9.0
373,-0.514,0.963,1.499,-0.000,-0.001,0.002,9.0
374,-0.513,0.963,1.499,-0.000,-0.001,0.002,9.0
375,-0.513,0.964,1.499,-0.000,-0.001,0.002,9.0
376,-0.513,0.964,1.499,-0.000,-0.001,0.002,9.0
377,-0.513,0.965,1.499,-0.000,-0.001,0.002,9.0
378,-0.513,0.965,1.499,-0.000,-0.001,0.002,9.0
379,-0.513,0.966,1.499,-0.000,-0.001,0.002,9.0
380,-0.512,0.966,1.499,-0.000,-0.001,0.002,9.0
381,-0.512,0.967,1.499,-0.000,-0.001,0.002,9.0
382,-0.512,0.967,1.499,-0.000,-0.001,0.002,9.0
383,-0.512,0.967,1.499,-0.000,-0.001,0.002,9.0
384,-0.512,0.968,1.499,-0.000,-0.001,0.002,9.0
385,-0.512,0.968,1.499,-0.000,-0.001,0.002,9.0
386,-0.511,0.969,1.499,-0.000,-0.001,0.002,9.0
387,-0.511,0.969,1.499,-0.000,-0.001,0.002,9.0
388,-0.511,0.969,1.499,-0.000,-0.001,0.002,9.0
389,-0.511,0.970,1.499,-0.000,-0.001,0.002,9.0
390,-0.511,0.970,1.499,-0.000,-0.001,0.002,9.0
391,-0.511,0.971,1.499,-0.000,-0.001,0.002,9.0
392,-0.511,0.971,1.499,-0.000,-0.001,0.002,9.0
393,-0.510,0.971,1.499,-0.000,-0.001,0.002,9.0
394,-0.510,0.972,1.499,-0.000,-0.001,0.002,9.0
395,-0.510,0.972,1.499,-0.000,-0.001,0.002,9.0
396,-0.510,0.973,1.499,-0.000,-0.001,0.002,9.0
397,-0.510,0.973,1.499,-0.000,-0.001,0.002,9.0
398,-0.510,0.973,1.499,-0.000,-0.001,0.002,9.0
399,-0.510,0.974,1.499,-0.000,-0.001,0.002,9.0
400,-0.510,0.974,1.499,-0.000,-0.001,0.001,9.0
401,-0.509,0.974,1.499,-0.000,-0.001,0.001,9.0
402,-0.509,0.975,1.499,-0.000,-0.001,0.001,9.0
403,-0.509,0.975,1.499,-0.000,-0.001,0.001,9.0
404,-0.509,0.975,1.499,-0.000,-0.001,0.001,9.0
405,-0.509,0.976,1.499,-0.000,-0.001,0.001,9.0
406,-0.509,0.976,1.499,-0.000,-0.001,0.001,9.0
407,-0.509,0.976,1.499,-0.000,-0.000,0.001,9.0
408,-0.509,0.977,1.499,-0.000,-0.000,0.001,9.0
409,-0.508,0.977,1.499,-0.000,-0.000,0.001,9.0
410,-0.508,0.977,1.499,-0.000,-0.000,0.001,9.0
411,-0.508,0.977,1.499,-0.000,-0.000,0.001,9.0
412,-0.508,0.978,1.499,-0.000,-0.000,0.001,9.0
413,-0.508,0.978,1.499,-0.000,-0.000,0.001,9.0
414,-0.508,0.978,1.499,-0.000,-0.000,0.001,9.0
415,-0.508,0.979,1.499,-0.000,-0.000,0.001,9.0
416,-0.508,0.979,1.499,-0.000,-0.000,0.001,9.0
417,-0.508,0.979,1.499,-0.000,-0.000,0.001,9.0
418,-0.507,0.979,1.499,-0.000,-0.000,0.001,9.0
419,-0.507,0.980,1.499,-0.000,-0.000,0.001,9.0
420,-0.507,0.980,1.499,-0.000,-0.000,0.001,9.0
421,-0.507,0.980,1.499,-0.000,-0.000,0.001,9.0
422,-0.507,0.981,1.499,-0.000,-0.000,0.001,9.0
423,-0.507,0.981,1.499,-0.000,-0.000,0.001,9.0
424,-0.507,0.981,1.499,-0.000,-0.000,0.001,9.0
425,-0.507,0.981,1.499,-0.000,-0.000,0.001,9.0
426,-0.507,0.982,1.499,-0.000,-0.000,0.001,9.0
427,-0.507,0.982,1.499,-0.000,-0.103,0.208,10.0
428,-0.507,0.981,1.499,-0.000,-0.170,0.343,10.0
429,-0.508,0.980,1.499,-0.000,-0.177,0.357,10.0
430,-0.509,0.977,1.499,-0.000,-0.136,0.275,10.0
431,-0.511,0.973,1.499,-0.000,-0.072,0.146,10.0
432,-0.513,0.969,1.499,-0.000,-0.009,0.019,10.0
433,-0.515,0.964,1.499,-0.000,0.034,-0.070,10.0
434,-0.518,0.960,1.499,-0.000,0.052,-0.105,10.0
435,-0.520,0.956,1.500,-0.000,0.046,-0.092,10.0
436,-0.521,0.953,1.500,-0.000,0.025,-0.051,10.0
437,-0.523,0.949,1.500,-0.000,0.001,-0.002,10.0
438,-0.525,0.946,1.500,-0.000,-0.018,0.036,10.0
439,-0.526,0.942,1.500,-0.000,-0.027,0.054,10.0
440,-0.528,0.939,1.500,-0.000,-0.026,0.052,10.0
441,-0.530,0.935,1.500,-0.000,-0.017,0.035,10.0
442,-0.532,0.931,1.500,-0.000,-0.006,0.012,10.0
443,-0.534,0.927,1.500,-0.000,0.004,-0.007,10.0
444,-0.536,0.923,1.500,-0.000,0.009,-0.019,10.0
445,-0.538,0.919,1.500,-0.000,0.011,-0.022,10.0
446,-0.540,0.915,1.501,-0.000,0.008,-0.017,10.0
447,-0.542,0.911,1.501,-0.000,0.004,-0.009,10.0
448,-0.544,0.907,1.501,-0.000,0.000,-0.000,10.0
449,-0.546,0.903,1.501,-0.000,-0.003,0.005,10.0
450,-0.548,0.899,1.501,-0.000,-0.004,0.007,10.0
451,-0.550,0.895,1.501,-0.000,-0.003,0.006,10.0
452,-0.552,0.892,1.501,-0.000,-0.001,0.003,10.0
453,-0.554,0.888,1.501,-0.000,0.001,-0.001,10.0
454,-0.556,0.884,1.501,-0.000,0.002,-0.004,10.0
455,-0.558,0.880,1.501,-0.000,0.003,-0.005,10.0
456,-0.560,0.876,1.501,-0.000,0.003,-0.005,10.0
457,-0.562,0.872,1.501,-0.000,0.002,-0.004,10.0
458,-0.564,0.868,1.501,-0.000,0.001,-0.003,10.0
459,-0.566,0.864,1.501,-0.000,0.001,-0.001,10.0
460,-0.568,0.860,1.501,-0.000,0.000,-0.001,10.0
461,-0.570,0.856,1.501,-0.000,0.000,-0.001,10.0
462,-0.572,0.852,1.501,-0.000,0.000,-0.001,10.0
463,-0.574,0.848,1.501,-0.000,0.001,-0.002,10.0
464,-0.576,0.844,1.501,-0.000,0.001,-0.002,10.0
465,-0.578,0.840,1.501,-0.000,0.001,-0.003,10.0
466,-0.580,0.836,1.501,-0.000,0.001,-0.003,10.0
467,-0.582,0.832,1.501,-0.000,0.001,-0.003,10.0
468,-0.584,0.829,1.501,-0.000,0.001,-0.002,10.0
469,-0.586,0.825,1.501,-0.000,0.001,-0.002,10.0
470,-0.588,0.821,1.501,-0.000,0.001,-0.002,10.0
471,-0.590,0.817,1.501,-0.000,0.001,-0.002,10.0
472,-0.592,0.813,1.501,-0.000,0.001,-0.002,10.0
473,-0.594,0.809,1.501,-0.000,0.001,-0.002,10.0
474,-0.596,0.805,1.501,-0.000,0.001,-0.002,10.0
475,-0.598,0.801,1.501,-0.000,0.001,-0.002,10.0
476,-0.600,0.797,1.501,-0.000,0.001,-0.002,10.0
477,-0.602,0.793,1.501,-0.000,0.001,-0.002,10.0
478,-0.603,0.789,1.501,-0.000,0.001,-0.002,10.0
479,-0.605,0.785,1.501,-0.000,0.001,-0.002,10.0
480,-0.607,0.781,1.501,-0.000,0.001,-0.002,10.0
481,-0.609,0.777,1.501,-0.000,0.001,-0.002,10.0
482,-0.611,0.773,1.501,-0.000,0.001,-0.002,10.0
483,-0.613,0.769,1.501,-0.000,0.001,-0.002,10.0
484,-0.615,0.766,1.501,-0.000,0.001,-0.002,10.0
485,-0.617,0.762,1.501,-0.000,0.001,-0.002,10.0
486,-0.619,0.758,1.501,-0.000,0.001,-0.002,10.0
487,-0.621,0.754,1.501,-0.000,0.001,-0.002,10.0
488,-0.623,0.750,1.501,-0.000,0.001,-0.002,10.0
489,-0.625,0.746,1.501,-0.000,0.001,-0.002,10.0
490,-0.627,0.742,1.501,-0.000,0.103,-0.205,10.0
491,-0.629,0.739,1.501,-0.000,0.068,-0.134,10.0
492,-0.630,0.736,1.501,-0.000,0.008,-0.016,10.0
493,-0.632,0.733,1.501,-0.000,-0.039,0.078,10.0
494,-0.633,0.730,1.501,-0.000,-0.063,0.125,10.0
495,-0.635,0.727,1.501,-0.000,-0.061,0.122,10.0
496,-0.637,0.723,1.501,-0.000,-0.042,0.084,10.0
497,-0.639,0.719,1.501,-0.000,-0.016,0.032,10.0
498,-0.641,0.715,1.501,-0.000,0.007,-0.014,10.0
499,-0.643,0.710,1.501,-0.000,0.022,-0.043,10.0
500,-0.645,0.706,1.501,-0.000,0.025,-0.050,10.0
501,-0.647,0.702,1.501,-0.000,0.020,-0.039,10.0
502,-0.649,0.698,1.501,-0.000,0.010,-0.020,10.0
503,-0.651,0.695,1.501,-0.000,-0.000,0.000,10.0
504,-0.653,0.691,1.501,-0.000,-0.007,0.014,10.0
505,-0.655,0.687,1.501,-0.000,-0.010,0.020,10.0
506,-0.657,0.683,1.501,-0.000,-0.009,0.017,10.0
507,-0.659,0.679,1.501,-0.000,-0.005,0.009,10.0
508,-0.661,0.675,1.501,-0.000,-0.000,0.001,10.0
509,-0.663,0.671,1.501,-0.000,0.003,-0.007,10.0
510,-0.665,0.667,1.501,-0.000,0.005,-0.010,10.0
511,-0.667,0.663,1.501,-0.000,0.005,-0.010,10.0
512,-0.669,0.659,1.501,-0.000,0.004,-0.008,10.0
513,-0.671,0.655,1.501,-0.000,0.002,-0.004,10.0
514,-0.673,0.652,1.501,-0.000,0.000,-0.001,10.0
515,-0.675,0.648,1.501,0.000,-0.001,0.001,10.0
516,-0.677,0.644,1.501,0.000,-0.001,0.002,10.0
517,-0.679,0.640,1.501,0.000,-0.000,0.001,10.0
518,-0.681,0.636,1.501,0.000,0.000,-0.001,10.0
519,-0.682,0.632,1.501,0.000,0.001,-0.002,10.0
520,-0.684,0.628,1.501,0.000,0.002,-0.003,10.0
521,-0.686,0.624,1.501,0.000,0.002,-0.004,10.0
522,-0.688,0.620,1.501,0.000,0.002,-0.003,10.0
523,-0.690,0.616,1.501,0.000,0.001,-0.003,10.0
524,-0.692,0.612,1.501,0.000,0.001,-0.002,10.0
525,-0.694,0.608,1.501,0.000,0.001,-0.002,10.0
526,-0.696,0.604,1.501,0.000,0.001,-0.001,10.0
527,-0.698,0.600,1.501,0.000,0.001,-0.001,10.0
528,-0.700,0.597,1.501,0.000,0.001,-0.002,10.0
529,-0.702,0.593,1.501,0.000,0.001,-0.002,10.0
530,-0.704,0.589,1.501,0.000,0.001,-0.002,10.0
531,-0.706,0.585,1.501,0.000,0.001,-0.002,10.0
532,-0.708,0.581,1.501,0.000,0.001,-0.002,10.0
533,-0.710,0.577,1.501,0.000,0.001,-0.002,10.0
534,-0.712,0.573,1.501,0.000,0.001,-0.002,10.0
535,-0.714,0.569,1.501,0.000,0.001,-0.002,10.0
536,-0.716,0.565,1.501,0.000,0.001,-0.002,10.0
537,-0.718,0.561,1.501,0.000,0.001,-0.002,10.0
538,-0.720,0.557,1.501,0.000,0.001,-0.002,10.0
539,-0.722,0.553,1.501,0.000,0.001,-0.002,10.0
540,-0.724,0.549,1.501,0.000,0.001,-0.002,10.0
541,-0.726,0.545,1.501,0.000,0.001,-0.002,10.0
542,-0.728,0.541,1.501,0.000,0.001,-0.002,10.0
543,-0.730,0.537,1.501,0.000,0.001,-0.002,10.0
544,-0.732,0.534,1.501,0.000,0.001,-0.002,10.0
545,-0.734,0.530,1.501,0.000,0.001,-0.002,10.0
546,-0.736,0.526,1.501,0.000,0.001,-0.002,10.0
547,-0.738,0.522,1.501,0.000,0.001,-0.002,10.0
548,-0.740,0.518,1.501,0.000,0.001,-0.002,10.0
549,-0.742,0.514,1.501,0.000,0.001,-0.002,10.0
550,-0.744,0.510,1.501,0.000,0.001,-0.002,10.0
551,-0.746,0.506,1.501,0.000,0.001,-0.002,10.0
552,-0.748,0.502,1.501,0.000,0.001,-0.002,10.0
553,-0.750,0.498,1.501,0.000,0.001,-0.002,10.0
554,-0.752,0.494,1.501,0.000,0.001,-0.002,10.0
555,-0.754,0.490,1.501,0.000,0.001,-0.002,10.0
556,-0.756,0.486,1.501,0.000,0.001,-0.002,10.0
557,-0.758,0.482,1.501,0.000,0.001,-0.002,10.0
558,-0.760,0.478,1.501,0.000,0.001,-0.002,10.0
559,-0.762,0.475,1.501,0.000,0.001,-0.002,10.0
560,-0.764,0.471,1.501,0.000,0.001,-0.002,10.0
561,-0.766,0.467,1.501,0.000,0.001,-0.002,10.0
562,-0.768,0.463,1.501,0.000,0.001,-0.002,10.0
563,-0.769,0.459,1.501,0.000,0.001,-0.002,10.0
564,-0.771,0.455,1.501,0.000,0.001,-0.002,10.0
565,-0.773,0.451,1.501,0.000,0.001,-0.002,10.0
566,-0.775,0.447,1.501,0.000,0.001,-0.002,10.0
567,-0.777,0.443,1.501,0.000,0.001,-0.002,10.0
568,-0.779,0.439,1.501,0.000,0.001,-0.002,10.0
569,-0.781,0.435,1.501,0.000,0.001,-0.002,10.0
570,-0.783,0.431,1.501,0.000,0.001,-0.002,10.0
571,-0.785,0.427,1.501,0.000,0.001,-0.002,10.0
572,-0.787,0.423,1.501,0.000,0.001,-0.002,10.0
573,-0.789,0.419,1.501,0.000,0.001,-0.002,10.0
574,-0.791,0.415,1.501,0.000,0.001,-0.002,10.0
575,-0.793,0.412,1.501,0.000,0.001,-0.002,10.0
576,-0.795,0.408,1.501,0.000,0.001,-0.002,10.0
577,-0.797,0.404,1.501,0.000,0.001,-0.002,10.0
578,-0.799,0.400,1.501,0.000,0.001,-0.002,10.0
579,-0.801,0.396,1.501,0.000,0.001,-0.002,10.0
580,-0.803,0.392,1.501,0.000,0.001,-0.002,10.0
581,-0.805,0.388,1.501,0.000,0.001,-0.002,10.0
582,-0.807,0.384,1.501,0.000,0.001,-0.002,10.0
583,-0.809,0.380,1.501,0.000,0.001,-0.002,10.0
584,-0.811,0.376,1.501,0.000,0.001,-0.002,10.0
585,-0.813,0.372,1.501,0.000,0.001,-0.002,10.0
586,-0.815,0.368,1.501,0.000,0.001,-0.002,10.0
587,-0.817,0.364,1.501,0.000,0.001,-0.002,10.0
588,-0.819,0.360,1.501,0.000,0.001,-0.002,10.0
589,-0.821,0.356,1.501,0.000,0.001,-0.002,10.0
590,-0.823,0.353,1.501,0.000,0.001,-0.002,10.0
591,-0.825,0.349,1.501,0.000,0.001,-0.002,10.0
592,-0.827,0.345,1.501,0.000,0.001,-0.002,10.0
593,-0.829,0.341,1.501,0.000,0.001,-0.002,10.0
594,-0.831,0.337,1.501,0.000,0.001,-0.002,10.0
595,-0.833,0.333,1.501,0.000,0.001,-0.002,10.0
596,-0.835,0.329,1.501,0.000,0.001,-0.002,10.0
597,-0.837,0.325,1.501,0.000,0.001,-0.002,10.0
598,-0.839,0.321,1.501,0.000,0.001,-0.002,10.0
599,-0.841,0.317,1.501,0.000,0.001,-0.002,10.0
600,-0.843,0.313,1.501,0.000,0.001,-0.002,10.0
601,-0.845,0.309,1.501,0.000,0.001,-0.002,10.0
602,-0.847,0.305,1.501,0.000,0.002,-0.004,10.0
603,-0.849,0.301,1.501,0.000,0.004,-0.008,10.0
604,-0.851,0.297,1.501,0.000,0.006,-0.012,10.0
605,-0.852,0.294,1.501,0.000,0.008,-0.016,10.0
606,-0.854,0.290,1.501,0.000,0.009,-0.018,10.0
607,-0.856,0.286,1.501,0.000,0.009,-0.018,10.0
608,-0.858,0.282,1.501,0.000,0.009,-0.017,10.0
609,-0.860,0.279,1.501,0.000,0.008,-0.016,10.0
610,-0.862,0.275,1.501,0.000,0.007,-0.014,10.0
611,-0.864,0.271,1.501,0.000,0.007,-0.013,10.0
612,-0.865,0.268,1.501,0.000,0.007,-0.013,10.0
613,-0.867,0.264,1.501,0.000,0.007,-0.013,10.0
614,-0.869,0.261,1.501,0.000,0.007,-0.014,10.0
615,-0.871,0.258,1.501,0.000,0.007,-0.014,10.0
616,-0.872,0.254,1.500,0.000,0.007,-0.015,10.0
617,-0.874,0.251,1.500,0.000,0.007,-0.015,10.0
618,-0.876,0.248,1.500,0.000,0.007,-0.015,10.0
619,-0.877,0.244,1.500,0.000,0.007,-0.014,10.0
620,-0.879,0.241,1.500,0.000,0.007,-0.014,10.0
621,-0.880,0.238,1.500,0.000,0.007,-0.013,10.0
622,-0.882,0.235,1.500,0.000,0.007,-0.013,10.0
623,-0.884,0.232,1.500,0.000,0.006,-0.013,10.0
624,-0.885,0.229,1.500,0.000,0.006,-0.013,10.0
625,-0.887,0.226,1.500,0.000,0.006,-0.013,10.0
626,-0.888,0.223,1.500,0.000,0.006,-0.013,10.0
627,-0.890,0.220,1.500,0.000,0.006,-0.013,10.0
628,-0.891,0.217,1.500,0.000,0.006,-0.012,10.0
629,-0.892,0.214,1.500,0.000,0.006,-0.012,10.0
630,-0.894,0.211,1.500,0.000,0.006,-0.012,10.0
631,-0.895,0.209,1.500,0.000,0.006,-0.012,10.0
632,-0.897,0.206,1.500,0.000,0.006,-0.012,10.0
633,-0.898,0.203,1.500,0.000,0.006,-0.012,10.0
634,-0.899,0.201,1.500,0.000,0.006,-0.011,10.0
635,-0.901,0.198,1.500,0.000,0.006,-0.011,10.0
636,-0.902,0.195,1.500,0.000,0.006,-0.011,10.0
637,-0.903,0.193,1.500,0.000,0.006,-0.011,10.0
638,-0.904,0.190,1.500,0.000,0.005,-0.011,10.0
639,-0.906,0.188,1.500,0.000,0.005,-0.011,10.0
640,-0.907,0.185,1.500,0.000,0.005,-0.011,10.0
641,-0.908,0.183,1.500,0.000,0.005,-0.010,10.0
642,-0.909,0.180,1.500,0.000,0.005,-0.010,10.0
643,-0.911,0.178,1.500,0.000,0.005,-0.010,10.0
644,-0.912,0.176,1.500,0.000,0.005,-0.010,10.0
645,-0.913,0.173,1.500,0.000,0.005,-0.010,10.0
646,-0.914,0.171,1.500,0.000,0.005,-0.010,10.0
647,-0.915,0.169,1.500,0.000,0.005,-0.010,10.0
648,-0.916,0.167,1.500,0.000,0.005,-0.010,10.0
649,-0.917,0.165,1.500,0.000,0.005,-0.009,10.0
650,-0.918,0.162,1.500,0.000,0.005,-0.009,10.0
651,-0.919,0.160,1.500,0.000,0.005,-0.009,10.0
652,-0.921,0.158,1.500,0.000,0.005,-0.009,10.0
653,-0.922,0.156,1.500,0.000,0.004,-0.009,10.0
654,-0.923,0.154,1.500,0.000,0.004,-0.009,10.0
655,-0.924,0.152,1.500,0.000,0.004,-0.009,10.0
656,-0.925,0.150,1.500,0.000,0.004,-0.009,10.0
657,-0.926,0.148,1.500,0.000,0.004,-0.008,10.0
658,-0.927,0.146,1.500,0.000,0.004,-0.008,10.0
659,-0.928,0.144,1.500,0.000,0.004,-0.008,10.0
660,-0.928,0.142,1.500,0.000,0.004,-0.008,10.0
661,-0.929,0.140,1.500,0.000,0.004,-0.008,10.0
662,-0.930,0.139,1.500,0.000,0.004,-0.008,10.0
663,-0.931,0.137,1.500,0.000,0.004,-0.008,10.0
664,-0.932,0.135,1.500,0.000,0.004,-0.008,10.0
665,-0.933,0.133,1.500,0.000,0.004,-0.008,10.0
666,-0.934,0.132,1.500,0.000,0.004,-0.008,10.0
667,-0.935,0.130,1.500,0.000,0.004,-0.007,10.0
668,-0.936,0.128,1.500,0.000,0.004,-0.007,10.0
669,-0.936,0.126,1.500,0.000,0.004,-0.007,10.0
670,-0.937,0.125,1.500,0.000,0.004,-0.007,10.0
671,-0.938,0.123,1.500,0.000,0.004,-0.007,10.0
672,-0.939,0.122,1.500,0.000,0.003,-0.007,10.0
673,-0.940,0.120,1.500,0.000,0.003,-0.007,10.0
674,-0.941,0.118,1.500,0.000,0.003,-0.007,10.0
675,-0.941,0.117,1.500,0.000,0.003,-0.007,10.0
676,-0.942,0.115,1.500,0.000,0.003,-0.007,10.0
677,-0.943,0.114,1.500,0.000,0.003,-0.007,10.0
678,-0.944,0.112,1.500,0.000,0.003,-0.006,10.0
679,-0.944,0.111,1.500,0.000,0.003,-0.006,10.0
680,-0.945,0.109,1.500,0.000,0.003,-0.006,10.0
681,-0.946,0.108,1.500,0.000,0.003,-0.006,10.0
682,-0.946,0.107,1.500,0.000,0.003,-0.006,10.0
683,-0.947,0.105,1.500,0.000,0.003,-0.006,10.0
684,-0.948,0.104,1.500,0.000,0.003,-0.006,10.0
685,-0.949,0.102,1.500,0.000,0.003,-0.006,10.0
686,-0.949,0.101,1.500,0.000,0.003,-0.006,10.0
687,-0.950,0.100,1.500,0.000,0.003,-0.006,10.0
688,-0.951,0.098,1.500,0.000,0.003,-0.006,10.0
689,-0.951,0.097,1.500,0.000,0.003,-0.006,10.0
690,-0.952,0.096,1.500,0.000,0.003,-0.005,10.0
691,-0.952,0.095,1.500,0.000,0.003,-0.005,10.0
692,-0.953,0.093,1.500,0.000,0.003,-0.005,10.0
693,-0.954,0.092,1.500,0.000,0.003,-0.005,10.0
694,-0.954,0.091,1.500,0.000,0.003,-0.005,10.0
695,-0.955,0.090,1.500,0.000,0.003,-0.005,10.0
696,-0.955,0.089,1.500,0.000,0.003,-0.005,10.0
697,-0.956,0.087,1.500,0.000,0.003,-0.005,10.0
698,-0.957,0.086,1.500,0.000,0.002,-0.005,10.0
699,-0.957,0.085,1.500,0.000,0.002,-0.005,10.0
700,-0.958,0.084,1.500,0.000,0.002,-0.005,10.0
701,-0.958,0.083,1.500,0.000,0.002,-0.005,10.0
702,-0.959,0.082,1.500,0.000,0.002,-0.005,10.0
703,-0.959,0.081,1.500,0.000,0.002,-0.005,10.0
704,-0.960,0.080,1.500,0.000,0.002,-0.005,10.0
705,-0.960,0.079,1.500,0.000,0.002,-0.004,10.0
706,-0.961,0.078,1.500,0.000,0.002,-0.004,10.0
707,-0.961,0.077,1.500,0.000,0.002,-0.004,10.0
708,-0.962,0.076,1.500,0.000,0.002,-0.004,10.0
709,-0.962,0.075,1.500,0.000,0.002,-0.004,10.0
710,-0.963,0.074,1.500,0.000,0.002,-0.004,10.0
711,-0.963,0.073,1.500,0.000,0.002,-0.004,10.0
712,-0.964,0.072,1.500,0.000,0.002,-0.004,10.0
713,-0.964,0.071,1.500,0.000,0.002,-0.004,10.0
714,-0.965,0.070,1.500,0.000,0.002,-0.004,10.0
715,-0.965,0.069,1.500,0.000,0.002,-0.004,10.0
716,-0.966,0.068,1.500,0.000,0.002,-0.004,10.0
717,-0.966,0.067,1.500,0.000,0.002,-0.004,10.0
718,-0.967,0.066,1.500,0.000,0.002,-0.004,10.0
719,-0.967,0.065,1.500,0.000,0.002,-0.004,10.0
720,-0.968,0.065,1.500,0.000,0.002,-0.004,10.0
721,-0.968,0.064,1.500,0.000,0.002,-0.004,10.0
722,-0.968,0.063,1.500,0.000,0.002,-0.004,10.0
723,-0.969,0.062,1.500,0.000,0.002,-0.004,10.0
724,-0.969,0.061,1.500,0.000,0.002,-0.004,10.0
725,-0.970,0.060,1.500,0.000,0.002,-0.003,10.0
726,-0.970,0.060,1.500,0.000,0.002,-0.003,10.0
727,-0.970,0.059,1.500,0.000,0.002,-0.003,10.0
728,-0.971,0.058,1.500,0.000,0.002,-0.003,10.0
729,-0.971,0.057,1.500,0.000,0.002,-0.003,10.0
730,-0.972,0.057,1.500,0.000,0.002,-0.003,10.0
731,-0.972,0.056,1.500,0.000,0.002,-0.003,10.0
732,-0.972,0.055,1.500,0.000,0.002,-0.003,10.0
733,-0.973,0.054,1.500,0.000,0.002,-0.003,10.0
734,-0.973,0.054,1.500,0.000,0.002,-0.003,10.0
735,-0.973,0.053,1.500,0.000,0.002,-0.003,10.0
736,-0.974,0.052,1.500,0.000,0.002,-0.003,10.0
737,-0.974,0.052,1.500,0.000,0.001,-0.003,10.0
738,-0.974,0.051,1.500,0.000,0.001,-0.003,10.0
739,-0.975,0.050,1.500,0.000,0.001,-0.003,10.0
740,-0.975,0.050,1.500,0.000,0.001,-0.003,10.0
741,-0.975,0.049,1.500,0.000,0.001,-0.003,10.0
742,-0.976,0.048,1.500,0.000,0.001,-0.003,10.0
743,-0.976,0.048,1.500,0.000,0.001,-0.003,10.0
744,-0.976,0.047,1.500,0.000,0.001,-0.003,10.0
745,-0.977,0.046,1.500,0.000,0.001,-0.003,10.0
746,-0.977,0.046,1.500,0.000,0.001,-0.003,10.0
747,-0.977,0.045,1.500,0.000,0.001,-0.003,10.0
748,-0.978,0.045,1.500,0.000,0.001,-0.003,10.0
749,-0.978,0.044,1.500,0.000,0.001,-0.003,10.0
750,-0.978,0.043,1.500,0.000,0.001,-0.002,10.0
751,-0.978,0.043,1.500,0.000,0.001,-0.002,10.0
752,-0.979,0.042,1.500,0.000,0.001,-0.002,10.0
753,-0.979,0.042,1.499,0.000,0.001,-0.002,10.0
754,-0.979,0.041,1.499,0.000,0.001,-0.002,10.0
755,-0.980,0.041,1.499,0.000,0.001,-0.002,10.0
756,-0.980,0.040,1.499,0.000,0.001,-0.002,10.0
757,-0.980,0.040,1.499,0.000,0.001,-0.002,10.0
758,-0.980,0.039,1.499,0.000,0.001,-0.002,10.0
759,-0.981,0.039,1.499,0.000,0.001,-0.002,10.0
760,-0.981,0.038,1.499,0.000,0.001,-0.002,10.0
761,-0.981,0.038,1.499,0.000,0.001,-0.002,10.0
762,-0.981,0.037,1.499,0.000,0.001,-0.002,10.0
763,-0.982,0.037,1.499,0.000,0.001,-0.002,10.0
764,-0.982,0.036,1.499,0.000,0.001,-0.002,10.0
765,-0.982,0.036,1.499,0.000,0.001,-0.002,10.0
766,-0.982,0.035,1.499,0.000,0.001,-0.002,10.0
767,-0.983,0.035,1.499,0.000,0.001,-0.002,10.0
768,-0.983,0.034,1.499,0.000,0.001,-0.002,10.0
769,-0.983,0.034,1.499,0.000,0.001,-0.002,10.0
770,-0.983,0.033,1.499,0.000,0.001,-0.002,10.0
771,-0.983,0.033,1.499,0.000,0.001,-0.002,10.0
772,-0.984,0.033,1.499,0.000,0.001,-0.002,10.0
773,-0.984,0.032,1.499,0.000,0.001,-0.002,10.0
774,-0.984,0.032,1.499,0.000,0.001,-0.002,10.0
775,-0.984,0.031,1.499,0.000,0.001,-0.002,10.0
776,-0.984,0.031,1.499,0.000,0.001,-0.002,10.0
777,-0.985,0.030,1.499,0.000,0.001,-0.002,10.0
778,-0.985,0.030,1.499,0.000,0.001,-0.002,10.0
779,-0.985,0.030,1.499,0.000,0.001,-0.002,10.0
780,-0.985,0.029,1.499,0.000,0.001,-0.002,10.0
781,-0.985,0.029,1.499,0.000,0.001,-0.002,10.0
782,-0.986,0.029,1.499,0.000,0.001,-0.002,10.0
783,-0.986,0.028,1.499,0.000,0.001,-0.002,10.0
784,-0.986,0.028,1.499,0.000,0.001,-0.002,10.0
785,-0.986,0.027,1.499,0.000,0.001,-0.002,10.0
786,-0.986,0.027,1.499,0.000,0.001,-0.002,10.0
787,-0.987,0.027,1.499,0.000,0.001,-0.002,10.0
788,-0.987,0.026,1.499,0.000,0.001,-0.002,10.0
789,-0.987,0.026,1.499,0.000,0.001,-0.001,10.0
790,-0.987,0.026,1.499,0.000,0.001,-0.001,10.0
791,-0.987,0.025,1.499,0.000,0.001,-0.001,10.0
792,-0.987,0.025,1.499,0.000,0.001,-0.001,10.0
793,-0.988,0.025,1.499,0.000,0.001,-0.001,10.0
794,-0.988,0.024,1.499,0.000,0.001,-0.001,10.0
795,-0.988,0.024,1.499,0.000,0.001,-0.001,10.0
796,-0.988,0.024,1.499,0.000,0.001,-0.001,10.0
797,-0.988,0.023,1.499,0.000,0.001,-0.001,10.0
798,-0.988,0.023,1.499,0.000,0.001,-0.001,10.0
799,-0.989,0.023,1.499,0.000,0.001,-0.001,10.0
800,-0.989,0.023,1.499,0.000,0.001,-0.001,10.0
801,-0.989,0.022,1.499,0.000,0.001,-0.001,10.0
802,-0.989,0.022,1.499,0.000,0.001,-0.001,10.0
803,-0.989,0.022,1.499,0.000,0.001,-0.001,10.0
804,-0.989,0.021,1.499,0.000,0.001,-0.001,10.0
805,-0.989,0.021,1.499,0.000,0.001,-0.001,10.0
806,-0.990,0.021,1.499,0.000,0.001,-0.001,10.0
807,-0.990,0.021,1.499,0.000,0.001,-0.001,10.0
808,-0.990,0.020,1.499,0.000,0.001,-0.001,10.0
809,-0.990,0.020,1.499,0.000,0.001,-0.001,10.0
810,-0.990,0.020,1.499,0.000,0.001,-0.001,10.0
811,-0.990,0.019,1.499,0.000,0.001,-0.001,10.0
812,-0.990,0.019,1.499,0.000,0.001,-0.001,10.0
813,-0.990,0.019,1.499,0.000,0.001,-0.001,10.0
814,-0.991,0.019,1.499,0.000,0.001,-0.001,10.0
815,-0.991,0.018,1.499,0.000,0.001,-0.001,10.0
816,-0.991,0.018,1.499,0.000,0.001,-0.001,10.0
817,-0.991,0.018,1.499,0.000,0.001,-0.001,10.0
818,-0.991,0.018,1.499,0.000,0.001,-0.001,10.0
819,-0.991,0.018,1.499,0.000,0.001,-0.001,10.0
820,-0.991,0.017,1.499,0.000,0.000,-0.001,10.0
821,-0.991,0.017,1.499,0.000,0.000,-0.001,10.0
822,-0.992,0.017,1.499,0.000,0.000,-0.001,10.0
823,-0.992,0.017,1.499,0.000,0.000,-0.001,10.0
824,-0.992,0.016,1.499,0.000,0.000,-0.001,10.0
825,-0.992,0.016,1.499,0.000,0.000,-0.001,10.0
826,-0.992,0.016,1.499,0.000,0.000,-0.001,10.0
827,-0.992,0.016,1.499,0.000,0.000,-0.001,10.0
828,-0.992,0.016,1.499,0.000,0.000,-0.001,10.0
829,-0.992,0.015,1.499,0.000,0.000,-0.001,10.0
830,-0.992,0.015,1.499,0.000,0.000,-0.001,10.0
831,-0.992,0.015,1.499,0.000,0.000,-0.001,10.0
832,-0.993,0.015,1.499,0.000,0.000,-0.001,10.0
833,-0.993,0.015,1.499,0.000,0.000,-0.001,10.0
834,-0.993,0.014,1.499,0.000,0.000,-0.001,10.0
835,-0.993,0.014,1.499,0.000,0.000,-0.001,10.0
836,-0.993,0.014,1.499,0.000,0.000,-0.001,10.0
837,-0.993,0.014,1.499,0.000,0.000,-0.001,10.0
838,-0.993,0.014,1.499,0.000,0.000,-0.001,10.0
839,-0.993,0.013,1.499,0.000,0.000,-0.001,10.0
840,-0.993,0.013,1.499,0.000,0.000,-0.001,10.0
841,-0.993,0.013,1.499,0.000,0.000,-0.001,10.0
842,-0.993,0.013,1.499,0.000,0.000,-0.001,10.0
843,-0.994,0.013,1.499,0.000,0.000,-0.001,10.0
844,-0.994,0.013,1.499,0.000,0.000,-0.001,10.0
845,-0.994,0.012,1.499,0.000,0.000,-0.001,10.0
846,-0.994,0.012,1.499,0.000,0.000,-0.001,10.0
847,-0.994,0.012,1.499,0.000,0.000,-0.001,10.0
848,-0.994,0.012,1.499,0.000,0.000,-0.001,10.0
849,-0.994,0.012,1.499,0.000,0.000,-0.001,10.0
850,-0.994,0.012,1.499,0.000,0.000,-0.001,10.0
851,-0.994,0.011,1.499,0.000,0.000,-0.001,10.0
852,-0.994,0.011,1.499,0.000,0.000,-0.001,10.0
853,-0.994,0.011,1.499,0.000,0.000,-0.001,10.0
854,-0.994,0.011,1.499,0.000,0.000,-0.001,10.0
855,-0.995,0.011,1.499,0.000,0.000,-0.001,10.0
856,-0.995,0.011,1.499,0.000,0.000,-0.001,10.0
857,-0.995,0.011,1.499,0.000,0.000,-0.001,10.0
858,-0.995,0.010,1.499,0.000,0.000,-0.001,10.0
859,-0.995,0.010,1.499,0.000,0.000,-0.001,10.0
860,-0.995,0.010,1.499,0.000,0.000,-0.001,10.0
861,-0.995,0.010,1.499,0.000,0.000,-0.001,10.0
862,-0.995,0.010,1.499,0.000,0.000,-0.001,10.0
863,-0.995,0.010,1.499,0.000,0.000,-0.001,10.0
864,-0.995,0.010,1.499,0.000,0.000,-0.001,10.0
865,-0.995,0.010,1.499,0.000,0.000,-0.001,10.0
866,-0.995,0.009,1.499,0.000,0.000,-0.001,10.0
867,-0.995,0.009,1.499,0.000,0.000,-0.001,10.0
868,-0.995,0.009,1.499,0.000,0.000,-0.001,10.0
869,-0.995,0.009,1.499,0.000,0.000,-0.001,10.0
870,-0.996,0.009,1.499,0.000,0.000,-0.001,10.0
871,-0.996,0.009,1.499,0.000,0.000,-0.001,10.0
872,-0.996,0.009,1.499,0.000,0.003,-0.006,10.0
873,-0.996,0.009,1.499,0.000,0.005,-0.010,10.0
874,-0.996,0.009,1.499,0.000,0.005,-0.010,10.0
875,-0.996,0.009,1.499,0.000,0.004,-0.007,10.0
876,-0.996,0.009,1.499,0.000,0.002,-0.004,10.0
877,-0.996,0.009,1.499,0.000,0.000,-0.001,10.0
878,-0.996,0.009,1.499,0.000,-0.001,0.002,10.0
879,-0.996,0.009,1.499,0.000,-0.001,0.003,10.0
880,-0.996,0.009,1.499,0.000,-0.001,0.002,10.0
881,-0.996,0.009,1.499,0.000,-0.001,0.001,10.0
882,-0.996,0.009,1.499,0.000,0.000,-0.000,10.0
883,-0.996,0.009,1.499,0.000,0.001,-0.001,10.0
884,-0.996,0.008,1.499,0.000,0.001,-0.002,10.0
885,-0.996,0.008,1.499,0.000,0.001,-0.001,10.0
886,-0.996,0.008,1.499,0.000,0.000,-0.001,10.0
887,-0.996,0.008,1.499,0.000,0.000,-0.000,10.0
888,-0.996,0.008,1.499,0.000,-0.000,0.000,10.0
889,-0.996,0.008,1.499,0.000,-0.000,0.000,10.0
890,-0.996,0.008,1.499,0.000,-0.000,0.001,10.0
891,-0.996,0.008,1.499,0.000,-0.000,0.000,10.0
892,-0.996,0.008,1.499,0.000,-0.000,0.000,10.0
893,-0.996,0.008,1.499,0.000,0.000,-0.000,10.0
894,-0.996,0.008,1.499,0.000,0.000,-0.000,10.0
895,-0.996,0.008,1.499,0.000,0.000,-0.000,10.0
896,-0.996,0.008,1.499,0.000,0.000,-0.000,10.0
897,-0.996,0.008,1.499,0.000,0.000,-0.000,10.0
898,-0.996,0.008,1.499,0.000,0.000,-0.000,10.0
899,-0.996,0.008,1.499,0.000,-0.000,0.000,10.0
900,-0.996,0.008,1.499,0.000,-0.000,0.000,10.0
901,-0.996,0.008,1.499,0.000,-0.000,0.000,10.0
902,-0.996,0.008,1.499,0.000,-0.000,0.000,10.0
903,-0.996,0.008,1.499,0.000,-0.000,0.000,10.0
904,-0.996,0.008,1.499,0.000,0.000,-0.000,10.0
905,-0.996,0.008,1.499,0.000,0.000,-0.000,10.0
906,-0.996,0.008,1.499,0.000,0.000,-0.000,10.0
907,-0.996,0.008,1.499,0.000,0.000,-0.000,10.0
908,-0.996,0.008,1.499,0.000,0.000,-0.000,10.0
909,-0.996,0.008,1.499,0.000,-0.000,0.000,10.0
910,-0.996,0.008,1.499,0.000,-0.000,0.000,10.0
911,-0.996,0.008,1.499,0.000,-0.000,0.000,10.0
912,-0.996,0.008,1.499,0.000,-0.000,0.000,10.0
913,-0.996,0.008,1.499,0.000,-0.000,0.000,10.0
914,-0.996,0.008,1.499,0.000,-0.000,0.000,10.0
915,-0.996,0.008,1.499,0.000,0.000,-0.000,10.0
916,-0.996,0.008,1.499,0.000,0.000,-0.000,10.0
917,-0.996,0.008,1.499,0.000,0.000,-0.000,10.0
918,-0.996,0.008,1.499,0.000,0.000,-0.000,10.0
919,-0.996,0.008,1.499,0.000,0.000,-0.000,10.0
920,-0.996,0.008,1.499,0.000,-0.000,0.000,10.0
921,-0.996,0.008,1.499,0.000,-0.000,0.000,10.0
922,-0.996,0.008,1.499,0.000,-0.000,0.000,10.0
923,-0.996,0.008,1.499,0.000,-0.000,0.000,10.0
924,-0.996,0.008,1.499,0.000,-0.000,0.000,10.0
925,-0.996,0.008,1.499,0.000,0.000,-0.000,10.0
926,-0.996,0.008,1.499,0.000,0.000,-0.000,10.0
927,-0.996,0.008,1.499,0.000,0.000,-0.000,10.0
928,-0.996,0.008,1.499,0.000,0.000,-0.000,10.0
929,-0.996,0.008,1.499,0.000,0.000,-0.000,10.0
930,-0.996,0.008,1.499,0.000,0.000,-0.000,10.0
931,-0.996,0.008,1.499,0.000,-0.000,0.000,10.0
932,-0.996,0.008,1.499,0.000,-0.000,0.000,10.0
933,-0.996,0.008,1.499,0.000,-0.000,0.000,10.0
934,-0.996,0.008,1.499,0.000,-0.000,0.000,10.0
935,-0.996,0.008,1.499,0.000,-0.000,0.000,10.0
936,-0.996,0.008,1.499,0.000,0.000,-0.000,10.0
937,-0.996,0.008,1.499,0.000,0.000,-0.000,10.0
938,-0.996,0.008,1.499,0.000,0.000,-0.000,10.0
939,-0.996,0.008,1.499,0.000,0.000,-0.000,10.0
940,-0.996,0.008,1.499,0.000,0.000,-0.000,10.0
941,-0.996,0.008,1.499,0.000,-0.000,0.000,10.0
942,-0.996,0.008,1.499,0.000,-0.000,0.000,10.0
943,-0.996,0.008,1.499,0.000,-0.000,0.000,10.0
944,-0.996,0.008,1.499,0.000,-0.000,0.000,10.0
945,-0.996,0.008,1.499,0.000,-0.000,0.000,10.0
946,-0.996,0.008,1.499,0.000,-0.000,0.000,10.0
947,-0.996,0.008,1.499,0.000,0.000,-0.000,10.0
948,-0.996,0.008,1.499,0.000,0.000,-0.000,10.0
949,-0.996,0.008,1.499,0.000,0.000,-0.000,10.0
950,-0.996,0.008,1.499,0.000,0.000,-0.000,10.0
951,-0.996,0.008,1.499,0.000,0.000,-0.000,10.0
952,-0.996,0.008,1.499,0.000,-0.000,0.000,10.0
953,-0.996,0.008,1.499,0.000,-0.000,0.000,10.0
954,-0.996,0.008,1.499,0.000,-0.000,0.000,10.0
955,-0.996,0.008,1.499,0.000,-0.000,0.000,10.0
956,-0.996,0.008,1.499,0.000,-0.000,0.000,10.0
957,-0.996,0.008,1.499,0.000,0.000,-0.000,10.0
958,-0.996,0.008,1.499,0.000,0.000,-0.000,10.0
959,-0.996,0.008,1.499,0.000,0.000,-0.000,10.0
960,-0.996,0.008,1.499,0.000,0.000,-0.000,10.0
961,-0.996,0.008,1.499,0.000,0.000,-0.000,10.0
962,-0.996,0.008,1.499,0.000,0.000,-0.000,10.0
963,-0.996,0.008,1.499,0.000,-0.000,0.000,10.0
964,-0.996,0.008,1.499,0.000,-0.000,0.000,10.0
965,-0.996,0.008,1.499,0.000,-0.000,0.000,10.0
966,-0.996,0.008,1.499,0.000,-0.000,0.000,10.0
967,-0.996,0.008,1.499,0.000,-0.000,0.000,10.0
968,-0.996,0.008,1.499,0.000,0.000,-0.000,10.0
969,-0.996,0.008,1.499,0.000,0.000,-0.000,10.0
970,-0.996,0.008,1.499,0.000,0.000,-0.000,10.0
971,-0.996,0.008,1.499,0.000,0.000,-0.000,10.0
972,-0.996,0.008,1.499,0.000,0.000,-0.000,10.0
973,-0.996,0.008,1.499,0.000,-0.000,0.000,10.0
974,-0.996,0.008,1.499,0.000,-0.000,0.000,10.0
975,-0.996,0.008,1.499,0.000,-0.000,0.000,10.0
976,-0.996,0.008,1.499,0.000,-0.000,0.000,10.0
977,-0.996,0.008,1.499,0.000,-0.000,0.000,10.0
978,-0.996,0.008,1.499,0.000,-0.000,0.000,10.0
979,-0.996,0.008,1.499,0.000,0.000,-0.000,10.0
980,-0.996,0.008,1.499,0.000,0.000,-0.000,10.0
981,-0.996,0.008,1.499,0.000,0.000,-0.000,10.0
982,-0.996,0.008,1.499,0.000,0.000,-0.000,10.0
983,-0.996,0.008,1.499,0.000,0.000,-0.000,10.0
984,-0.996,0.008,1.499,0.000,-0.000,0.000,10.0
985,-0.996,0.008,1.499,0.000,-0.000,0.000,10.0
986,-0.996,0.008,1.499,0.000,-0.000,0.000,10.0
987,-0.996,0.008,1.499,0.000,-0.000,0.000,10.0
988,-0.996,0.008,1.499,0.000,-0.000,0.000,10.0
989,-0.996,0.008,1.499,0.000,0.000,-0.000,10.0
990,-0.996,0.008,1.499,0.000,0.000,-0.000,10.0
991,-0.996,0.008,1.499,0.000,0.000,-0.000,10.0
992,-0.996,0.008,1.499,0.000,0.000,-0.000,10.0
993,-0.996,0.008,1.499,0.000,0.000,-0.000,10.0
994,-0.996,0.008,1.499,0.000,0.000,-0.000,10.0
995,-0.996,0.008,1.499,0.000,-0.000,0.000,10.0
996,-0.996,0.008,1.499,0.000,-0.000,0.000,10.0
997,-0.996,0.008,1.499,0.000,-0.000,0.000,10.0
998,-0.996,0.008,1.499,0.000,-0.000,0.000,10.0
999,-0.996,0.008,1.499,0.000,-0.000,0.000,10.0
1000,-0.996,0.008,1.499,0.000,0.000,-0.000,10.0
1001,-0.996,0.008,1.499,0.000,0.000,-0.000,10.0
1002,-0.996,0.008,1.499,0.000,0.000,-0.000,10.0
1003,-0.996,0.008,1.499,0.000,0.000,-0.000,10.0
1004,-0.996,0.008,1.499,0.000,0.000,-0.000,10.0
1005,-0.996,0.008,1.499,0.000,-0.000,0.000,10.0
1006,-0.996,0.008,1.499,0.000,-0.000,0.000,10.0
1007,-0.996,0.008,1.499,0.000,-0.000,0.000,10.0
1008,-0.996,0.008,1.499,0.000,-0.000,0.000,10.0
1009,-0.996,0.008,1.499,0.000,-0.000,0.000,10.0
1010,-0.996,0.008,1.499,0.000,-0.000,0.000,10.0
1011,-0.996,0.008,1.499,0.000,0.000,-0.000,10.0
1012,-0.996,0.008,1.499,0.000,0.000,-0.000,10.0
1013,-0.996,0.008,1.499,0.000,0.000,-0.000,10.0
1014,-0.996,0.008,1.499,0.000,0.000,-0.000,10.0
1015,-0.996,0.008,1.499,0.000,0.000,-0.000,10.0
1016,-0.996,0.008,1.499,0.000,-0.000,0.000,10.0
1017,-0.996,0.008,1.499,0.000,-0.000,0.000,10.0
1018,-0.996,0.008,1.499,0.000,-0.000,0.000,10.0
1019,-0.996,0.008,1.499,0.000,-0.000,0.000,10.0
1020,-0.996,0.008,1.499,0.000,-0.000,0.000,10.0
1021,-0.996,0.008,1.499,0.000,0.000,-0.000,10.0
1022,-0.996,0.008,1.499,0.000,0.000,-0.000,10.0
1023,-0.996,0.008,1.499,0.000,0.000,-0.000,10.0
1024,-0.996,0.008,1.499,0.000,0.000,-0.000,10.0
1025,-0.996,0.008,1.499,0.000,0.000,-0.000,10.0
1026,-0.996,0.008,1.499,0.000,0.000,-0.000,10.0
1027,-0.996,0.008,1.499,0.000,-0.000,0.000,10.0
1028,-0.996,0.008,1.499,0.000,-0.000,0.000,10.0
1029,-0.996,0.008,1.499,0.000,-0.000,0.000,10.0
1030,-0.996,0.008,1.499,0.000,-0.000,0.000,10.0
1031,-0.996,0.008,1.499,0.000,-0.000,0.000,10.0
1032,-0.996,0.008,1.499,0.000,-0.000,-0.000,10.0
1033,-0.996,0.008,1.499,0.000,-0.000,-0.000,10.0
1034,-0.996,0.008,1.499,0.000,-0.000,-0.000,10.0
1035,-0.996,0.008,1.499,0.000,-0.000,-0.000,10.0
1036,-0.996,0.008,1.499,0.000,-0.000,-0.000,10.0
1037,-0.996,0.008,1.499,0.000,0.000,-0.000,10.0
1038,-0.996,0.008,1.499,0.000,0.000,-0.000,10.0
1039,-0.996,0.008,1.499,0.000,0.000,-0.000,10.0
1040,-0.996,0.008,1.499,0.000,0.000,0.000,10.0
1041,-0.996,0.008,1.499,0.000,0.000,0.000,10.0
1042,-0.996,0.008,1.499,0.000,0.000,0.000,10.0
1043,-0.996,0.008,1.499,0.000,0.000,0.000,10.0
1044,-0.996,0.008,1.499,0.000,0.000,0.000,10.0
1045,-0.996,0.008,1.499,0.000,0.000,-0.000,10.0
1046,-0.996,0.008,1.499,0.000,0.000,-0.000,10.0
1047,-0.996,0.008,1.499,0.000,0.000,-0.000,10.0
1048,-0.996,0.008,1.499,0.000,0.000,-0.000,10.0
1049,-0.996,0.008,1.499,0.000,0.000,-0.000,10.0
1050,-0.996,0.008,1.499,0.000,0.000,-0.000,10.0
1051,-0.996,0.008,1.499,0.000,-0.000,-0.000,10.0
1052,-0.996,0.008,1.499,0.000,-0.000,-0.000,10.0
1053,-0.996,0.008,1.499,0.000,-0.000,-0.000,10.0
1054,-0.996,0.008,1.499,0.000,-0.000,-0.000,10.0
1055,-0.996,0.008,1.499,0.000,-0.000,-0.000,10.0
1056,-0.996,0.008,1.499,0.000,-0.000,0.000,10.0
1057,-0.996,0.008,1.499,0.000,-0.000,0.000,10.0
1058,-0.996,0.008,1.499,0.000,-0.000,0.000,10.0
1059,-0.996,0.008,1.499,0.000,-0.000,0.000,10.0
1060,-0.996,0.008,1.499,0.000,-0.000,0.000,10.0
1061,-0.996,0.008,1.499,0.000,-0.000,0.000,10.0
1062,-0.996,0.008,1.499,0.000,-0.000,0.000,10.0
1063,-0.996,0.008,1.499,0.000,-0.000,0.000,10.0
1064,-0.996,0.008,1.499,0.000,-0.000,0.000,10.0
1065,-0.996,0.008,1.499,0.000,0.000,0.000,10.0
1066,-0.996,0.008,1.499,0.000,0.000,-0.000,10.0
1067,-0.996,0.008,1.499,0.000,0.000,-0.000,10.0
1068,-0.996,0.008,1.499,0.000,0.000,0.000,10.0
1069,-0.996,0.008,1.499,0.000,0.000,0.000,10.0
1070,-0.996,0.008,1.499,0.000,0.000,0.000,10.0
1071,-0.996,0.008,1.499,0.000,0.000,0.000,10.0
1072,-0.996,0.008,1.499,0.000,0.000,0.000,10.0
1073,-0.996,0.008,1.499,0.000,0.000,-0.000,10.0
1074,-0.996,0.008,1.499,0.000,0.000,-0.000,10.0
1075,-0.996,0.008,1.499,0.000,0.000,0.000,10.0
1076,-0.996,0.008,1.499,0.000,0.000,0.000,10.0
1077,-0.996,0.008,1.499,0.000,0.000,0.000,10.0
1078,-0.996,0.008,1.499,0.000,0.000,0.000,10.0
1079,-0.996,0.008,1.499,0.000,-0.000,0.000,10.0
1080,-0.996,0.008,1.499,0.000,-0.000,-0.000,10.0
1081,-0.996,0.008,1.499,0.000,-0.000,-0.000,10.0
1082,-0.996,0.008,1.499,0.000,-0.000,0.000,10.0
1083,-0.996,0.008,1.499,0.000,-0.000,0.000,10.0
1084,-0.996,0.008,1.499,0.000,-0.000,0.000,10.0
1085,-0.996,0.008,1.499,0.000,-0.000,0.000,10.0
1086,-0.996,0.008,1.499,0.000,-0.000,-0.000,10.0
1087,-0.996,0.008,1.499,0.000,-0.000,-0.000,10.0
1088,-0.996,0.008,1.499,0.000,-0.000,0.000,10.0
1089,-0.996,0.008,1.499,0.000,-0.000,0.000,10.0
1090,-0.996,0.008,1.499,0.000,-0.000,0.000,10.0
1091,-0.996,0.008,1.499,0.000,-0.000,0.000,10.0
1092,-0.996,0.008,1.499,0.000,0.000,0.000,10.0
1093,-0.996,0.008,1.499,0.000,0.000,0.000,10.0
1094,-0.996,0.008,1.499,0.000,0.000,-0.000,10.0
1095,-0.996,0.008,1.499,0.000,0.000,-0.000,10.0
1096,-0.996,0.008,1.499,0.000,0.000,-0.000,10.0
1097,-0.996,0.008,1.499,0.000,0.000,0.000,10.0
1098,-0.996,0.008,1.499,0.000,0.000,0.000,10.0
1099,-0.996,0.008,1.499,0.000,0.000,0.000,10.0
1100,-0.996,0.008,1.499,0.000,0.000,0.000,10.0
1101,-0.996,0.008,1.499,0.000,0.000,0.000,10.0
1102,-0.996,0.008,1.499,0.000,0.000,0.000,10.0
1103,-0.996,0.008,1.499,0.000,0.000,0.000,10.0
1104,-0.996,0.008,1.499,0.000,0.000,0.000,10.0
1105,-0.996,0.008,1.499,0.000,0.000,0.000,10.0
1106,-0.996,0.008,1.499,0.000,-0.000,0.000,10.0
1107,-0.996,0.008,1.499,0.000,-0.000,0.000,10.0
1108,-0.996,0.008,1.499,0.000,-0.000,0.000,10.0
1109,-0.996,0.008,1.499,0.000,-0.000,0.000,10.0
1110,-0.996,0.008,1.499,0.000,-0.000,0.000,10.0
1111,-0.996,0.008,1.499,0.000,-0.000,-0.000,10.0
1112,-0.996,0.008,1.499,0.000,-0.000,-0.000,10.0
1113,-0.996,0.008,1.499,0.000,-0.000,0.000,10.0
1114,-0.996,0.008,1.499,0.000,-0.000,0.000,10.0
1115,-0.996,0.008,1.499,0.000,-0.000,0.000,10.0
1116,-0.996,0.008,1.499,0.000,-0.000,0.000,10.0
1117,-0.996,0.008,1.499,0.000,-0.000,0.000,10.0
1118,-0.996,0.008,1.499,0.000,-0.000,0.000,10.0
1119,-0.996,0.008,1.499,0.000,-0.000,0.000,10.0
1120,-0.996,0.008,1.499,0.000,0.000,-0.000,10.0
1121,-0.996,0.008,1.499,0.000,0.000,-0.000,10.0
1122,-0.996,0.008,1.499,0.000,0.000,-0.000,10.0
1123,-0.996,0.008,1.499,0.000,0.000,-0.000,10.0
1124,-0.996,0.008,1.499,0.000,0.000,0.000,10.0
1125,-0.996,0.008,1.499,0.000,0.000,0.000,10.0
1126,-0.996,0.008,1.499,0.000,0.000,0.000,10.0
1127,-0.996,0.008,1.499,0.000,0.000,0.000,10.0
1128,-0.996,0.008,1.499,0.000,0.000,-0.000,10.0
1129,-0.996,0.008,1.499,0.000,0.000,0.000,10.0
1130,-0.996,0.008,1.499,0.000,0.000,0.000,10.0
1131,-0.996,0.008,1.499,0.000,0.000,0.000,10.0
1132,-0.996,0.008,1.499,0.000,0.000,0.000,10.0
1133,-0.996,0.008,1.499,0.000,0.000,0.000,10.0
1134,-0.996,0.008,1.499,0.000,-0.000,0.000,10.0
1135,-0.996,0.008,1.499,0.000,-0.000,0.000,10.0
1136,-0.996,0.008,1.499,0.000,-0.000,0.000,10.0
1137,-0.996,0.008,1.499,0.000,-0.000,0.000,10.0
1138,-0.996,0.008,1.499,0.000,-0.000,0.000,10.0
1139,-0.996,0.008,1.499,0.000,-0.000,0.000,10.0
1140,-0.996,0.008,1.499,0.000,-0.000,-0.000,10.0
1141,-0.996,0.008,1.499,0.000,-0.000,0.000,10.0
1142,-0.996,0.008,1.499,0.000,-0.000,0.000,10.0
1143,-0.996,0.008,1.499,0.000,-0.000,0.000,10.0
1144,-0.996,0.008,1.499,0.000,-0.000,0.000,10.0
1145,-0.996,0.008,1.499,0.000,-0.000,0.000,10.0
1146,-0.996,0.008,1.499,0.000,-0.000,0.000,10.0
1147,-0.996,0.008,1.499,0.000,0.000,0.000,10.0
1148,-0.996,0.008,1.499,0.000,0.000,0.000,10.0
1149,-0.996,0.008,1.499,0.000,0.000,0.000,10.0
1150,-0.996,0.008,1.499,0.000,0.000,-0.000,10.0
1151,-0.996,0.008,1.499,0.000,0.000,-0.000,10.0
1152,-0.996,0.008,1.499,0.000,0.000,0.000,10.0
1153,-0.996,0.008,1.499,0.000,0.000,0.000,10.0
1154,-0.996,0.008,1.499,0.000,0.000,0.000,10.0
1155,-0.996,0.008,1.499,0.000,0.000,0.000,10.0
1156,-0.996,0.008,1.499,0.000,0.000,0.000,10.0
1157,-0.996,0.008,1.499,0.000,0.000,-0.000,10.0
1158,-0.996,0.008,1.499,0.000,0.000,-0.000,10.0
1159,-0.996,0.008,1.499,0.000,0.000,-0.000,10.0
1160,-0.996,0.008,1.499,0.000,0.000,0.000,10.0
1161,-0.996,0.008,1.499,0.000,-0.000,0.000,10.0
1162,-0.996,0.008,1.499,0.000,-0.000,0.000,10.0
1163,-0.996,0.008,1.499,0.000,-0.000,0.000,10.0
1164,-0.996,0.008,1.499,0.000,-0.000,0.000,10.0
1165,-0.996,0.008,1.499,0.000,-0.000,-0.000,10.0
1166,-0.996,0.008,1.499,0.000,-0.000,0.000,10.0
1167,-0.996,0.008,1.499,0.000,-0.000,0.000,10.0
1168,-0.996,0.008,1.499,0.000,-0.000,-0.000,10.0
1169,-0.996,0.008,1.499,0.000,-0.000,0.000,10.0
1170,-0.996,0.008,1.499,0.000,-0.000,0.000,10.0
1171,-0.996,0.008,1.499,0.000,-0.000,0.000,10.0
1172,-0.996,0.008,1.499,0.000,-0.000,0.000,10.0
1173,-0.996,0.008,1.499,0.000,-0.000,0.000,10.0
1174,-0.996,0.008,1.499,0.000,-0.000,0.000,10.0
1175,-0.996,0.008,1.499,0.000,0.000,0.000,10.0
1176,-0.996,0.008,1.499,0.000,0.000,0.000,10.0
1177,-0.996,0.008,1.499,0.000,0.000,0.000,10.0
1178,-0.996,0.008,1.499,0.000,0.000,0.000,10.0
1179,-0.996,0.008,1.499,0.000,0.000,0.000,10.0
1180,-0.996,0.008,1.499,0.000,0.000,0.000,10.0
1181,-0.996,0.008,1.499,0.000,0.000,0.000,10.0
1182,-0.996,0.008,1.499,0.000,0.000,0.000,10.0
1183,-0.996,0.008,1.499,0.000,0.000,0.000,10.0
1184,-0.996,0.008,1.499,0.000,0.000,0.000,10.0
1185,-0.996,0.008,1.499,0.000,0.000,-0.000,10.0
1186,-0.996,0.008,1.499,0.000,0.000,-0.000,10.0
1187,-0.996,0.008,1.499,0.000,0.000,0.000,10.0
1188,-0.996,0.008,1.499,0.000,0.000,0.000,10.0
1189,-0.996,0.008,1.499,0.000,-0.000,0.000,10.0
1190,-0.996,0.008,1.499,0.000,-0.000,0.000,10.0
1191,-0.996,0.008,1.499,0.000,-0.000,-0.000,10.0
1192,-0.996,0.008,1.499,0.000,-0.000,-0.000,10.0
1193,-0.996,0.008,1.499,0.000,-0.000,0.000,10.0
1194,-0.996,0.008,1.499,0.000,-0.000,0.000,10.0
1195,-0.996,0.008,1.499,0.000,-0.000,0.000,10.0
1196,-0.996,0.008,1.499,0.000,-0.000,0.000,10.0
1197,-0.996,0.008,1.499,0.000,-0.000,-0.000,10.0
1198,-0.996,0.008,1.499,0.000,-0.000,0.000,10.0
1199,-0.996,0.008,1.499,0.000,-0.000,0.000,10.0
1200,-0.996,0.008,1.499,0.000,-0.000,0.000,10.0
