1,0.500,0.500,0.000,0.000,0.000,0.000,-1
2,0.500,0.500,0.153,0.000,0.000,0.000,-1
3,0.500,0.500,0.473,0.000,0.000,0.000,-1
4,0.500,0.500,0.808,0.000,0.000,0.000,-1
5,0.500,0.500,1.088,0.000,0.000,0.000,-1
6,0.500,0.500,1.290,0.000,0.000,0.000,-1
7,0.500,0.500,1.420,0.000,0.000,0.000,-1
8,0.500,0.500,1.493,0.000,0.000,0.000,-1
9,0.500,0.500,1.522,0.000,0.000,0.000,4.0
10,0.500,0.500,1.534,0.000,0.000,0.000,4.0
11,0.500,0.500,1.533,0.000,0.000,0.000,4.0
12,0.500,0.500,1.527,0.000,0.000,0.000,4.0
13,0.500,0.500,1.519,0.000,0.000,0.000,4.0
14,0.500,0.500,1.512,0.000,0.000,0.000,4.0
15,0.500,0.500,1.506,0.000,0.000,0.000,4.0
16,0.500,0.500,1.506,0.000,0.000,0.000,4.0
17,0.500,0.500,1.507,0.000,0.000,0.000,4.0
18,0.500,0.500,1.507,0.000,0.000,0.000,4.0
19,0.500,0.500,1.508,0.000,0.000,0.000,4.0
20,0.500,0.500,1.508,0.000,0.000,0.000,4.0
21,0.500,0.500,1.509,0.000,0.000,0.000,4.0
22,0.500,0.500,1.509,0.000,0.000,0.000,4.0
23,0.500,0.500,1.509,0.000,0.000,0.000,4.0
24,0.500,0.500,1.509,0.000,0.000,0.000,4.0
25,0.500,0.500,1.510,0.000,0.000,0.000,4.0
26,0.500,0.500,1.510,0.000,0.000,0.000,4.0
27,0.500,0.500,1.510,0.000,0.000,0.000,4.0
28,0.500,0.500,1.510,0.000,0.000,0.000,4.0
29,0.500,0.500,1.504,0.000,0.000,0.000,4.0
30,0.500,0.500,1.503,0.000,0.000,0.000,4.0
31,0.500,0.500,1.502,0.000,0.000,0.000,4.0
32,0.500,0.500,1.501,0.000,0.000,0.000,4.0
33,0.500,0.500,1.500,0.000,0.000,0.000,4.0
34,0.500,0.500,1.499,0.000,0.000,0.000,4.0
35,0.500,0.500,1.499,0.000,0.000,0.000,4.0
36,0.500,0.500,1.498,0.000,0.000,0.000,4.0
37,0.500,0.500,1.497,0.000,0.000,0.000,4.0
38,0.500,0.500,1.497,0.000,0.000,0.000,4.0
39,0.500,0.500,1.496,0.000,0.000,0.000,4.0
40,0.500,0.500,1.496,0.000,0.000,0.000,4.0
41,0.500,0.500,1.495,0.000,0.000,0.000,4.0
42,0.500,0.500,1.495,0.000,0.000,0.000,4.0
43,0.500,0.500,1.495,0.000,0.000,0.000,4.0
44,0.500,0.500,1.494,0.000,0.000,0.000,4.0
45,0.500,0.500,1.494,0.000,0.000,0.000,4.0
46,0.500,0.500,1.494,0.000,0.000,0.000,4.0
47,0.500,0.500,1.494,0.000,0.000,0.000,4.0
48,0.500,0.500,1.493,0.000,0.000,0.000,4.0
49,0.500,0.500,1.493,0.000,0.000,0.000,4.0
50,0.500,0.500,1.493,0.000,0.000,0.000,4.0
51,0.500,0.500,1.493,0.000,0.000,0.000,4.0
52,0.500,0.500,1.493,0.000,0.000,0.000,4.0
53,0.500,0.500,1.493,0.000,0.000,0.000,4.0
54,0.500,0.500,1.492,0.000,0.000,0.000,4.0
55,0.500,0.500,1.492,0.000,0.000,0.000,4.0
56,0.500,0.500,1.492,0.000,0.000,0.000,4.0
57,0.500,0.500,1.492,0.000,0.000,0.000,4.0
58,0.500,0.500,1.492,0.000,0.000,0.000,4.0
59,0.500,0.500,1.492,0.000,0.000,0.000,4.0
60,0.500,0.500,1.492,0.000,0.000,0.000,4.0
61,0.500,0.500,1.492,0.000,0.000,0.000,4.0
62,0.500,0.500,1.492,0.000,0.000,0.000,4.0
63,0.500,0.500,1.492,0.000,0.000,0.000,4.0
64,0.500,0.500,1.492,0.000,0.000,0.000,4.0
65,0.500,0.500,1.492,0.000,0.000,0.000,4.0
66,0.500,0.500,1.492,0.000,0.000,0.000,4.0
67,0.500,0.500,1.492,0.000,0.000,0.000,4.0
68,0.500,0.500,1.492,0.000,0.000,0.000,4.0
69,0.500,0.500,1.492,0.000,0.000,0.000,4.0
70,0.500,0.500,1.491,0.000,0.000,0.000,4.0
71,0.500,0.500,1.491,0.000,0.000,0.000,4.0
72,0.500,0.500,1.491,0.000,0.000,0.000,4.0
73,0.500,0.500,1.491,0.000,0.000,0.000,4.0
74,0.500,0.500,1.491,0.000,0.000,0.000,4.0
75,0.500,0.500,1.491,0.000,0.000,0.000,4.0
76,0.500,0.500,1.491,0.000,0.000,0.000,4.0
77,0.500,0.500,1.491,0.000,0.000,0.000,4.0
78,0.500,0.500,1.491,0.000,0.000,0.000,4.0
79,0.500,0.500,1.491,0.000,0.000,0.000,4.0
80,0.500,0.500,1.491,0.000,0.000,0.000,4.0
81,0.500,0.500,1.491,0.000,0.000,0.000,4.0
82,0.500,0.500,1.491,0.000,0.000,0.000,4.0
83,0.500,0.500,1.491,0.000,0.000,0.000,4.0
84,0.500,0.500,1.491,0.000,0.000,0.000,4.0
85,0.500,0.500,1.491,0.000,0.000,0.000,4.0
86,0.500,0.500,1.491,0.000,0.000,0.000,4.0
87,0.500,0.500,1.491,0.000,0.000,0.000,4.0
88,0.500,0.500,1.491,0.000,0.000,0.000,4.0
89,0.500,0.500,1.491,0.000,0.000,0.000,4.0
90,0.500,0.500,1.491,0.000,0.000,0.000,4.0
91,0.500,0.500,1.491,0.000,0.000,0.000,4.0
92,0.500,0.500,1.491,0.000,0.000,0.000,4.0
93,0.500,0.500,1.491,0.000,0.000,0.000,4.0
94,0.500,0.500,1.491,0.000,0.000,0.000,4.0
95,0.500,0.500,1.491,0.000,0.000,0.000,4.0
96,0.500,0.500,1.491,0.000,0.000,0.000,4.0
97,0.500,0.500,1.491,0.000,0.000,0.000,4.0
98,0.500,0.500,1.491,0.000,0.000,0.000,4.0
99,0.500,0.500,1.491,0.000,0.000,0.000,4.0
100,0.500,0.500,1.491,0.000,0.000,0.000,4.0
101,0.500,0.500,1.491,0.000,0.000,0.000,4.0
102,0.500,0.500,1.491,0.000,0.000,0.000,4.0
103,0.500,0.500,1.491,0.000,0.000,0.000,4.0
104,0.500,0.500,1.491,0.000,0.000,0.000,4.0
105,0.500,0.500,1.491,0.000,0.000,0.000,4.0
106,0.500,0.500,1.491,0.000,0.000,0.000,4.0
107,0.500,0.500,1.491,0.000,0.000,0.000,4.0
108,0.500,0.500,1.491,0.000,0.000,0.000,4.0
109,0.500,0.500,1.491,0.000,0.000,0.000,4.0
110,0.500,0.500,1.491,0.000,0.000,0.000,4.0
111,0.500,0.500,1.491,0.000,0.000,0.000,4.0
112,0.500,0.500,1.491,0.000,0.000,0.000,4.0
113,0.500,0.500,1.491,0.000,0.000,0.000,4.0
114,0.500,0.500,1.491,0.000,0.000,0.000,4.0
115,0.500,0.500,1.491,0.000,0.000,0.000,4.0
116,0.500,0.500,1.491,0.000,0.000,0.000,4.0
117,0.500,0.500,1.491,0.000,0.000,0.000,4.0
118,0.500,0.500,1.491,0.000,0.000,0.000,4.0
119,0.500,0.500,1.491,0.000,0.000,0.000,4.0
120,0.500,0.500,1.491,0.000,0.000,0.000,4.0
121,0.500,0.500,1.491,0.000,0.000,0.000,4.0
122,0.500,0.500,1.491,0.000,0.000,0.000,4.0
123,0.500,0.500,1.491,0.000,0.000,0.000,4.0
124,0.500,0.500,1.491,0.000,0.000,0.000,4.0
125,0.500,0.500,1.491,0.000,0.000,0.000,4.0
126,0.500,0.500,1.491,0.000,0.000,0.000,4.0
127,0.500,0.500,1.491,0.000,0.000,0.000,4.0
128,0.500,0.500,1.491,0.000,0.000,0.000,4.0
129,0.500,0.500,1.491,0.000,0.000,0.000,4.0
130,0.500,0.500,1.491,0.000,0.000,0.000,4.0
131,0.500,0.500,1.491,0.000,0.000,0.000,4.0
132,0.500,0.500,1.491,0.000,0.000,0.000,4.0
133,0.500,0.500,1.491,0.000,0.000,0.000,4.0
134,0.500,0.500,1.491,0.000,0.000,0.000,4.0
135,0.500,0.500,1.491,0.000,0.000,0.000,4.0
136,0.500,0.500,1.491,0.000,0.000,0.000,4.0
137,0.500,0.500,1.491,0.000,0.000,0.000,4.0
138,0.500,0.500,1.491,0.000,0.000,0.000,4.0
139,0.500,0.500,1.491,0.000,0.000,0.000,4.0
140,0.500,0.500,1.491,0.000,0.000,0.000,4.0
141,0.500,0.500,1.491,0.000,0.000,0.000,4.0
142,0.500,0.500,1.491,0.000,0.000,0.000,4.0
143,0.500,0.500,1.491,0.000,0.000,0.000,4.0
144,0.500,0.500,1.491,0.000,0.000,0.000,4.0
145,0.500,0.500,1.491,0.000,0.000,0.000,4.0
146,0.500,0.500,1.491,0.000,0.000,0.000,4.0
147,0.500,0.500,1.491,0.000,0.000,0.000,4.0
148,0.500,0.500,1.491,0.000,0.000,0.000,4.0
149,0.500,0.500,1.491,0.000,0.000,0.000,4.0
150,0.500,0.500,1.491,0.000,0.000,0.000,4.0
151,0.500,0.500,1.491,0.000,0.000,0.000,4.0
152,0.500,0.500,1.491,0.000,0.000,0.000,4.0
153,0.500,0.500,1.491,0.000,0.000,0.000,4.0
154,0.500,0.500,1.491,0.000,0.000,0.000,4.0
155,0.500,0.500,1.491,0.000,0.000,0.000,4.0
156,0.500,0.500,1.491,0.000,0.000,0.000,4.0
157,0.500,0.500,1.491,0.000,0.000,0.000,4.0
158,0.500,0.500,1.491,0.000,0.000,0.000,4.0
159,0.500,0.500,1.491,0.000,0.000,0.000,4.0
160,0.500,0.500,1.491,0.000,0.000,0.000,4.0
161,0.500,0.500,1.491,0.000,0.000,0.000,4.0
162,0.500,0.500,1.491,0.000,0.000,0.000,4.0
163,0.500,0.500,1.491,0.000,0.000,0.000,4.0
164,0.500,0.500,1.491,0.000,0.000,0.000,4.0
165,0.500,0.500,1.491,0.000,0.000,0.000,4.0
166,0.500,0.500,1.491,0.000,0.000,0.000,4.0
167,0.500,0.500,1.491,0.000,0.000,0.000,4.0
168,0.500,0.500,1.491,0.000,0.000,0.000,4.0
169,0.500,0.500,1.491,0.000,0.000,0.000,4.0
170,0.500,0.500,1.491,0.000,0.000,0.000,4.0
171,0.500,0.500,1.491,0.000,0.000,0.000,4.0
172,0.500,0.500,1.491,0.000,0.000,0.000,4.0
173,0.500,0.500,1.491,0.000,0.000,0.000,4.0
174,0.500,0.500,1.491,0.000,0.000,0.000,4.0
175,0.500,0.500,1.491,0.000,0.000,0.000,4.0
176,0.500,0.500,1.491,0.000,0.000,0.000,4.0
177,0.500,0.500,1.491,0.000,0.000,0.000,4.0
178,0.500,0.500,1.491,0.000,0.000,0.000,4.0
179,0.500,0.500,1.491,0.000,0.000,0.000,4.0
180,0.500,0.500,1.491,0.000,0.000,0.000,4.0
181,0.500,0.500,1.491,0.000,0.000,0.000,4.0
182,0.500,0.500,1.491,0.000,0.000,0.000,4.0
183,0.500,0.500,1.491,0.000,0.000,0.000,4.0
184,0.500,0.500,1.491,0.000,0.000,0.000,4.0
185,0.500,0.500,1.491,0.000,0.000,0.000,4.0
186,0.500,0.500,1.491,0.000,0.000,0.000,4.0
187,0.500,0.500,1.491,0.000,0.000,0.000,4.0
188,0.500,0.500,1.491,0.000,0.000,0.000,4.0
189,0.500,0.500,1.491,0.000,0.000,0.000,4.0
190,0.500,0.500,1.491,0.000,0.000,0.000,4.0
191,0.500,0.500,1.491,0.000,0.000,0.000,4.0
192,0.500,0.500,1.491,0.000,0.000,0.000,4.0
193,0.500,0.500,1.491,0.000,0.000,0.000,4.0
194,0.500,0.500,1.491,0.000,0.000,0.000,4.0
195,0.500,0.500,1.491,0.000,0.000,0.000,4.0
196,0.500,0.500,1.491,0.000,0.000,0.000,4.0
197,0.500,0.500,1.491,0.000,0.000,0.000,4.0
198,0.500,0.500,1.491,0.000,0.000,0.000,4.0
199,0.500,0.500,1.491,0.000,0.000,0.000,4.0
200,0.500,0.500,1.491,0.000,0.000,0.000,4.0
201,0.500,0.500,1.491,0.000,0.000,0.000,4.0
202,0.500,0.500,1.491,0.000,0.000,0.000,4.0
203,0.500,0.500,1.491,0.000,0.000,0.000,4.0
204,0.500,0.500,1.491,0.000,0.000,0.000,4.0
205,0.500,0.500,1.491,0.000,0.000,0.000,4.0
206,0.500,0.500,1.491,0.000,0.000,0.000,4.0
207,0.500,0.500,1.491,0.000,0.000,0.000,4.0
208,0.500,0.500,1.491,0.000,0.000,0.000,4.0
209,0.500,0.500,1.491,0.000,0.000,0.000,4.0
210,0.500,0.500,1.491,0.000,0.000,0.000,4.0
211,0.500,0.500,1.491,0.000,0.000,0.000,4.0
212,0.500,0.500,1.491,0.000,0.000,0.000,4.0
213,0.500,0.500,1.491,0.000,0.000,0.000,4.0
214,0.500,0.500,1.491,0.000,0.000,0.000,4.0
215,0.500,0.500,1.491,0.000,0.000,0.000,4.0
216,0.500,0.500,1.491,0.000,0.000,0.000,4.0
217,0.500,0.500,1.491,0.000,0.000,0.000,4.0
218,0.500,0.500,1.491,0.000,0.000,0.000,4.0
219,0.500,0.500,1.491,0.000,0.000,0.000,4.0
220,0.500,0.500,1.491,0.000,0.000,0.000,4.0
221,0.500,0.500,1.491,0.000,0.000,0.000,4.0
222,0.500,0.500,1.491,0.000,0.000,0.000,4.0
223,0.500,0.500,1.491,0.000,0.000,0.000,4.0
224,0.500,0.500,1.491,0.000,0.000,0.000,4.0
225,0.500,0.500,1.491,0.000,0.000,0.000,4.0
226,0.500,0.500,1.491,0.000,0.000,0.000,4.0
227,0.500,0.500,1.491,0.000,0.000,0.000,4.0
228,0.500,0.500,1.491,0.000,0.000,0.000,4.0
229,0.500,0.500,1.491,0.000,0.000,0.000,4.0
230,0.500,0.500,1.491,0.000,0.000,0.000,4.0
231,0.500,0.500,1.491,0.000,0.000,0.000,4.0
232,0.500,0.500,1.491,0.000,0.000,0.000,4.0
233,0.500,0.500,1.491,0.000,0.000,0.000,4.0
234,0.500,0.500,1.491,0.000,0.000,0.000,4.0
235,0.500,0.500,1.491,0.000,0.000,0.000,4.0
236,0.500,0.500,1.491,0.000,0.000,0.000,4.0
237,0.500,0.500,1.491,0.000,0.000,0.000,4.0
238,0.500,0.500,1.491,0.000,0.000,0.000,4.0
239,0.500,0.500,1.491,0.000,0.000,0.000,4.0
240,0.500,0.500,1.491,0.000,0.000,0.000,4.0
241,0.500,0.500,1.491,0.000,0.000,0.000,4.0
242,0.500,0.500,1.491,0.000,0.000,0.000,4.0
243,0.500,0.500,1.491,0.000,0.000,0.000,4.0
244,0.500,0.500,1.491,0.000,0.000,0.000,4.0
245,0.500,0.500,1.491,0.000,0.000,0.000,4.0
246,0.500,0.500,1.491,0.000,0.000,0.000,4.0
247,0.500,0.500,1.491,0.000,0.000,0.000,4.0
248,0.500,0.500,1.491,0.000,0.000,0.000,4.0
249,0.500,0.500,1.491,0.000,0.000,0.000,4.0
250,0.500,0.500,1.491,0.000,0.000,0.000,4.0
251,0.500,0.500,1.491,0.000,0.000,0.000,4.0
252,0.500,0.500,1.491,0.000,0.000,0.000,4.0
253,0.500,0.500,1.491,0.000,0.000,0.000,4.0
254,0.500,0.500,1.491,0.000,0.000,0.000,4.0
255,0.500,0.500,1.491,0.000,0.000,0.000,4.0
256,0.500,0.500,1.491,0.000,0.000,0.000,4.0
257,0.500,0.500,1.491,0.000,0.000,0.000,4.0
258,0.500,0.500,1.491,0.000,0.000,0.000,4.0
259,0.500,0.500,1.491,0.000,0.000,0.000,4.0
260,0.500,0.500,1.491,0.000,0.000,0.000,4.0
261,0.500,0.500,1.491,0.000,0.000,0.000,4.0
262,0.500,0.500,1.491,0.000,0.000,0.000,4.0
263,0.500,0.500,1.491,0.000,0.000,0.000,4.0
264,0.500,0.500,1.491,0.000,0.000,0.000,4.0
265,0.500,0.500,1.491,0.000,0.000,0.000,4.0
266,0.500,0.500,1.491,0.000,0.000,0.000,4.0
267,0.500,0.500,1.491,0.000,0.000,0.000,4.0
268,0.500,0.500,1.491,0.000,0.000,0.000,4.0
269,0.500,0.500,1.491,0.000,0.000,0.000,4.0
270,0.500,0.500,1.491,0.000,0.000,0.000,4.0
271,0.500,0.500,1.491,0.000,0.000,0.000,4.0
272,0.500,0.500,1.491,0.000,0.000,0.000,4.0
273,0.500,0.500,1.491,0.000,0.000,0.000,4.0
274,0.500,0.500,1.491,0.000,0.000,0.000,4.0
275,0.500,0.500,1.491,0.000,0.000,0.000,4.0
276,0.500,0.500,1.491,0.000,0.000,0.000,4.0
277,0.500,0.500,1.491,0.000,0.000,0.000,4.0
278,0.500,0.500,1.491,0.000,0.000,0.000,4.0
279,0.500,0.500,1.491,0.000,0.000,0.000,4.0
280,0.500,0.500,1.491,0.000,0.000,0.000,4.0
281,0.500,0.500,1.491,0.000,0.000,0.000,4.0
282,0.500,0.500,1.491,0.000,0.000,0.000,4.0
283,0.500,0.500,1.491,0.000,0.000,0.000,4.0
284,0.500,0.500,1.491,0.000,0.000,0.000,4.0
285,0.500,0.500,1.491,0.000,0.000,0.000,4.0
286,0.500,0.500,1.491,0.000,0.000,0.000,4.0
287,0.500,0.500,1.491,0.000,0.000,0.000,4.0
288,0.500,0.500,1.491,0.000,0.000,0.000,4.0
289,0.500,0.500,1.491,0.000,0.000,0.000,4.0
290,0.500,0.500,1.491,0.000,0.000,0.000,4.0
291,0.500,0.500,1.491,0.000,0.000,0.000,4.0
292,0.500,0.500,1.491,0.000,0.000,0.000,4.0
293,0.500,0.500,1.491,0.000,0.000,0.000,4.0
294,0.500,0.500,1.491,0.000,0.000,0.000,4.0
295,0.500,0.500,1.491,0.000,0.000,0.000,4.0
296,0.500,0.500,1.491,0.000,0.000,0.000,4.0
297,0.500,0.500,1.491,0.000,0.000,0.000,4.0
298,0.500,0.500,1.491,0.000,0.000,0.000,4.0
299,0.500,0.500,1.491,0.000,0.000,0.000,4.0
300,0.500,0.500,1.491,0.000,0.000,0.000,4.0
301,0.500,0.500,1.491,0.000,0.000,0.000,4.0
302,0.500,0.500,1.491,0.000,0.000,0.000,4.0
303,0.500,0.500,1.491,0.000,0.000,0.000,4.0
304,0.500,0.500,1.491,0.000,0.000,0.000,4.0
305,0.500,0.500,1.491,0.000,0.000,0.000,4.0
306,0.500,0.500,1.491,0.000,0.000,0.000,4.0
307,0.500,0.500,1.491,0.000,0.000,0.000,4.0
308,0.500,0.500,1.491,0.000,0.000,0.000,4.0
309,0.500,0.500,1.491,0.000,0.000,0.000,4.0
310,0.500,0.500,1.491,0.000,0.000,0.000,4.0
311,0.500,0.500,1.491,0.000,0.000,0.000,4.0
312,0.500,0.500,1.491,0.000,0.000,0.000,4.0
313,0.500,0.500,1.491,0.000,0.000,0.000,4.0
314,0.500,0.500,1.491,0.000,0.000,0.000,4.0
315,0.500,0.500,1.491,0.000,0.000,0.000,4.0
316,0.500,0.500,1.491,0.000,0.000,0.000,4.0
317,0.500,0.500,1.491,0.000,0.000,0.000,4.0
318,0.500,0.500,1.491,0.000,0.000,0.000,4.0
319,0.500,0.500,1.491,0.000,0.000,0.000,4.0
320,0.500,0.500,1.491,0.000,0.000,0.000,4.0
321,0.500,0.500,1.491,0.000,0.000,0.000,4.0
322,0.500,0.500,1.491,0.000,0.000,0.000,4.0
323,0.500,0.500,1.491,0.000,0.000,0.000,4.0
324,0.500,0.500,1.491,0.000,0.000,0.000,4.0
325,0.500,0.500,1.491,0.000,0.000,0.000,4.0
326,0.500,0.500,1.491,0.000,0.000,0.000,4.0
327,0.500,0.500,1.491,0.000,0.000,0.000,4.0
328,0.500,0.500,1.491,0.000,0.000,0.000,4.0
329,0.500,0.500,1.491,0.000,0.000,0.000,4.0
330,0.500,0.500,1.491,0.000,0.000,0.000,4.0
331,0.500,0.500,1.491,0.000,0.000,0.000,4.0
332,0.500,0.500,1.491,0.000,0.000,0.000,4.0
333,0.500,0.500,1.491,0.000,0.000,0.000,4.0
334,0.500,0.500,1.491,0.000,0.000,0.000,4.0
335,0.500,0.500,1.491,0.000,0.000,0.000,4.0
336,0.500,0.500,1.491,0.000,0.000,0.000,4.0
337,0.500,0.500,1.491,0.000,0.000,0.000,4.0
338,0.500,0.500,1.491,0.000,0.000,0.000,4.0
339,0.500,0.500,1.491,0.000,0.000,0.000,4.0
340,0.500,0.500,1.491,0.000,0.000,0.000,4.0
341,0.500,0.500,1.491,0.000,0.000,0.000,4.0
342,0.500,0.500,1.491,0.000,0.000,0.000,4.0
343,0.500,0.500,1.491,0.000,0.000,0.000,4.0
344,0.500,0.500,1.491,0.000,0.000,0.000,4.0
345,0.500,0.500,1.491,0.000,0.000,0.000,4.0
346,0.500,0.500,1.491,0.000,0.000,0.000,4.0
347,0.500,0.500,1.491,0.000,0.000,0.000,4.0
348,0.500,0.500,1.491,0.000,0.000,0.000,4.0
349,0.500,0.500,1.491,0.000,0.000,0.000,4.0
350,0.500,0.500,1.491,0.000,0.000,0.000,4.0
351,0.500,0.500,1.491,0.000,0.000,0.000,4.0
352,0.500,0.500,1.491,0.000,0.000,0.000,4.0
353,0.500,0.500,1.491,0.000,0.000,0.000,4.0
354,0.500,0.500,1.491,0.000,0.000,0.000,4.0
355,0.500,0.500,1.491,0.000,0.000,0.000,4.0
356,0.500,0.500,1.491,0.000,0.000,0.000,4.0
357,0.500,0.500,1.491,0.000,0.000,0.000,4.0
358,0.500,0.500,1.491,0.000,0.000,0.000,4.0
359,0.500,0.500,1.491,0.000,0.000,0.000,4.0
360,0.500,0.500,1.491,0.000,0.000,0.000,4.0
361,0.500,0.500,1.491,0.000,0.000,0.000,4.0
362,0.500,0.500,1.491,0.000,0.000,0.000,4.0
363,0.500,0.500,1.491,0.000,0.000,0.000,4.0
364,0.500,0.500,1.491,0.000,0.000,0.000,4.0
365,0.500,0.500,1.491,0.000,0.000,0.000,4.0
366,0.500,0.500,1.491,0.000,0.000,0.000,4.0
367,0.500,0.500,1.491,0.000,0.000,0.000,4.0
368,0.500,0.500,1.491,0.000,0.000,0.000,4.0
369,0.500,0.500,1.491,0.000,0.000,0.000,4.0
370,0.500,0.500,1.491,0.000,0.000,0.000,4.0
371,0.500,0.500,1.491,0.000,0.000,0.000,4.0
372,0.500,0.500,1.491,0.000,0.000,0.000,4.0
373,0.500,0.500,1.491,0.000,0.000,0.000,4.0
374,0.500,0.500,1.491,0.000,0.000,0.000,4.0
375,0.500,0.500,1.491,0.000,0.000,0.000,4.0
376,0.500,0.500,1.491,0.000,0.000,0.000,4.0
377,0.500,0.500,1.491,0.000,0.000,0.000,4.0
378,0.500,0.500,1.491,0.000,0.000,0.000,4.0
379,0.500,0.500,1.491,0.000,0.000,0.000,4.0
380,0.500,0.500,1.491,0.000,0.000,0.000,4.0
381,0.500,0.500,1.491,0.000,0.000,0.000,4.0
382,0.500,0.500,1.491,0.000,0.000,0.000,4.0
383,0.500,0.500,1.491,0.000,0.000,0.000,4.0
384,0.500,0.500,1.491,0.000,0.000,0.000,4.0
385,0.500,0.500,1.491,0.000,0.000,0.000,4.0
386,0.500,0.500,1.491,0.000,0.000,0.000,4.0
387,0.500,0.500,1.491,0.000,0.000,0.000,4.0
388,0.500,0.500,1.491,0.000,0.000,0.000,4.0
389,0.500,0.500,1.491,0.000,0.000,0.000,4.0
390,0.500,0.500,1.491,0.000,0.000,0.000,4.0
391,0.500,0.500,1.491,0.000,0.000,0.000,4.0
392,0.500,0.500,1.491,0.000,0.000,0.000,4.0
393,0.500,0.500,1.491,0.000,0.000,0.000,4.0
394,0.500,0.500,1.491,0.000,0.000,0.000,4.0
395,0.500,0.500,1.491,0.000,0.000,0.000,4.0
396,0.500,0.500,1.491,0.000,0.000,0.000,4.0
397,0.500,0.500,1.491,0.000,0.000,0.000,4.0
398,0.500,0.500,1.491,0.000,0.000,0.000,4.0
399,0.500,0.500,1.491,0.000,0.000,0.000,4.0
400,0.500,0.500,1.491,0.000,0.000,0.000,4.0
401,0.500,0.500,1.491,0.000,0.000,0.000,4.0
402,0.500,0.500,1.491,0.000,0.000,0.000,4.0
403,0.500,0.500,1.491,0.000,0.000,0.000,4.0
404,0.500,0.500,1.491,0.000,0.000,0.000,4.0
405,0.500,0.500,1.491,0.000,0.000,0.000,4.0
406,0.500,0.500,1.491,0.000,0.000,0.000,4.0
407,0.500,0.500,1.491,0.000,0.000,0.000,4.0
408,0.500,0.500,1.491,0.000,0.000,0.000,4.0
409,0.500,0.500,1.491,0.000,0.000,0.000,4.0
410,0.500,0.500,1.491,0.000,0.000,0.000,4.0
411,0.500,0.500,1.491,0.000,0.000,0.000,4.0
412,0.500,0.500,1.491,0.000,0.000,0.000,4.0
413,0.500,0.500,1.491,0.000,0.000,0.000,4.0
414,0.500,0.500,1.491,0.000,0.000,0.000,4.0
415,0.500,0.500,1.491,0.000,0.000,0.000,4.0
416,0.500,0.500,1.491,0.000,0.000,0.000,4.0
417,0.500,0.500,1.491,0.000,0.000,0.000,4.0
418,0.500,0.500,1.491,0.000,0.000,0.000,4.0
419,0.500,0.500,1.491,0.000,0.000,0.000,4.0
420,0.500,0.500,1.491,0.000,0.000,0.000,4.0
421,0.500,0.500,1.491,0.000,0.000,0.000,4.0
422,0.500,0.500,1.491,0.000,0.000,0.000,4.0
423,0.500,0.500,1.491,0.000,0.000,0.000,4.0
424,0.500,0.500,1.491,0.000,0.000,0.000,4.0
425,0.500,0.500,1.491,0.000,0.000,0.000,4.0
426,0.500,0.500,1.491,0.000,0.000,0.000,4.0
427,0.500,0.500,1.491,0.000,0.000,0.000,4.0
428,0.500,0.500,1.491,0.000,0.000,0.000,4.0
429,0.500,0.500,1.491,0.000,0.000,0.000,4.0
430,0.500,0.500,1.491,0.000,0.000,0.000,4.0
431,0.500,0.500,1.491,0.000,0.000,0.000,4.0
432,0.500,0.500,1.491,0.000,0.000,0.000,4.0
433,0.500,0.500,1.491,0.000,0.000,0.000,4.0
434,0.500,0.500,1.491,0.000,0.000,0.000,4.0
435,0.500,0.500,1.491,0.000,0.000,0.000,4.0
436,0.500,0.500,1.491,0.000,0.000,0.000,4.0
437,0.500,0.500,1.491,0.000,0.000,0.000,4.0
438,0.500,0.500,1.491,0.000,0.000,0.000,4.0
439,0.500,0.500,1.491,0.000,0.000,0.000,4.0
440,0.500,0.500,1.491,0.000,0.000,0.000,4.0
441,0.500,0.500,1.491,0.000,0.000,0.000,4.0
442,0.500,0.500,1.491,0.000,0.000,0.000,4.0
443,0.500,0.500,1.491,0.000,0.000,0.000,4.0
444,0.500,0.500,1.491,0.000,0.000,0.000,4.0
445,0.500,0.500,1.491,0.000,0.000,0.000,4.0
446,0.500,0.500,1.491,0.000,0.000,0.000,4.0
447,0.500,0.500,1.491,0.000,0.000,0.000,4.0
448,0.500,0.500,1.491,0.000,0.000,0.000,4.0
449,0.500,0.500,1.491,0.000,0.000,0.000,4.0
450,0.500,0.500,1.491,0.000,0.000,0.000,4.0
451,0.500,0.500,1.491,0.000,0.000,0.000,4.0
452,0.500,0.500,1.491,0.000,0.000,0.000,4.0
453,0.500,0.500,1.491,0.000,0.000,0.000,4.0
454,0.500,0.500,1.491,0.000,0.000,0.000,4.0
455,0.500,0.500,1.491,0.000,0.000,0.000,4.0
456,0.500,0.500,1.491,0.000,0.000,0.000,4.0
457,0.500,0.500,1.491,0.000,0.000,0.000,4.0
458,0.500,0.500,1.491,0.000,0.000,0.000,4.0
459,0.500,0.500,1.491,0.000,0.000,0.000,4.0
460,0.500,0.500,1.491,0.000,0.000,0.000,4.0
461,0.500,0.500,1.491,0.000,0.000,0.000,4.0
462,0.500,0.500,1.491,0.000,0.000,0.000,4.0
463,0.500,0.500,1.491,0.000,0.000,0.000,4.0
464,0.500,0.500,1.491,0.000,0.000,0.000,4.0
465,0.500,0.500,1.491,0.000,0.000,0.000,4.0
466,0.500,0.500,1.491,0.000,0.000,0.000,4.0
467,0.500,0.500,1.491,0.000,0.000,0.000,4.0
468,0.500,0.500,1.491,0.000,0.000,0.000,4.0
469,0.500,0.500,1.491,0.000,0.000,0.000,4.0
470,0.500,0.500,1.491,0.000,0.000,0.000,4.0
471,0.500,0.500,1.491,0.000,0.000,0.000,4.0
472,0.500,0.500,1.491,0.000,0.000,0.000,4.0
473,0.500,0.500,1.491,0.000,0.000,0.000,4.0
474,0.500,0.500,1.491,0.000,0.000,0.000,4.0
475,0.500,0.500,1.491,0.000,0.000,0.000,4.0
476,0.500,0.500,1.491,0.000,0.000,0.000,4.0
477,0.500,0.500,1.491,0.000,0.000,0.000,4.0
478,0.500,0.500,1.491,0.000,0.000,0.000,4.0
479,0.500,0.500,1.491,0.000,0.000,0.000,4.0
480,0.500,0.500,1.491,0.000,0.000,0.000,4.0
481,0.500,0.500,1.491,0.000,0.000,0.000,4.0
482,0.500,0.500,1.491,0.000,0.000,0.000,4.0
483,0.500,0.500,1.491,0.000,0.000,0.000,4.0
484,0.500,0.500,1.491,0.000,0.000,0.000,4.0
485,0.500,0.500,1.491,0.000,0.000,0.000,4.0
486,0.500,0.500,1.491,0.000,0.000,0.000,4.0
487,0.500,0.500,1.491,0.000,0.000,0.000,4.0
488,0.500,0.500,1.491,0.000,0.000,0.000,4.0
489,0.500,0.500,1.491,0.000,0.000,0.000,4.0
490,0.500,0.500,1.491,0.000,0.000,0.000,4.0
491,0.500,0.500,1.491,0.000,0.000,0.000,4.0
492,0.500,0.500,1.491,0.000,0.000,0.000,4.0
493,0.500,0.500,1.491,0.000,0.000,0.000,4.0
494,0.500,0.500,1.491,0.000,0.000,0.000,4.0
495,0.500,0.500,1.491,0.000,0.000,0.000,4.0
496,0.500,0.500,1.491,0.000,0.000,0.000,4.0
497,0.500,0.500,1.491,0.000,0.000,0.000,4.0
498,0.500,0.500,1.491,0.000,0.000,0.000,4.0
499,0.500,0.500,1.491,0.000,0.000,0.000,4.0
500,0.500,0.500,1.491,0.000,0.000,0.000,4.0
501,0.500,0.500,1.491,0.000,0.000,0.000,4.0
502,0.500,0.500,1.491,0.000,0.000,0.000,4.0
503,0.500,0.500,1.491,0.000,0.000,0.000,4.0
504,0.500,0.500,1.491,0.000,0.000,0.000,4.0
505,0.500,0.500,1.491,0.000,0.000,0.000,4.0
506,0.500,0.500,1.491,0.000,0.000,0.000,4.0
507,0.500,0.500,1.491,0.000,0.000,0.000,4.0
508,0.500,0.500,1.491,0.000,0.000,0.000,4.0
509,0.500,0.500,1.491,0.000,0.000,0.000,4.0
510,0.500,0.500,1.491,0.000,0.000,0.000,4.0
511,0.500,0.500,1.491,0.000,0.000,0.000,4.0
512,0.500,0.500,1.491,0.000,0.000,0.000,4.0
513,0.500,0.500,1.491,0.000,0.000,0.000,4.0
514,0.500,0.500,1.491,0.000,0.000,0.000,4.0
515,0.500,0.500,1.491,0.000,0.000,0.000,4.0
516,0.500,0.500,1.491,0.000,0.000,0.000,4.0
517,0.500,0.500,1.491,0.000,0.000,0.000,4.0
518,0.500,0.500,1.491,0.000,0.000,0.000,4.0
519,0.500,0.500,1.491,0.000,0.000,0.000,4.0
520,0.500,0.500,1.491,0.000,0.000,0.000,4.0
521,0.500,0.500,1.491,0.000,0.000,0.000,4.0
522,0.500,0.500,1.491,0.000,0.000,0.000,4.0
523,0.500,0.500,1.491,0.000,0.000,0.000,4.0
524,0.500,0.500,1.491,0.000,0.000,0.000,4.0
525,0.500,0.500,1.491,0.000,0.000,0.000,4.0
526,0.500,0.500,1.491,0.000,0.000,0.000,4.0
527,0.500,0.500,1.491,0.000,0.000,0.000,4.0
528,0.500,0.500,1.491,0.000,0.000,0.000,4.0
529,0.500,0.500,1.491,0.000,0.000,0.000,4.0
530,0.500,0.500,1.491,0.000,0.000,0.000,4.0
531,0.500,0.500,1.491,0.000,0.000,0.000,4.0
532,0.500,0.500,1.491,0.000,0.000,0.000,4.0
533,0.500,0.500,1.491,0.000,0.000,0.000,4.0
534,0.500,0.500,1.491,0.000,0.000,0.000,4.0
535,0.500,0.500,1.491,0.000,0.000,0.000,4.0
536,0.500,0.500,1.491,0.000,0.000,0.000,4.0
537,0.500,0.500,1.491,0.000,0.000,0.000,4.0
538,0.500,0.500,1.491,0.000,0.000,0.000,4.0
539,0.500,0.500,1.491,0.000,0.000,0.000,4.0
540,0.500,0.500,1.491,0.000,0.000,0.000,4.0
541,0.500,0.500,1.491,0.000,0.000,0.000,4.0
542,0.500,0.500,1.491,0.000,0.000,0.000,4.0
543,0.500,0.500,1.491,0.000,0.000,0.000,4.0
544,0.500,0.500,1.491,0.000,0.000,0.000,4.0
545,0.500,0.500,1.491,0.000,0.000,0.000,4.0
546,0.500,0.500,1.491,0.000,0.000,0.000,4.0
547,0.500,0.500,1.491,0.000,0.000,0.000,4.0
548,0.500,0.500,1.491,0.000,0.000,0.000,4.0
549,0.500,0.500,1.491,0.000,0.000,0.000,4.0
550,0.500,0.500,1.491,0.000,0.000,0.000,4.0
551,0.500,0.500,1.491,0.000,0.000,0.000,4.0
552,0.500,0.500,1.491,0.000,0.000,0.000,4.0
553,0.500,0.500,1.491,0.000,0.000,0.000,4.0
554,0.500,0.500,1.491,0.000,0.000,0.000,4.0
555,0.500,0.500,1.491,0.000,0.000,0.000,4.0
556,0.500,0.500,1.491,0.000,0.000,0.000,4.0
557,0.500,0.500,1.491,0.000,0.000,0.000,4.0
558,0.500,0.500,1.491,0.000,0.000,0.000,4.0
559,0.500,0.500,1.491,0.000,0.000,0.000,4.0
560,0.500,0.500,1.491,0.000,0.000,0.000,4.0
561,0.500,0.500,1.491,0.000,0.000,0.000,4.0
562,0.500,0.500,1.491,0.000,0.000,0.000,4.0
563,0.500,0.500,1.491,0.000,0.000,0.000,4.0
564,0.500,0.500,1.491,0.000,0.000,0.000,4.0
565,0.500,0.500,1.491,0.000,0.000,0.000,4.0
566,0.500,0.500,1.491,0.000,0.000,0.000,4.0
567,0.500,0.500,1.491,0.000,0.000,0.000,4.0
568,0.500,0.500,1.491,0.000,0.000,0.000,4.0
569,0.500,0.500,1.491,0.000,0.000,0.000,4.0
570,0.500,0.500,1.491,0.000,0.000,0.000,4.0
571,0.500,0.500,1.491,0.000,0.000,0.000,4.0
572,0.500,0.500,1.491,0.000,0.000,0.000,4.0
573,0.500,0.500,1.491,0.000,0.000,0.000,4.0
574,0.500,0.500,1.491,0.000,0.000,0.000,4.0
575,0.500,0.500,1.491,0.000,0.000,0.000,4.0
576,0.500,0.500,1.491,0.000,0.000,0.000,4.0
577,0.500,0.500,1.491,0.000,0.000,0.000,4.0
578,0.500,0.500,1.491,0.000,0.000,0.000,4.0
579,0.500,0.500,1.491,0.000,0.000,0.000,4.0
580,0.500,0.500,1.491,0.000,0.000,0.000,4.0
581,0.500,0.500,1.491,0.000,0.000,0.000,4.0
582,0.500,0.500,1.491,0.000,0.000,0.000,4.0
583,0.500,0.500,1.491,0.000,0.000,0.000,4.0
584,0.500,0.500,1.491,0.000,0.000,0.000,4.0
585,0.500,0.500,1.491,0.000,0.000,0.000,4.0
586,0.500,0.500,1.491,0.000,0.000,0.000,4.0
587,0.500,0.500,1.491,0.000,0.000,0.000,4.0
588,0.500,0.500,1.491,0.000,0.000,0.000,4.0
589,0.500,0.500,1.491,0.000,0.000,0.000,4.0
590,0.500,0.500,1.491,0.000,0.000,0.000,4.0
591,0.500,0.500,1.491,0.000,0.000,0.000,4.0
592,0.500,0.500,1.491,0.000,0.000,0.000,4.0
593,0.500,0.500,1.491,0.000,0.000,0.000,4.0
594,0.500,0.500,1.491,0.000,0.000,0.000,4.0
595,0.500,0.500,1.491,0.000,0.000,0.000,4.0
596,0.500,0.500,1.491,0.000,0.000,0.000,4.0
597,0.500,0.500,1.491,0.000,0.000,0.000,4.0
598,0.500,0.500,1.491,0.000,0.000,0.000,4.0
599,0.500,0.500,1.491,0.000,0.000,0.000,4.0
600,0.500,0.500,1.491,0.000,0.000,0.000,4.0
601,0.256,0.515,1.491,0.000,0.000,0.000,4.0
602,0.256,0.515,1.491,-0.000,0.152,0.010,4.0
603,0.257,0.515,1.491,-0.000,0.256,0.016,4.0
604,0.258,0.515,1.491,-0.000,0.272,0.017,4.0
605,0.260,0.515,1.491,-0.000,0.211,0.013,4.0
606,0.263,0.515,1.491,-0.000,0.109,0.007,4.0
607,0.267,0.515,1.491,-0.000,0.004,0.000,4.0
608,0.270,0.515,1.491,-0.000,-0.073,-0.005,4.0
609,0.274,0.514,1.491,-0.000,-0.107,-0.007,4.0
610,0.277,0.514,1.492,-0.000,-0.098,-0.006,4.0
611,0.279,0.514,1.492,-0.000,-0.061,-0.004,4.0
612,0.281,0.514,1.492,-0.000,-0.014,-0.001,4.0
613,0.284,0.514,1.492,-0.000,0.025,0.002,4.0
614,0.286,0.514,1.492,-0.000,0.046,0.003,4.0
615,0.289,0.513,1.492,-0.000,0.046,0.003,4.0
616,0.291,0.513,1.492,-0.000,0.029,0.002,4.0
617,0.294,0.513,1.492,-0.000,0.006,0.000,4.0
618,0.297,0.513,1.492,-0.000,-0.016,-0.001,4.0
619,0.300,0.513,1.492,-0.000,-0.031,-0.002,4.0
620,0.303,0.513,1.492,-0.000,-0.035,-0.002,4.0
621,0.305,0.512,1.492,-0.000,-0.031,-0.002,4.0
622,0.308,0.512,1.492,-0.000,-0.021,-0.001,4.0
623,0.310,0.512,1.492,-0.000,-0.010,-0.001,4.0
624,0.312,0.512,1.492,-0.000,-0.001,-0.000,4.0
625,0.315,0.512,1.492,-0.000,0.003,0.000,4.0
626,0.317,0.512,1.492,-0.000,0.002,0.000,4.0
627,0.320,0.511,1.492,-0.000,-0.003,-0.000,4.0
628,0.322,0.511,1.492,-0.000,-0.008,-0.001,4.0
629,0.324,0.511,1.492,-0.000,-0.013,-0.001,4.0
630,0.327,0.511,1.492,-0.000,-0.015,-0.001,4.0
631,0.329,0.511,1.492,-0.000,-0.015,-0.001,4.0
632,0.331,0.511,1.492,-0.000,-0.014,-0.001,4.0
633,0.333,0.511,1.492,-0.000,-0.011,-0.001,4.0
634,0.336,0.510,1.492,-0.000,-0.009,-0.001,4.0
635,0.338,0.510,1.492,-0.000,-0.007,-0.000,4.0
636,0.340,0.510,1.492,-0.000,-0.006,-0.000,4.0
637,0.342,0.510,1.492,-0.000,-0.007,-0.000,4.0
638,0.344,0.510,1.492,-0.000,-0.008,-0.000,4.0
639,0.346,0.510,1.492,-0.000,-0.009,-0.001,4.0
640,0.348,0.510,1.492,-0.000,-0.010,-0.001,4.0
641,0.350,0.510,1.492,-0.000,-0.010,-0.001,4.0
642,0.352,0.509,1.492,-0.000,-0.010,-0.001,4.0
643,0.354,0.509,1.492,-0.000,-0.009,-0.001,4.0
644,0.356,0.509,1.492,-0.000,-0.008,-0.001,4.0
645,0.358,0.509,1.492,-0.000,-0.008,-0.000,4.0
646,0.360,0.509,1.492,-0.000,-0.007,-0.000,4.0
647,0.361,0.509,1.492,-0.000,-0.007,-0.000,4.0
648,0.363,0.509,1.492,-0.000,-0.007,-0.000,4.0
649,0.365,0.509,1.492,-0.000,-0.007,-0.000,4.0
650,0.367,0.509,1.492,-0.000,-0.008,-0.000,4.0
651,0.368,0.508,1.492,-0.000,-0.008,-0.000,4.0
652,0.370,0.508,1.492,-0.000,-0.008,-0.000,4.0
653,0.372,0.508,1.492,-0.000,-0.008,-0.000,4.0
654,0.374,0.508,1.492,-0.000,-0.007,-0.000,4.0
655,0.375,0.508,1.492,-0.000,-0.007,-0.000,4.0
656,0.377,0.508,1.492,-0.000,-0.007,-0.000,4.0
657,0.378,0.508,1.492,-0.000,-0.007,-0.000,4.0
658,0.380,0.508,1.492,-0.000,-0.007,-0.000,4.0
659,0.382,0.508,1.492,-0.000,-0.007,-0.000,4.0
660,0.383,0.507,1.492,-0.000,-0.007,-0.000,4.0
661,0.385,0.507,1.492,-0.000,-0.007,-0.000,4.0
662,0.386,0.507,1.492,-0.000,-0.007,-0.000,4.0
663,0.388,0.507,1.492,-0.000,-0.006,-0.000,4.0
664,0.389,0.507,1.492,-0.000,-0.006,-0.000,4.0
665,0.391,0.507,1.492,-0.000,-0.006,-0.000,4.0
666,0.392,0.507,1.492,-0.000,-0.006,-0.000,4.0
667,0.393,0.507,1.492,-0.000,-0.006,-0.000,4.0
668,0.395,0.507,1.492,-0.000,-0.006,-0.000,4.0
669,0.396,0.507,1.492,-0.000,-0.006,-0.000,4.0
670,0.398,0.507,1.492,-0.000,-0.006,-0.000,4.0
671,0.399,0.507,1.492,-0.000,-0.006,-0.000,4.0
672,0.400,0.506,1.492,-0.000,-0.006,-0.000,4.0
673,0.402,0.506,1.492,-0.000,-0.006,-0.000,4.0
674,0.403,0.506,1.492,-0.000,-0.006,-0.000,4.0
675,0.404,0.506,1.492,-0.000,-0.005,-0.000,4.0
676,0.405,0.506,1.492,-0.000,-0.005,-0.000,4.0
677,0.407,0.506,1.492,-0.000,-0.005,-0.000,4.0
678,0.408,0.506,1.492,-0.000,-0.005,-0.000,4.0
679,0.409,0.506,1.492,-0.000,-0.005,-0.000,4.0
680,0.410,0.506,1.492,-0.000,-0.005,-0.000,4.0
681,0.411,0.506,1.492,-0.000,-0.005,-0.000,4.0
682,0.413,0.506,1.492,-0.000,-0.005,-0.000,4.0
683,0.414,0.506,1.492,-0.000,-0.005,-0.000,4.0
684,0.415,0.506,1.492,-0.000,-0.005,-0.000,4.0
685,0.416,0.505,1.492,-0.000,-0.005,-0.000,4.0
686,0.417,0.505,1.492,-0.000,-0.005,-0.000,4.0
687,0.418,0.505,1.492,-0.000,-0.005,-0.000,4.0
688,0.419,0.505,1.492,-0.000,-0.005,-0.000,4.0
689,0.420,0.505,1.492,-0.000,-0.005,-0.000,4.0
690,0.421,0.505,1.492,-0.000,-0.004,-0.000,4.0
691,0.422,0.505,1.492,-0.000,-0.004,-0.000,4.0
692,0.423,0.505,1.492,-0.000,-0.004,-0.000,4.0
693,0.424,0.505,1.492,-0.000,-0.004,-0.000,4.0
694,0.425,0.505,1.492,-0.000,-0.004,-0.000,4.0
695,0.426,0.505,1.492,-0.000,-0.004,-0.000,4.0
696,0.427,0.505,1.492,-0.000,-0.004,-0.000,4.0
697,0.428,0.505,1.492,-0.000,-0.004,-0.000,4.0
698,0.429,0.505,1.492,-0.000,-0.004,-0.000,4.0
699,0.430,0.505,1.492,-0.000,-0.004,-0.000,4.0
700,0.431,0.504,1.492,-0.000,-0.004,-0.000,4.0
701,0.432,0.504,1.492,-0.000,-0.004,-0.000,4.0
702,0.433,0.504,1.492,-0.000,-0.004,-0.000,4.0
703,0.434,0.504,1.492,-0.000,-0.004,-0.000,4.0
704,0.435,0.504,1.492,-0.000,-0.004,-0.000,4.0
705,0.435,0.504,1.492,-0.000,-0.004,-0.000,4.0
706,0.436,0.504,1.492,-0.000,-0.004,-0.000,4.0
707,0.437,0.504,1.492,-0.000,-0.004,-0.000,4.0
708,0.438,0.504,1.492,-0.000,-0.004,-0.000,4.0
709,0.439,0.504,1.492,-0.000,-0.004,-0.000,4.0
710,0.440,0.504,1.492,-0.000,-0.003,-0.000,4.0
711,0.440,0.504,1.492,-0.000,-0.003,-0.000,4.0
712,0.441,0.504,1.492,-0.000,-0.003,-0.000,4.0
713,0.442,0.504,1.492,-0.000,-0.003,-0.000,4.0
714,0.443,0.504,1.492,-0.000,-0.003,-0.000,4.0
715,0.443,0.504,1.492,-0.000,-0.003,-0.000,4.0
716,0.444,0.504,1.492,-0.000,-0.003,-0.000,4.0
717,0.445,0.504,1.492,-0.000,-0.003,-0.000,4.0
718,0.446,0.504,1.492,-0.000,-0.003,-0.000,4.0
719,0.446,0.504,1.492,-0.000,-0.003,-0.000,4.0
720,0.447,0.503,1.492,-0.000,-0.003,-0.000,4.0
721,0.448,0.503,1.492,-0.000,-0.003,-0.000,4.0
722,0.448,0.503,1.492,-0.000,-0.003,-0.000,4.0
723,0.449,0.503,1.492,-0.000,-0.003,-0.000,4.0
724,0.450,0.503,1.492,-0.000,-0.003,-0.000,4.0
725,0.450,0.503,1.492,-0.000,-0.003,-0.000,4.0
726,0.451,0.503,1.492,-0.000,-0.003,-0.000,4.0
727,0.452,0.503,1.492,-0.000,-0.003,-0.000,4.0
728,0.452,0.503,1.492,-0.000,-0.003,-0.000,4.0
729,0.453,0.503,1.492,-0.000,-0.003,-0.000,4.0
730,0.454,0.503,1.492,-0.000,-0.003,-0.000,4.0
731,0.454,0.503,1.492,-0.000,-0.003,-0.000,4.0
732,0.455,0.503,1.492,-0.000,-0.003,-0.000,4.0
733,0.455,0.503,1.492,-0.000,-0.003,-0.000,4.0
734,0.456,0.503,1.492,-0.000,-0.003,-0.000,4.0
735,0.457,0.503,1.492,-0.000,-0.002,-0.000,4.0
736,0.457,0.503,1.492,-0.000,-0.002,-0.000,4.0
737,0.458,0.503,1.492,-0.000,-0.002,-0.000,4.0
738,0.458,0.503,1.492,-0.000,-0.002,-0.000,4.0
739,0.459,0.503,1.492,-0.000,-0.002,-0.000,4.0
740,0.459,0.503,1.492,-0.000,-0.002,-0.000,4.0
741,0.460,0.503,1.492,-0.000,-0.002,-0.000,4.0
742,0.460,0.503,1.492,-0.000,-0.002,-0.000,4.0
743,0.461,0.503,1.492,-0.000,-0.002,-0.000,4.0
744,0.461,0.503,1.492,-0.000,-0.002,-0.000,4.0
745,0.462,0.503,1.492,-0.000,-0.002,-0.000,4.0
746,0.462,0.503,1.492,-0.000,-0.002,-0.000,4.0
747,0.463,0.502,1.492,-0.000,-0.002,-0.000,4.0
748,0.463,0.502,1.492,-0.000,-0.002,-0.000,4.0
749,0.464,0.502,1.492,-0.000,-0.002,-0.000,4.0
750,0.464,0.502,1.492,-0.000,-0.002,-0.000,4.0
751,0.465,0.502,1.492,-0.000,-0.002,-0.000,4.0
752,0.465,0.502,1.492,-0.000,-0.002,-0.000,4.0
753,0.466,0.502,1.492,-0.000,-0.002,-0.000,4.0
754,0.466,0.502,1.492,-0.000,-0.002,-0.000,4.0
755,0.467,0.502,1.492,-0.000,-0.002,-0.000,4.0
756,0.467,0.502,1.492,-0.000,-0.002,-0.000,4.0
757,0.467,0.502,1.492,-0.000,-0.002,-0.000,4.0
758,0.468,0.502,1.492,-0.000,-0.002,-0.000,4.0
759,0.468,0.502,1.492,-0.000,-0.002,-0.000,4.0
760,0.469,0.502,1.492,-0.000,-0.002,-0.000,4.0
761,0.469,0.502,1.492,-0.000,-0.002,-0.000,4.0
762,0.470,0.502,1.492,-0.000,-0.002,-0.000,4.0
763,0.470,0.502,1.492,-0.000,-0.002,-0.000,4.0
764,0.470,0.502,1.492,-0.000,-0.002,-0.000,4.0
765,0.471,0.502,1.492,-0.000,-0.002,-0.000,4.0
766,0.471,0.502,1.492,-0.000,-0.002,-0.000,4.0
767,0.471,0.502,1.492,-0.000,-0.002,-0.000,4.0
768,0.472,0.502,1.492,-0.000,-0.002,-0.000,4.0
769,0.472,0.502,1.492,-0.000,-0.002,-0.000,4.0
770,0.473,0.502,1.492,-0.000,-0.002,-0.000,4.0
771,0.473,0.502,1.492,-0.000,-0.002,-0.000,4.0
772,0.473,0.502,1.492,-0.000,-0.002,-0.000,4.0
773,0.474,0.502,1.492,-0.000,-0.002,-0.000,4.0
774,0.474,0.502,1.492,-0.000,-0.001,-0.000,4.0
775,0.474,0.502,1.492,-0.000,-0.001,-0.000,4.0
776,0.475,0.502,1.492,-0.000,-0.001,-0.000,4.0
777,0.475,0.502,1.492,-0.000,-0.001,-0.000,4.0
778,0.475,0.502,1.492,-0.000,-0.001,-0.000,4.0
779,0.476,0.502,1.492,-0.000,-0.001,-0.000,4.0
780,0.476,0.502,1.492,-0.000,-0.001,-0.000,4.0
781,0.476,0.502,1.492,-0.000,-0.001,-0.000,4.0
782,0.477,0.502,1.492,-0.000,-0.001,-0.000,4.0
783,0.477,0.502,1.492,-0.000,-0.001,-0.000,4.0
784,0.477,0.502,1.492,-0.000,-0.001,-0.000,4.0
785,0.478,0.502,1.492,-0.000,-0.001,-0.000,4.0
786,0.478,0.502,1.492,-0.000,-0.001,-0.000,4.0
787,0.478,0.502,1.492,-0.000,-0.001,-0.000,4.0
788,0.478,0.502,1.492,-0.000,-0.001,-0.000,4.0
789,0.479,0.502,1.492,-0.000,-0.001,-0.000,4.0
790,0.479,0.501,1.492,-0.000,-0.001,-0.000,4.0
791,0.479,0.501,1.492,-0.000,-0.001,-0.000,4.0
792,0.479,0.501,1.492,-0.000,-0.001,-0.000,4.0
793,0.480,0.501,1.492,-0.000,-0.001,-0.000,4.0
794,0.480,0.501,1.492,-0.000,-0.001,-0.000,4.0
795,0.480,0.501,1.492,-0.000,-0.001,-0.000,4.0
796,0.481,0.501,1.492,-0.000,-0.001,-0.000,4.0
797,0.481,0.501,1.492,-0.000,-0.001,-0.000,4.0
798,0.481,0.501,1.492,-0.000,-0.001,-0.000,4.0
799,0.481,0.501,1.492,-0.000,-0.001,-0.000,4.0
800,0.482,0.501,1.492,-0.000,-0.001,-0.000,4.0
801,0.482,0.501,1.492,-0.000,-0.001,-0.000,4.0
802,0.482,0.501,1.492,-0.000,-0.001,-0.000,4.0
803,0.482,0.501,1.492,-0.000,-0.001,-0.000,4.0
804,0.482,0.501,1.492,-0.000,-0.001,-0.000,4.0
805,0.483,0.501,1.492,-0.000,-0.001,-0.000,4.0
806,0.483,0.501,1.492,-0.000,-0.001,-0.000,4.0
807,0.483,0.501,1.492,-0.000,-0.001,-0.000,4.0
808,0.483,0.501,1.492,-0.000,-0.001,-0.000,4.0
809,0.484,0.501,1.492,-0.000,-0.001,-0.000,4.0
810,0.484,0.501,1.492,-0.000,-0.001,-0.000,4.0
811,0.484,0.501,1.492,-0.000,-0.001,-0.000,4.0
812,0.484,0.501,1.492,-0.000,-0.001,-0.000,4.0
813,0.484,0.501,1.492,-0.000,-0.001,-0.000,4.0
814,0.485,0.501,1.492,-0.000,-0.001,-0.000,4.0
815,0.485,0.501,1.492,-0.000,-0.001,-0.000,4.0
816,0.485,0.501,1.492,-0.000,-0.001,-0.000,4.0
817,0.485,0.501,1.492,-0.000,-0.001,-0.000,4.0
818,0.485,0.501,1.492,-0.000,-0.001,-0.000,4.0
819,0.486,0.501,1.492,-0.000,-0.001,-0.000,4.0
820,0.486,0.501,1.492,-0.000,-0.001,-0.000,4.0
821,0.486,0.501,1.492,-0.000,-0.001,-0.000,4.0
822,0.486,0.501,1.492,-0.000,-0.001,-0.000,4.0
823,0.486,0.501,1.492,-0.000,-0.001,-0.000,4.0
824,0.487,0.501,1.492,-0.000,-0.001,-0.000,4.0
825,0.487,0.501,1.492,-0.000,-0.001,-0.000,4.0
826,0.487,0.501,1.492,-0.000,-0.001,-0.000,4.0
827,0.487,0.501,1.492,-0.000,-0.001,-0.000,4.0
828,0.487,0.501,1.492,-0.000,-0.001,-0.000,4.0
829,0.487,0.501,1.492,-0.000,-0.001,-0.000,4.0
830,0.488,0.501,1.492,-0.000,-0.001,-0.000,4.0
831,0.488,0.501,1.492,-0.000,-0.001,-0.000,4.0
832,0.488,0.501,1.492,-0.000,-0.001,-0.000,4.0
833,0.488,0.501,1.492,-0.000,-0.001,-0.000,4.0
834,0.488,0.501,1.492,-0.000,-0.001,-0.000,4.0
835,0.488,0.501,1.492,-0.000,-0.001,-0.000,4.0
836,0.489,0.501,1.492,-0.000,-0.001,-0.000,4.0
837,0.489,0.501,1.492,-0.000,-0.001,-0.000,4.0
838,0.489,0.501,1.492,-0.000,-0.001,-0.000,4.0
839,0.489,0.501,1.492,-0.000,-0.001,-0.000,4.0
840,0.489,0.501,1.492,-0.000,-0.001,-0.000,4.0
841,0.489,0.501,1.492,-0.000,-0.001,-0.000,4.0
842,0.489,0.501,1.492,-0.000,-0.001,-0.000,4.0
843,0.490,0.501,1.492,-0.000,-0.001,-0.000,4.0
844,0.490,0.501,1.492,-0.000,-0.001,-0.000,4.0
845,0.490,0.501,1.492,-0.000,-0.001,-0.000,4.0
846,0.490,0.501,1.492,-0.000,-0.001,-0.000,4.0
847,0.490,0.501,1.492,-0.000,-0.001,-0.000,4.0
848,0.490,0.501,1.492,-0.000,-0.007,-0.000,4.0
849,0.490,0.501,1.492,-0.000,-0.011,-0.001,4.0
850,0.490,0.501,1.492,-0.000,-0.011,-0.001,4.0
851,0.490,0.501,1.492,-0.000,-0.008,-0.001,4.0
852,0.490,0.501,1.492,-0.000,-0.004,-0.000,4.0
853,0.490,0.501,1.492,-0.000,-0.001,-0.000,4.0
854,0.490,0.501,1.492,-0.000,0.002,0.000,4.0
855,0.490,0.501,1.492,-0.000,0.003,0.000,4.0
856,0.490,0.501,1.492,-0.000,0.003,0.000,4.0
857,0.490,0.501,1.492,-0.000,0.001,0.000,4.0
858,0.490,0.501,1.492,-0.000,-0.000,-0.000,4.0
859,0.490,0.501,1.492,-0.000,-0.001,-0.000,4.0
860,0.490,0.501,1.492,-0.000,-0.002,-0.000,4.0
861,0.490,0.501,1.492,-0.000,-0.002,-0.000,4.0
862,0.490,0.501,1.492,-0.000,-0.001,-0.000,4.0
863,0.490,0.501,1.492,-0.000,-0.000,-0.000,4.0
864,0.490,0.501,1.492,-0.000,0.000,0.000,4.0
865,0.490,0.501,1.492,-0.000,0.001,0.000,4.0
866,0.490,0.501,1.492,-0.000,0.001,0.000,4.0
867,0.490,0.501,1.492,-0.000,0.000,0.000,4.0
868,0.490,0.501,1.492,-0.000,0.000,0.000,4.0
869,0.490,0.501,1.492,-0.000,-0.000,-0.000,4.0
870,0.490,0.501,1.492,-0.000,-0.000,-0.000,4.0
871,0.490,0.501,1.492,-0.000,-0.000,-0.000,4.0
872,0.490,0.501,1.492,-0.000,-0.000,-0.000,4.0
873,0.490,0.501,1.492,-0.000,-0.000,-0.000,4.0
874,0.490,0.501,1.492,-0.000,-0.000,-0.000,4.0
875,0.490,0.501,1.492,-0.000,0.000,0.000,4.0
876,0.490,0.501,1.492,-0.000,0.000,0.000,4.0
877,0.490,0.501,1.492,-0.000,0.000,0.000,4.0
878,0.490,0.501,1.492,-0.000,0.000,0.000,4.0
879,0.490,0.501,1.492,-0.000,0.000,0.000,4.0
880,0.490,0.501,1.492,-0.000,-0.000,-0.000,4.0
881,0.490,0.501,1.492,-0.000,-0.000,-0.000,4.0
882,0.490,0.501,1.492,-0.000,-0.000,-0.000,4.0
883,0.490,0.501,1.492,-0.000,-0.000,-0.000,4.0
884,0.490,0.501,1.492,-0.000,-0.000,-0.000,4.0
885,0.490,0.501,1.492,-0.000,0.000,0.000,4.0
886,0.490,0.501,1.492,-0.000,0.000,0.000,4.0
887,0.490,0.501,1.492,-0.000,0.000,0.000,4.0
888,0.490,0.501,1.492,-0.000,0.000,0.000,4.0
889,0.490,0.501,1.492,-0.000,0.000,0.000,4.0
890,0.490,0.501,1.492,-0.000,0.000,0.000,4.0
891,0.490,0.501,1.492,-0.000,-0.000,-0.000,4.0
892,0.490,0.501,1.492,-0.000,-0.000,-0.000,4.0
893,0.490,0.501,1.492,-0.000,-0.000,-0.000,4.0
894,0.490,0.501,1.492,-0.000,-0.000,-0.000,4.0
895,0.490,0.501,1.492,-0.000,-0.000,-0.000,4.0
896,0.490,0.501,1.492,-0.000,0.000,0.000,4.0
897,0.490,0.501,1.492,-0.000,0.000,0.000,4.0
898,0.490,0.501,1.492,-0.000,0.000,0.000,4.0
899,0.490,0.501,1.492,-0.000,0.000,0.000,4.0
900,0.490,0.501,1.492,-0.000,0.000,0.000,4.0
901,0.490,0.501,1.492,-0.000,-0.000,-0.000,4.0
902,0.490,0.501,1.492,-0.000,-0.000,-0.000,4.0
903,0.490,0.501,1.492,-0.000,-0.000,-0.000,4.0
904,0.490,0.501,1.492,-0.000,-0.000,-0.000,4.0
905,0.490,0.501,1.492,-0.000,-0.000,-0.000,4.0
906,0.490,0.501,1.492,-0.000,-0.000,-0.000,4.0
907,0.490,0.501,1.492,-0.000,0.000,0.000,4.0
908,0.490,0.501,1.492,-0.000,0.000,0.000,4.0
909,0.490,0.501,1.492,-0.000,0.000,0.000,4.0
910,0.490,0.501,1.492,-0.000,0.000,0.000,4.0
911,0.490,0.501,1.492,-0.000,0.000,0.000,4.0
912,0.490,0.501,1.492,-0.000,-0.000,-0.000,4.0
913,0.490,0.501,1.492,-0.000,-0.000,-0.000,4.0
914,0.490,0.501,1.492,-0.000,-0.000,-0.000,4.0
915,0.490,0.501,1.492,-0.000,-0.000,-0.000,4.0
916,0.490,0.501,1.492,-0.000,-0.000,-0.000,4.0
917,0.490,0.501,1.492,-0.000,0.000,0.000,4.0
918,0.490,0.501,1.492,-0.000,0.000,0.000,4.0
919,0.490,0.501,1.492,-0.000,0.000,0.000,4.0
920,0.490,0.501,1.492,-0.000,0.000,0.000,4.0
921,0.490,0.501,1.492,-0.000,0.000,0.000,4.0
922,0.490,0.501,1.492,-0.000,0.000,0.000,4.0
923,0.490,0.501,1.492,-0.000,-0.000,-0.000,4.0
924,0.490,0.501,1.492,-0.000,-0.000,-0.000,4.0
925,0.490,0.501,1.492,-0.000,-0.000,-0.000,4.0
926,0.490,0.501,1.492,-0.000,-0.000,-0.000,4.0
927,0.490,0.501,1.492,-0.000,-0.000,-0.000,4.0
928,0.490,0.501,1.492,-0.000,0.000,0.000,4.0
929,0.490,0.501,1.492,-0.000,0.000,0.000,4.0
930,0.490,0.501,1.492,-0.000,0.000,0.000,4.0
931,0.490,0.501,1.492,-0.000,0.000,0.000,4.0
932,0.490,0.501,1.492,-0.000,0.000,0.000,4.0
933,0.490,0.501,1.492,-0.000,-0.000,-0.000,4.0
934,0.490,0.501,1.492,-0.000,-0.000,-0.000,4.0
935,0.490,0.501,1.492,-0.000,-0.000,-0.000,4.0
936,0.490,0.501,1.492,-0.000,-0.000,-0.000,4.0
937,0.490,0.501,1.492,-0.000,-0.000,-0.000,4.0
938,0.490,0.501,1.492,-0.000,-0.000,-0.000,4.0
939,0.490,0.501,1.492,-0.000,0.000,0.000,4.0
940,0.490,0.501,1.492,-0.000,0.000,0.000,4.0
941,0.490,0.501,1.492,-0.000,0.000,0.000,4.0
942,0.490,0.501,1.492,-0.000,0.000,0.000,4.0
943,0.490,0.501,1.492,-0.000,0.000,0.000,4.0
944,0.490,0.501,1.492,-0.000,-0.000,-0.000,4.0
945,0.490,0.501,1.492,-0.000,-0.000,-0.000,4.0
946,0.490,0.501,1.492,-0.000,-0.000,-0.000,4.0
947,0.490,0.501,1.492,-0.000,-0.000,-0.000,4.0
948,0.490,0.501,1.492,-0.000,-0.000,-0.000,4.0
949,0.490,0.501,1.492,-0.000,0.000,0.000,4.0
950,0.490,0.501,1.492,-0.000,0.000,0.000,4.0
951,0.490,0.501,1.492,-0.000,0.000,0.000,4.0
952,0.490,0.501,1.492,-0.000,0.000,0.000,4.0
953,0.490,0.501,1.492,-0.000,0.000,0.000,4.0
954,0.490,0.501,1.492,-0.000,0.000,0.000,4.0
955,0.490,0.501,1.492,-0.000,-0.000,-0.000,4.0
956,0.490,0.501,1.492,-0.000,-0.000,-0.000,4.0
957,0.490,0.501,1.492,-0.000,-0.000,-0.000,4.0
958,0.490,0.501,1.492,-0.000,-0.000,-0.000,4.0
959,0.490,0.501,1.492,-0.000,-0.000,-0.000,4.0
960,0.490,0.501,1.492,-0.000,0.000,0.000,4.0
961,0.490,0.501,1.492,-0.000,0.000,0.000,4.0
962,0.490,0.501,1.492,-0.000,0.000,0.000,4.0
963,0.490,0.501,1.492,-0.000,0.000,0.000,4.0
964,0.490,0.501,1.492,-0.000,0.000,0.000,4.0
965,0.490,0.501,1.492,-0.000,-0.000,-0.000,4.0
966,0.490,0.501,1.492,-0.000,-0.000,-0.000,4.0
967,0.490,0.501,1.492,-0.000,-0.000,-0.000,4.0
968,0.490,0.501,1.492,-0.000,-0.000,-0.000,4.0
969,0.490,0.501,1.492,-0.000,-0.000,-0.000,4.0
970,0.490,0.501,1.492,-0.000,-0.000,-0.000,4.0
971,0.490,0.501,1.492,-0.000,0.000,0.000,4.0
972,0.490,0.501,1.492,-0.000,0.000,0.000,4.0
973,0.490,0.501,1.492,-0.000,0.000,0.000,4.0
974,0.490,0.501,1.492,-0.000,0.000,0.000,4.0
975,0.490,0.501,1.492,-0.000,0.000,0.000,4.0
976,0.490,0.501,1.492,-0.000,-0.000,-0.000,4.0
977,0.490,0.501,1.492,-0.000,-0.000,-0.000,4.0
978,0.490,0.501,1.492,-0.000,-0.000,-0.000,4.0
979,0.490,0.501,1.492,-0.000,-0.000,-0.000,4.0
980,0.490,0.501,1.492,-0.000,-0.000,-0.000,4.0
981,0.490,0.501,1.492,-0.000,0.000,0.000,4.0
982,0.490,0.501,1.492,-0.000,0.000,0.000,4.0
983,0.490,0.501,1.492,-0.000,0.000,0.000,4.0
984,0.490,0.501,1.492,-0.000,0.000,0.000,4.0
985,0.490,0.501,1.492,-0.000,0.000,0.000,4.0
986,0.490,0.501,1.492,-0.000,0.000,0.000,4.0
987,0.490,0.501,1.492,-0.000,-0.000,-0.000,4.0
988,0.490,0.501,1.492,-0.000,-0.000,-0.000,4.0
989,0.490,0.501,1.492,-0.000,-0.000,-0.000,4.0
990,0.490,0.501,1.492,-0.000,-0.000,-0.000,4.0
991,0.490,0.501,1.492,-0.000,-0.000,-0.000,4.0
992,0.490,0.501,1.492,-0.000,0.000,0.000,4.0
993,0.490,0.501,1.492,-0.000,0.000,0.000,4.0
994,0.490,0.501,1.492,-0.000,0.000,0.000,4.0
995,0.490,0.501,1.492,-0.000,0.000,0.000,4.0
996,0.490,0.501,1.492,-0.000,0.000,0.000,4.0
997,0.490,0.501,1.492,-0.000,-0.000,0.000,4.0
998,0.490,0.501,1.492,-0.000,-0.000,0.000,4.0
999,0.490,0.501,1.492,-0.000,-0.000,0.000,4.0
1000,0.490,0.501,1.492,-0.000,-0.000,0.000,4.0
1001,0.490,0.501,1.492,-0.000,-0.000,0.000,4.0
1002,0.490,0.501,1.492,-0.000,-0.000,0.000,4.0
1003,0.490,0.501,1.492,-0.000,0.000,-0.000,4.0
1004,0.490,0.501,1.492,-0.000,0.000,-0.000,4.0
1005,0.490,0.501,1.492,-0.000,0.000,-0.000,4.0
1006,0.490,0.501,1.492,-0.000,0.000,-0.000,4.0
1007,0.490,0.501,1.492,-0.000,0.000,-0.000,4.0
1008,0.490,0.501,1.492,-0.000,-0.000,-0.000,4.0
1009,0.490,0.501,1.492,-0.000,-0.000,-0.000,4.0
1010,0.490,0.501,1.492,-0.000,-0.000,-0.000,4.0
1011,0.490,0.501,1.492,-0.000,-0.000,-0.000,4.0
1012,0.490,0.501,1.492,-0.000,-0.000,-0.000,4.0
1013,0.490,0.501,1.492,-0.000,-0.000,-0.000,4.0
1014,0.490,0.501,1.492,-0.000,-0.000,-0.000,4.0
1015,0.490,0.501,1.492,-0.000,0.000,-0.000,4.0
1016,0.490,0.501,1.492,-0.000,0.000,0.000,4.0
1017,0.490,0.501,1.492,-0.000,0.000,0.000,4.0
1018,0.490,0.501,1.492,-0.000,0.000,0.000,4.0
1019,0.490,0.501,1.492,-0.000,0.000,0.000,4.0
1020,0.490,0.501,1.492,-0.000,0.000,0.000,4.0
1021,0.490,0.501,1.492,-0.000,0.000,0.000,4.0
1022,0.490,0.501,1.492,-0.000,0.000,0.000,4.0
1023,0.490,0.501,1.492,-0.000,0.000,0.000,4.0
1024,0.490,0.501,1.492,-0.000,0.000,0.000,4.0
1025,0.490,0.501,1.492,-0.000,-0.000,0.000,4.0
1026,0.490,0.501,1.492,-0.000,-0.000,0.000,4.0
1027,0.490,0.501,1.492,-0.000,-0.000,0.000,4.0
1028,0.490,0.501,1.492,-0.000,-0.000,0.000,4.0
1029,0.490,0.501,1.492,-0.000,-0.000,0.000,4.0
1030,0.490,0.501,1.492,-0.000,-0.000,0.000,4.0
1031,0.490,0.501,1.492,-0.000,0.000,-0.000,4.0
1032,0.490,0.501,1.492,-0.000,0.000,-0.000,4.0
1033,0.490,0.501,1.492,-0.000,0.000,-0.000,4.0
1034,0.490,0.501,1.492,-0.000,0.000,-0.000,4.0
1035,0.490,0.501,1.492,-0.000,0.000,-0.000,4.0
1036,0.490,0.501,1.492,-0.000,0.000,-0.000,4.0
1037,0.490,0.501,1.492,-0.000,-0.000,-0.000,4.0
1038,0.490,0.501,1.492,-0.000,-0.000,-0.000,4.0
1039,0.490,0.501,1.492,-0.000,-0.000,-0.000,4.0
1040,0.490,0.501,1.492,-0.000,-0.000,-0.000,4.0
1041,0.490,0.501,1.492,-0.000,-0.000,-0.000,4.0
1042,0.490,0.501,1.492,-0.000,-0.000,-0.000,4.0
1043,0.490,0.501,1.492,-0.000,0.000,-0.000,4.0
1044,0.490,0.501,1.492,-0.000,0.000,-0.000,4.0
1045,0.490,0.501,1.492,-0.000,0.000,0.000,4.0
1046,0.490,0.501,1.492,-0.000,0.000,0.000,4.0
1047,0.490,0.501,1.492,-0.000,0.000,0.000,4.0
1048,0.490,0.501,1.492,-0.000,-0.000,0.000,4.0
1049,0.490,0.501,1.492,-0.000,-0.000,0.000,4.0
1050,0.490,0.501,1.492,-0.000,-0.000,0.000,4.0
1051,0.490,0.501,1.492,-0.000,-0.000,0.000,4.0
1052,0.490,0.501,1.492,-0.000,-0.000,0.000,4.0
1053,0.490,0.501,1.492,-0.000,-0.000,0.000,4.0
1054,0.490,0.501,1.492,-0.000,-0.000,0.000,4.0
1055,0.490,0.501,1.492,-0.000,0.000,0.000,4.0
1056,0.490,0.501,1.492,-0.000,0.000,0.000,4.0
1057,0.490,0.501,1.492,-0.000,0.000,0.000,4.0
1058,0.490,0.501,1.492,-0.000,0.000,0.000,4.0
1059,0.490,0.501,1.492,-0.000,0.000,-0.000,4.0
1060,0.490,0.501,1.492,-0.000,0.000,-0.000,4.0
1061,0.490,0.501,1.492,-0.000,-0.000,-0.000,4.0
1062,0.490,0.501,1.492,-0.000,-0.000,-0.000,4.0
1063,0.490,0.501,1.492,-0.000,-0.000,-0.000,4.0
1064,0.490,0.501,1.492,-0.000,-0.000,-0.000,4.0
1065,0.490,0.501,1.492,-0.000,-0.000,-0.000,4.0
1066,0.490,0.501,1.492,-0.000,-0.000,-0.000,4.0
1067,0.490,0.501,1.492,-0.000,-0.000,-0.000,4.0
1068,0.490,0.501,1.492,-0.000,0.000,-0.000,4.0
1069,0.490,0.501,1.492,-0.000,0.000,-0.000,4.0
1070,0.490,0.501,1.492,-0.000,0.000,-0.000,4.0
1071,0.490,0.501,1.492,-0.000,0.000,-0.000,4.0
1072,0.490,0.501,1.492,-0.000,0.000,-0.000,4.0
1073,0.490,0.501,1.492,-0.000,0.000,0.000,4.0
1074,0.490,0.501,1.492,-0.000,0.000,0.000,4.0
1075,0.490,0.501,1.492,-0.000,-0.000,0.000,4.0
1076,0.490,0.501,1.492,-0.000,-0.000,0.000,4.0
1077,0.490,0.501,1.492,-0.000,-0.000,0.000,4.0
1078,0.490,0.501,1.492,-0.000,-0.000,0.000,4.0
1079,0.490,0.501,1.492,-0.000,-0.000,0.000,4.0
1080,0.490,0.501,1.492,-0.000,-0.000,0.000,4.0
1081,0.490,0.501,1.492,-0.000,-0.000,0.000,4.0
1082,0.490,0.501,1.492,-0.000,0.000,0.000,4.0
1083,0.490,0.501,1.492,-0.000,0.000,0.000,4.0
1084,0.490,0.501,1.492,-0.000,0.000,0.000,4.0
1085,0.490,0.501,1.492,-0.000,0.000,0.000,4.0
1086,0.490,0.501,1.492,-0.000,0.000,0.000,4.0
1087,0.490,0.501,1.492,-0.000,0.000,-0.000,4.0
1088,0.490,0.501,1.492,-0.000,0.000,-0.000,4.0
1089,0.490,0.501,1.492,-0.000,-0.000,-0.000,4.0
1090,0.490,0.501,1.492,-0.000,-0.000,-0.000,4.0
1091,0.490,0.501,1.492,-0.000,-0.000,-0.000,4.0
1092,0.490,0.501,1.492,-0.000,-0.000,-0.000,4.0
1093,0.490,0.501,1.492,-0.000,-0.000,-0.000,4.0
1094,0.490,0.501,1.492,-0.000,-0.000,-0.000,4.0
1095,0.490,0.501,1.492,-0.000,-0.000,-0.000,4.0
1096,0.490,0.501,1.492,-0.000,0.000,-0.000,4.0
1097,0.490,0.501,1.492,-0.000,0.000,-0.000,4.0
1098,0.490,0.501,1.492,-0.000,0.000,-0.000,4.0
1099,0.490,0.501,1.492,-0.000,0.000,-0.000,4.0
1100,0.490,0.501,1.492,-0.000,0.000,-0.000,4.0
1101,0.490,0.501,1.492,-0.000,0.000,0.000,4.0
1102,0.490,0.501,1.492,-0.000,0.000,0.000,4.0
1103,0.490,0.501,1.492,-0.000,-0.000,0.000,4.0
1104,0.490,0.501,1.492,-0.000,-0.000,0.000,4.0
1105,0.490,0.501,1.492,-0.000,-0.000,0.000,4.0
1106,0.490,0.501,1.492,-0.000,-0.000,0.000,4.0
1107,0.490,0.501,1.492,-0.000,-0.000,0.000,4.0
1108,0.490,0.501,1.492,-0.000,-0.000,0.000,4.0
1109,0.490,0.501,1.492,-0.000,-0.000,0.000,4.0
1110,0.490,0.501,1.492,-0.000,0.000,0.000,4.0
1111,0.490,0.501,1.492,-0.000,0.000,0.000,4.0
1112,0.490,0.501,1.492,-0.000,0.000,0.000,4.0
1113,0.490,0.501,1.492,-0.000,0.000,0.000,4.0
1114,0.490,0.501,1.492,-0.000,0.000,0.000,4.0
1115,0.490,0.501,1.492,-0.000,0.000,-0.000,4.0
1116,0.490,0.501,1.492,-0.000,-0.000,-0.000,4.0
1117,0.490,0.501,1.492,-0.000,-0.000,-0.000,4.0
1118,0.490,0.501,1.492,-0.000,-0.000,-0.000,4.0
1119,0.490,0.501,1.492,-0.000,-0.000,-0.000,4.0
1120,0.490,0.501,1.492,-0.000,-0.000,-0.000,4.0
1121,0.490,0.501,1.492,-0.000,-0.000,-0.000,4.0
1122,0.490,0.501,1.492,-0.000,-0.000,-0.000,4.0
1123,0.490,0.501,1.492,-0.000,-0.000,-0.000,4.0
1124,0.490,0.501,1.492,-0.000,0.000,-0.000,4.0
1125,0.490,0.501,1.492,-0.000,0.000,-0.000,4.0
1126,0.490,0.501,1.492,-0.000,0.000,-0.000,4.0
1127,0.490,0.501,1.492,-0.000,0.000,-0.000,4.0
1128,0.490,0.501,1.492,-0.000,0.000,-0.000,4.0
1129,0.490,0.501,1.492,-0.000,0.000,0.000,4.0
1130,0.490,0.501,1.492,-0.000,0.000,0.000,4.0
1131,0.490,0.501,1.492,-0.000,-0.000,0.000,4.0
1132,0.490,0.501,1.492,-0.000,-0.000,0.000,4.0
1133,0.490,0.501,1.492,-0.000,-0.000,0.000,4.0
1134,0.490,0.501,1.492,-0.000,-0.000,0.000,4.0
1135,0.490,0.501,1.492,-0.000,-0.000,0.000,4.0
1136,0.490,0.501,1.492,-0.000,-0.000,0.000,4.0
1137,0.490,0.501,1.492,-0.000,0.000,0.000,4.0
1138,0.490,0.501,1.492,-0.000,0.000,0.000,4.0
1139,0.490,0.501,1.492,-0.000,0.000,0.000,4.0
1140,0.490,0.501,1.492,-0.000,0.000,0.000,4.0
1141,0.490,0.501,1.492,-0.000,0.000,0.000,4.0
1142,0.490,0.501,1.492,-0.000,0.000,0.000,4.0
1143,0.490,0.501,1.492,-0.000,0.000,-0.000,4.0
1144,0.490,0.501,1.492,-0.000,-0.000,-0.000,4.0
1145,0.490,0.501,1.492,-0.000,-0.000,-0.000,4.0
1146,0.490,0.501,1.492,-0.000,-0.000,-0.000,4.0
1147,0.490,0.501,1.492,-0.000,-0.000,-0.000,4.0
1148,0.490,0.501,1.492,-0.000,0.000,-0.000,4.0
1149,0.490,0.501,1.492,-0.000,0.000,-0.000,4.0
1150,0.490,0.501,1.492,-0.000,0.000,-0.000,4.0
1151,0.490,0.501,1.492,-0.000,0.000,-0.000,4.0
1152,0.490,0.501,1.492,-0.000,-0.000,-0.000,4.0
1153,0.490,0.501,1.492,-0.000,-0.000,-0.000,4.0
1154,0.490,0.501,1.492,-0.000,-0.000,-0.000,4.0
1155,0.490,0.501,1.492,-0.000,-0.000,-0.000,4.0
1156,0.490,0.501,1.492,-0.000,-0.000,-0.000,4.0
1157,0.490,0.501,1.492,-0.000,-0.000,0.000,4.0
1158,0.490,0.501,1.492,-0.000,0.000,0.000,4.0
1159,0.490,0.501,1.492,-0.000,0.000,0.000,4.0
1160,0.490,0.501,1.492,-0.000,0.000,0.000,4.0
1161,0.490,0.501,1.492,-0.000,0.000,0.000,4.0
1162,0.490,0.501,1.492,-0.000,0.000,0.000,4.0
1163,0.490,0.501,1.492,-0.000,0.000,0.000,4.0
1164,0.490,0.501,1.492,-0.000,-0.000,0.000,4.0
1165,0.490,0.501,1.492,-0.000,-0.000,0.000,4.0
1166,0.490,0.501,1.492,-0.000,-0.000,0.000,4.0
1167,0.490,0.501,1.492,-0.000,-0.000,0.000,4.0
1168,0.490,0.501,1.492,-0.000,-0.000,0.000,4.0
1169,0.490,0.501,1.492,-0.000,-0.000,0.000,4.0
1170,0.490,0.501,1.492,-0.000,0.000,0.000,4.0
1171,0.490,0.501,1.492,-0.000,0.000,-0.000,4.0
1172,0.490,0.501,1.492,-0.000,0.000,-0.000,4.0
1173,0.490,0.501,1.492,-0.000,0.000,-0.000,4.0
1174,0.490,0.501,1.492,-0.000,0.000,-0.000,4.0
1175,0.490,0.501,1.492,-0.000,0.000,-0.000,4.0
1176,0.490,0.501,1.492,-0.000,-0.000,-0.000,4.0
1177,0.490,0.501,1.492,-0.000,-0.000,-0.000,4.0
1178,0.490,0.501,1.492,-0.000,-0.000,-0.000,4.0
1179,0.490,0.501,1.492,-0.000,-0.000,-0.000,4.0
1180,0.490,0.501,1.492,-0.000,-0.000,-0.000,4.0
1181,0.490,0.501,1.492,-0.000,-0.000,-0.000,4.0
1182,0.490,0.501,1.492,-0.000,-0.000,-0.000,4.0
1183,0.490,0.501,1.492,-0.000,0.000,-0.000,4.0
1184,0.490,0.501,1.492,-0.000,0.000,-0.000,4.0
1185,0.490,0.501,1.492,-0.000,0.000,0.000,4.0
1186,0.490,0.501,1.492,-0.000,0.000,0.000,4.0
1187,0.490,0.501,1.492,-0.000,0.000,0.000,4.0
1188,0.490,0.501,1.492,-0.000,0.000,0.000,4.0
1189,0.490,0.501,1.492,-0.000,-0.000,0.000,4.0
1190,0.490,0.501,1.492,-0.000,-0.000,0.000,4.0
1191,0.490,0.501,1.492,-0.000,-0.000,0.000,4.0
1192,0.490,0.501,1.492,-0.000,-0.000,0.000,4.0
1193,0.490,0.501,1.492,-0.000,-0.000,0.000,4.0
1194,0.490,0.501,1.492,-0.000,-0.000,0.000,4.0
1195,0.490,0.501,1.492,-0.000,-0.000,0.000,4.0
1196,0.490,0.501,1.492,-0.000,0.000,0.000,4.0
1197,0.490,0.501,1.492,-0.000,0.000,0.000,4.0
1198,0.490,0.501,1.492,-0.000,0.000,0.000,4.0
1199,0.490,0.501,1.492,-0.000,0.000,-0.000,4.0
1200,0.490,0.501,1.492,-0.000,0.000,-0.000,4.0
