1,-0.500,1.000,0.000,0.000,0.000,-0.008,-1
2,-0.500,1.000,0.000,0.000,0.000,-0.009,-1
3,-0.500,1.000,0.000,0.000,0.000,-0.005,-1
4,-0.500,1.000,0.000,0.000,0.000,-0.006,-1
5,-0.500,1.000,0.000,0.000,0.000,-0.007,-1
6,-0.500,1.000,0.000,0.000,0.000,-0.006,-1
7,-0.500,1.000,0.000,0.000,0.000,-0.006,5.0
8,-0.506,1.000,0.000,-0.001,0.027,-0.005,5.0
9,-0.513,1.000,0.000,-0.001,0.057,-0.005,5.0
10,-0.507,1.000,0.000,-0.005,0.032,-0.005,5.0
11,-0.500,1.000,0.000,-0.009,0.002,-0.006,5.0
12,-0.494,1.000,0.000,-0.013,-0.028,-0.005,5.0
13,-0.487,1.000,0.000,-0.017,-0.057,-0.005,5.0
14,-0.481,1.000,0.000,-0.020,-0.086,-0.005,5.0
15,-0.475,1.000,0.000,-0.023,-0.114,-0.005,5.0
16,-0.468,1.000,0.000,-0.026,-0.142,-0.005,5.0
17,-0.462,1.000,0.000,-0.029,-0.170,-0.005,5.0
18,-0.456,1.000,0.000,-0.032,-0.198,-0.006,5.0
19,-0.449,1.000,0.000,-0.034,-0.226,-0.006,5.0
20,-0.443,1.000,0.000,-0.037,-0.255,-0.006,5.0
21,-0.437,1.000,0.000,-0.039,-0.284,-0.006,5.0
22,-0.430,1.000,0.000,-0.040,-0.312,-0.006,5.0
23,-0.424,1.000,0.000,-0.040,-0.341,-0.006,5.0
24,-0.418,1.000,0.000,-0.039,-0.369,-0.006,5.0
25,-0.412,1.000,0.000,-0.036,-0.397,-0.006,5.0
26,-0.405,1.000,0.000,-0.033,-0.425,-0.006,5.0
27,-0.399,1.000,0.000,-0.028,-0.453,-0.006,5.0
28,-0.393,1.000,0.000,-0.022,-0.481,-0.006,5.0
29,-0.387,1.000,0.000,-0.016,-0.509,-0.006,5.0
30,-0.381,1.000,0.000,-0.009,-0.536,-0.005,5.0
31,-0.375,1.000,0.000,-0.001,-0.564,-0.005,5.0
32,-0.369,1.000,0.000,0.007,-0.592,-0.005,5.0
33,-0.362,1.000,0.000,0.015,-0.620,-0.005,5.0
34,-0.356,1.000,0.000,0.025,-0.647,-0.005,5.0
35,-0.350,1.000,0.000,0.034,-0.675,-0.005,5.0
36,-0.344,1.000,0.000,0.045,-0.702,-0.005,5.0
37,-0.338,1.000,0.000,0.055,-0.730,-0.005,5.0
38,-0.332,1.000,0.000,0.066,-0.757,-0.005,5.0
39,-0.326,1.000,0.000,0.077,-0.784,-0.004,5.0
40,-0.320,1.000,0.000,0.089,-0.812,-0.004,5.0
41,-0.314,1.000,0.000,0.100,-0.839,-0.004,5.0
42,-0.308,1.000,0.000,0.112,-0.866,-0.004,5.0
43,-0.303,1.000,0.000,0.124,-0.893,-0.003,5.0
44,-0.297,1.000,0.000,0.135,-0.920,-0.003,5.0
45,-0.291,1.000,0.000,0.147,-0.947,-0.003,5.0
46,-0.285,1.000,0.000,0.159,-0.974,-0.003,5.0
47,-0.279,1.000,0.000,0.170,-1.001,-0.002,5.0
48,-0.273,1.000,0.000,0.182,-1.028,-0.002,5.0
49,-0.267,1.000,0.000,0.193,-1.055,-0.002,5.0
50,-0.262,1.000,0.000,0.204,-1.082,-0.002,5.0
51,-0.256,1.000,0.000,0.215,-1.108,-0.001,5.0
52,-0.250,1.000,0.000,0.226,-1.135,-0.001,5.0
53,-0.244,1.000,0.000,0.236,-1.162,-0.001,5.0
54,-0.239,1.000,0.000,0.246,-1.188,-0.000,5.0
55,-0.233,1.000,0.000,0.256,-1.215,0.000,5.0
56,-0.227,1.000,0.000,0.265,-1.242,0.000,5.0
57,-0.221,1.000,0.000,0.274,-1.268,0.001,5.0
58,-0.216,1.000,0.000,0.282,-1.295,0.001,5.0
59,-0.210,1.000,0.000,0.290,-1.321,0.001,5.0
60,-0.204,1.000,0.000,0.298,-1.348,0.002,5.0
61,-0.199,1.000,0.000,0.305,-1.374,0.002,5.0
62,-0.193,1.000,0.000,0.311,-1.401,0.002,5.0
63,-0.188,1.000,0.000,0.318,-1.427,0.002,5.0
64,-0.182,1.001,0.000,0.323,-1.453,0.003,5.0
65,-0.176,1.001,0.000,0.328,-1.480,0.003,5.0
66,-0.171,1.001,0.000,0.333,-1.506,0.003,5.0
67,-0.165,1.001,0.000,0.337,-1.532,0.004,5.0
68,-0.160,1.001,0.000,0.340,-1.559,0.004,5.0
69,-0.154,1.001,0.000,0.343,-1.585,0.004,5.0
70,-0.149,1.001,0.000,0.346,-1.611,0.004,5.0
71,-0.143,1.001,0.000,0.347,-1.638,0.005,5.0
72,-0.137,1.001,0.000,0.349,-1.664,0.005,5.0
73,-0.132,1.001,0.000,0.349,-1.690,0.005,5.0
74,-0.126,1.001,0.000,0.350,-1.716,0.005,5.0
75,-0.121,1.001,0.000,0.349,-1.743,0.005,5.0
76,-0.115,1.001,0.000,0.349,-1.769,0.005,5.0
77,-0.110,1.001,0.000,0.347,-1.795,0.005,5.0
78,-0.105,1.001,0.000,0.345,-1.821,0.006,5.0
79,-0.099,1.001,0.000,0.343,-1.847,0.006,5.0
80,-0.094,1.001,0.000,0.340,-1.874,0.006,5.0
81,-0.088,1.001,0.000,0.337,-1.900,0.006,5.0
82,-0.083,1.001,0.000,0.333,-1.926,0.006,5.0
83,-0.077,1.001,0.000,0.329,-1.952,0.006,5.0
84,-0.072,1.001,0.000,0.325,-1.978,0.006,5.0
85,-0.067,1.001,0.000,0.320,-2.004,0.006,5.0
86,-0.061,1.001,0.000,0.314,-2.031,0.006,5.0
87,-0.056,1.001,0.000,0.309,-2.057,0.006,5.0
88,-0.050,1.001,0.000,0.302,-2.083,0.006,5.0
89,-0.045,1.001,0.000,0.296,-2.109,0.005,5.0
90,-0.040,1.001,0.000,0.289,-2.135,0.005,5.0
91,-0.034,1.001,0.000,0.282,-2.161,0.005,5.0
92,-0.029,1.001,0.000,0.275,-2.188,0.005,5.0
93,-0.024,1.001,0.000,0.267,-2.214,0.005,5.0
94,-0.018,1.001,0.000,0.260,-2.234,0.007,5.0
95,-0.013,1.001,0.000,0.252,-2.209,0.002,5.0
96,-0.008,1.001,0.000,0.243,-2.180,0.004,5.0
97,-0.002,1.002,0.000,0.235,-2.151,0.005,5.0
98,0.003,1.002,0.000,0.227,-2.123,0.003,5.0
99,0.008,1.002,0.000,0.218,-2.094,0.002,5.0
100,0.013,1.002,0.000,0.209,-2.067,0.002,5.0
101,0.019,1.002,0.000,0.200,-2.039,0.002,5.0
102,0.024,1.002,0.000,0.191,-2.012,0.001,5.0
103,0.029,1.002,0.000,0.182,-1.986,0.001,5.0
104,0.034,1.002,0.000,0.173,-1.960,0.000,5.0
105,0.039,1.002,0.000,0.164,-1.934,0.000,5.0
106,0.045,1.002,0.000,0.155,-1.909,-0.000,5.0
107,0.050,1.002,0.000,0.146,-1.884,-0.001,5.0
108,0.055,1.002,0.000,0.137,-1.859,-0.001,5.0
109,0.060,1.002,0.000,0.128,-1.835,-0.001,5.0
110,0.065,1.002,0.000,0.119,-1.811,-0.002,5.0
111,0.070,1.002,0.000,0.110,-1.788,-0.002,5.0
112,0.075,1.002,0.000,0.102,-1.765,-0.002,5.0
113,0.081,1.002,0.000,0.093,-1.743,-0.003,5.0
114,0.086,1.002,0.000,0.085,-1.721,-0.003,5.0
115,0.091,1.002,0.000,0.077,-1.699,-0.003,5.0
116,0.096,1.002,0.000,0.069,-1.677,-0.003,5.0
117,0.101,1.002,0.000,0.061,-1.656,-0.004,5.0
118,0.106,1.002,0.000,0.053,-1.636,-0.004,5.0
119,0.111,1.002,0.000,0.045,-1.615,-0.004,5.0
120,0.116,1.002,0.000,0.038,-1.596,-0.004,5.0
121,0.121,1.002,0.000,0.031,-1.576,-0.005,5.0
122,0.126,1.002,0.000,0.024,-1.557,-0.005,5.0
123,0.131,1.002,0.000,0.018,-1.538,-0.005,5.0
124,0.137,1.002,0.000,0.011,-1.520,-0.005,5.0
125,0.142,1.002,0.000,0.005,-1.501,-0.005,5.0
126,0.147,1.002,0.000,-0.001,-1.484,-0.005,5.0
127,0.152,1.002,0.000,-0.006,-1.466,-0.006,5.0
128,0.157,1.002,0.000,-0.011,-1.449,-0.006,5.0
129,0.162,1.002,0.000,-0.016,-1.433,-0.006,5.0
130,0.167,1.002,0.000,-0.021,-1.416,-0.006,5.0
131,0.172,1.002,0.000,-0.026,-1.400,-0.006,5.0
132,0.177,1.002,0.000,-0.030,-1.384,-0.006,5.0
133,0.182,1.002,0.000,-0.033,-1.369,-0.006,5.0
134,0.187,1.002,0.000,-0.037,-1.354,-0.006,5.0
135,0.192,1.002,0.000,-0.040,-1.339,-0.006,5.0
136,0.197,1.002,0.000,-0.043,-1.325,-0.006,5.0
137,0.202,1.002,0.000,-0.046,-1.311,-0.006,5.0
138,0.207,1.002,0.000,-0.048,-1.297,-0.007,5.0
139,0.212,1.002,0.000,-0.050,-1.284,-0.007,5.0
140,0.217,1.002,0.000,-0.052,-1.271,-0.007,5.0
141,0.222,1.002,0.000,-0.054,-1.258,-0.007,5.0
142,0.227,1.002,0.000,-0.055,-1.245,-0.007,5.0
143,0.232,1.002,0.000,-0.056,-1.233,-0.007,5.0
144,0.237,1.002,0.000,-0.057,-1.221,-0.007,5.0
145,0.242,1.002,0.000,-0.057,-1.210,-0.007,5.0
146,0.248,1.002,0.000,-0.058,-1.198,-0.007,5.0
147,0.253,1.002,0.000,-0.058,-1.187,-0.007,5.0
148,0.258,1.002,0.000,-0.058,-1.177,-0.007,5.0
149,0.263,1.002,0.000,-0.057,-1.166,-0.007,5.0
150,0.268,1.002,0.000,-0.057,-1.156,-0.007,5.0
151,0.273,1.002,0.000,-0.056,-1.146,-0.007,5.0
152,0.272,1.002,0.000,-0.053,-1.109,-0.006,5.0
153,0.270,1.002,0.000,-0.051,-1.071,-0.006,13.0
154,0.268,1.002,0.000,-0.049,-1.032,-0.006,13.0
155,0.267,1.002,0.000,-0.047,-0.995,-0.006,13.0
156,0.266,1.002,0.000,-0.045,-0.958,-0.006,13.0
157,0.264,1.002,0.000,-0.044,-0.922,-0.006,13.0
158,0.263,1.002,0.000,-0.042,-0.886,-0.006,13.0
159,0.262,1.002,0.000,-0.041,-0.850,-0.006,12.0
160,0.256,1.002,0.000,-0.039,-0.793,-0.006,12.0
161,0.250,1.002,0.000,-0.036,-0.737,-0.006,12.0
162,0.244,1.002,0.000,-0.034,-0.680,-0.006,12.0
163,0.238,1.002,0.000,-0.031,-0.624,-0.006,12.0
164,0.232,1.002,0.000,-0.029,-0.569,-0.006,12.0
165,0.226,1.002,0.000,-0.027,-0.513,-0.006,12.0
166,0.220,1.002,0.000,-0.024,-0.458,-0.006,12.0
167,0.214,1.002,0.000,-0.022,-0.403,-0.006,12.0
168,0.208,1.002,0.000,-0.020,-0.348,-0.006,12.0
169,0.202,1.002,0.000,-0.018,-0.294,-0.006,12.0
170,0.196,1.002,0.000,-0.015,-0.239,-0.005,12.0
171,0.190,1.002,0.000,-0.013,-0.185,-0.005,12.0
172,0.184,1.002,0.000,-0.011,-0.131,-0.005,12.0
173,0.178,1.002,0.000,-0.009,-0.077,-0.005,12.0
174,0.172,1.002,0.000,-0.007,-0.024,-0.005,12.0
175,0.166,1.002,0.000,-0.005,0.030,-0.005,12.0
176,0.160,1.002,0.000,-0.004,0.083,-0.005,12.0
177,0.154,1.002,0.000,-0.002,0.136,-0.005,12.0
178,0.148,1.002,0.000,-0.000,0.189,-0.005,12.0
179,0.142,1.002,0.000,0.001,0.241,-0.005,12.0
180,0.136,1.002,0.000,0.003,0.294,-0.005,12.0
181,0.130,1.002,0.000,0.004,0.346,-0.005,12.0
182,0.124,1.002,0.000,0.006,0.398,-0.005,12.0
183,0.118,1.002,0.000,0.007,0.450,-0.005,12.0
184,0.112,1.002,0.000,0.008,0.501,-0.005,12.0
185,0.106,1.002,0.000,0.009,0.553,-0.005,12.0
186,0.100,1.002,0.000,0.010,0.604,-0.006,12.0
187,0.094,1.002,0.000,0.011,0.656,-0.006,12.0
188,0.088,1.002,0.000,0.012,0.707,-0.006,12.0
189,0.082,1.002,0.000,0.013,0.757,-0.006,12.0
190,0.076,1.002,0.000,0.014,0.808,-0.006,12.0
191,0.070,1.002,0.000,0.014,0.859,-0.006,12.0
192,0.064,1.002,0.000,0.015,0.909,-0.006,12.0
193,0.058,1.002,0.000,0.015,0.959,-0.006,12.0
194,0.052,1.002,0.000,0.016,1.009,-0.006,12.0
195,0.046,1.002,0.000,0.016,1.059,-0.006,12.0
196,0.040,1.002,0.000,0.016,1.109,-0.006,12.0
197,0.034,1.002,0.000,0.017,1.158,-0.006,12.0
198,0.028,1.002,0.000,0.017,1.208,-0.006,12.0
199,0.022,1.002,0.000,0.017,1.257,-0.006,12.0
200,0.016,1.002,0.000,0.017,1.306,-0.006,12.0
201,0.010,1.002,0.000,0.017,1.355,-0.006,12.0
202,0.004,1.002,0.000,0.017,1.404,-0.006,12.0
203,-0.002,1.002,0.000,0.017,1.453,-0.006,12.0
204,-0.008,1.002,0.000,0.016,1.502,-0.006,12.0
205,-0.014,1.002,0.000,0.016,1.550,-0.006,12.0
206,-0.020,1.002,0.000,0.016,1.599,-0.006,12.0
207,-0.026,1.002,0.000,0.015,1.647,-0.006,12.0
208,-0.032,1.002,0.000,0.015,1.695,-0.006,12.0
209,-0.038,1.002,0.000,0.015,1.743,-0.006,12.0
210,-0.044,1.002,0.000,0.014,1.791,-0.006,12.0
211,-0.050,1.002,0.000,0.014,1.839,-0.006,12.0
212,-0.056,1.002,0.000,0.013,1.886,-0.006,12.0
213,-0.062,1.002,0.000,0.013,1.934,-0.006,12.0
214,-0.068,1.002,0.000,0.012,1.981,-0.006,12.0
215,-0.074,1.002,0.000,0.011,2.028,-0.006,12.0
216,-0.080,1.002,0.000,0.011,2.076,-0.006,12.0
217,-0.086,1.002,0.000,0.010,2.123,-0.006,12.0
218,-0.092,1.002,0.000,0.009,2.170,-0.006,12.0
219,-0.098,1.002,0.000,0.009,2.216,-0.006,12.0
220,-0.104,1.002,0.000,0.008,2.234,0.001,12.0
221,-0.110,1.002,0.000,0.007,2.186,-0.006,12.0
222,-0.116,1.002,0.000,0.006,2.139,-0.009,12.0
223,-0.122,1.002,0.000,0.005,2.092,-0.006,12.0
224,-0.128,1.002,0.000,0.005,2.045,-0.004,12.0
225,-0.134,1.002,0.000,0.004,2.000,-0.006,12.0
226,-0.140,1.002,0.000,0.003,1.954,-0.006,12.0
227,-0.146,1.002,0.000,0.002,1.910,-0.006,12.0
228,-0.152,1.002,0.000,0.001,1.866,-0.005,12.0
229,-0.158,1.002,0.000,0.000,1.823,-0.005,12.0
230,-0.164,1.002,0.000,-0.000,1.780,-0.005,12.0
231,-0.170,1.002,0.000,-0.001,1.738,-0.005,12.0
232,-0.176,1.002,0.000,-0.002,1.697,-0.005,12.0
233,-0.182,1.002,0.000,-0.003,1.656,-0.005,12.0
234,-0.188,1.002,0.000,-0.003,1.616,-0.005,12.0
235,-0.194,1.002,0.000,-0.004,1.576,-0.005,12.0
236,-0.200,1.002,0.000,-0.005,1.537,-0.005,12.0
237,-0.206,1.002,0.000,-0.005,1.498,-0.005,12.0
238,-0.212,1.002,0.000,-0.006,1.461,-0.005,12.0
239,-0.218,1.002,0.000,-0.007,1.423,-0.005,12.0
240,-0.224,1.002,0.000,-0.007,1.386,-0.005,12.0
241,-0.230,1.002,0.000,-0.008,1.350,-0.005,12.0
242,-0.236,1.002,0.000,-0.008,1.314,-0.005,12.0
243,-0.242,1.002,0.000,-0.009,1.279,-0.005,12.0
244,-0.248,1.002,0.000,-0.009,1.245,-0.005,12.0
245,-0.254,1.002,0.000,-0.010,1.210,-0.005,12.0
246,-0.260,1.002,0.000,-0.010,1.177,-0.005,12.0
247,-0.266,1.002,0.000,-0.010,1.144,-0.005,12.0
248,-0.272,1.002,0.000,-0.011,1.111,-0.005,12.0
249,-0.278,1.002,0.000,-0.011,1.079,-0.005,12.0
250,-0.284,1.002,0.000,-0.011,1.048,-0.005,12.0
251,-0.290,1.002,0.000,-0.012,1.017,-0.005,12.0
252,-0.296,1.002,0.000,-0.012,0.986,-0.005,12.0
253,-0.302,1.002,0.000,-0.012,0.956,-0.005,12.0
254,-0.308,1.002,0.000,-0.012,0.926,-0.005,12.0
255,-0.314,1.002,0.000,-0.013,0.897,-0.005,12.0
256,-0.320,1.002,0.000,-0.013,0.869,-0.005,12.0
257,-0.326,1.002,0.000,-0.013,0.841,-0.005,12.0
258,-0.332,1.002,0.000,-0.013,0.813,-0.005,12.0
259,-0.338,1.002,0.000,-0.013,0.786,-0.005,12.0
260,-0.344,1.002,0.000,-0.013,0.759,-0.005,12.0
261,-0.350,1.002,0.000,-0.013,0.733,-0.005,12.0
262,-0.356,1.002,0.000,-0.013,0.707,-0.005,12.0
263,-0.362,1.002,0.000,-0.013,0.682,-0.005,12.0
264,-0.368,1.002,0.000,-0.013,0.657,-0.005,12.0
265,-0.374,1.002,0.000,-0.013,0.632,-0.005,12.0
266,-0.380,1.002,0.000,-0.013,0.608,-0.005,12.0
267,-0.386,1.002,0.000,-0.013,0.585,-0.005,12.0
268,-0.392,1.002,0.000,-0.013,0.562,-0.005,12.0
269,-0.398,1.002,0.000,-0.013,0.539,-0.005,12.0
270,-0.404,1.002,0.000,-0.013,0.517,-0.005,12.0
271,-0.410,1.002,0.000,-0.013,0.495,-0.005,12.0
272,-0.416,1.002,0.000,-0.013,0.473,-0.005,12.0
273,-0.422,1.002,0.000,-0.013,0.452,-0.005,12.0
274,-0.428,1.002,0.000,-0.012,0.432,-0.005,12.0
275,-0.434,1.002,0.000,-0.012,0.411,-0.005,12.0
276,-0.440,1.002,0.000,-0.012,0.391,-0.005,12.0
277,-0.446,1.002,0.000,-0.012,0.372,-0.005,12.0
278,-0.452,1.002,0.000,-0.012,0.353,-0.005,12.0
279,-0.458,1.002,0.000,-0.011,0.334,-0.005,12.0
280,-0.464,1.002,0.000,-0.011,0.316,-0.005,12.0
281,-0.470,1.002,0.000,-0.010,0.298,-0.005,12.0
282,-0.476,1.002,0.000,-0.010,0.281,-0.005,12.0
283,-0.482,1.002,0.000,-0.010,0.263,-0.005,12.0
284,-0.488,1.002,0.000,-0.011,0.245,-0.005,12.0
285,-0.494,1.002,0.000,-0.014,0.227,-0.005,12.0
286,-0.499,1.002,0.000,-0.020,0.209,-0.005,12.0
287,-0.505,1.002,0.000,-0.029,0.191,-0.005,12.0
288,-0.510,1.002,0.000,-0.042,0.173,-0.005,12.0
289,-0.515,1.002,0.000,-0.060,0.154,-0.005,12.0
290,-0.520,1.002,0.000,-0.083,0.136,-0.005,12.0
291,-0.525,1.002,0.000,-0.110,0.117,-0.005,12.0
292,-0.530,1.002,0.000,-0.143,0.099,-0.005,12.0
293,-0.535,1.002,0.000,-0.181,0.080,-0.005,12.0
294,-0.540,1.002,0.000,-0.224,0.061,-0.005,12.0
295,-0.545,1.002,0.000,-0.274,0.042,-0.005,12.0
296,-0.549,1.002,0.000,-0.330,0.023,-0.005,12.0
297,-0.554,1.002,0.000,-0.392,0.004,-0.005,12.0
298,-0.558,1.002,0.000,-0.462,-0.015,-0.006,12.0
299,-0.562,1.002,0.000,-0.538,-0.034,-0.006,12.0
300,-0.567,1.002,0.000,-0.622,-0.053,-0.006,12.0
301,-0.571,1.002,0.000,-0.714,-0.072,-0.006,12.0
302,-0.576,1.002,0.000,-0.763,-0.085,-0.007,12.0
303,-0.582,1.002,0.000,-0.728,-0.098,-0.007,12.0
304,-0.587,1.002,0.000,-0.612,-0.111,-0.007,12.0
305,-0.593,1.002,0.000,-0.419,-0.123,-0.006,12.0
306,-0.598,1.002,0.000,-0.154,-0.135,-0.006,12.0
307,-0.604,1.002,0.000,0.179,-0.147,-0.005,12.0
308,-0.607,1.002,0.000,0.524,-0.167,-0.004,12.0
309,-0.610,1.002,0.000,0.832,-0.188,-0.003,12.0
310,-0.614,1.002,0.000,1.104,-0.208,-0.001,12.0
311,-0.617,1.002,0.000,1.340,-0.228,-0.000,12.0
312,-0.620,1.002,0.000,1.541,-0.248,0.001,12.0
313,-0.623,1.002,0.000,1.706,-0.268,0.003,12.0
314,-0.626,1.002,0.000,1.835,-0.288,0.004,12.0
315,-0.629,1.002,0.000,1.930,-0.309,0.005,12.0
316,-0.632,1.002,0.000,1.991,-0.329,0.006,12.0
317,-0.635,1.002,0.000,2.018,-0.349,0.007,12.0
318,-0.638,1.002,0.000,2.014,-0.369,0.008,12.0
319,-0.641,1.002,0.000,1.978,-0.389,0.008,12.0
320,-0.644,1.002,0.000,1.909,-0.409,0.008,12.0
321,-0.647,1.002,0.000,1.807,-0.429,0.008,12.0
322,-0.649,1.001,0.000,1.670,-0.449,0.008,12.0
323,-0.652,1.001,0.000,1.498,-0.469,0.007,12.0
324,-0.654,1.001,0.000,1.293,-0.489,0.006,12.0
325,-0.657,1.001,0.000,1.054,-0.509,0.004,12.0
326,-0.659,1.001,0.000,0.787,-0.529,0.002,12.0
327,-0.662,1.001,0.000,0.493,-0.549,-0.001,12.0
328,-0.664,1.001,0.000,0.177,-0.569,-0.004,12.0
329,-0.666,1.001,0.000,-0.161,-0.589,-0.007,12.0
330,-0.669,1.001,0.000,-0.519,-0.608,-0.011,12.0
331,-0.671,1.001,0.000,-0.896,-0.628,-0.015,12.0
332,-0.673,1.001,0.000,-1.293,-0.647,-0.020,12.0
333,-0.675,1.001,0.000,-1.712,-0.667,-0.025,12.0
334,-0.678,1.001,0.000,-2.154,-0.686,-0.031,12.0
335,-0.680,1.001,0.000,-2.619,-0.705,-0.038,12.0
336,-0.682,1.002,0.000,-3.108,-0.724,-0.045,12.0
337,-0.684,1.002,0.000,-3.621,-0.743,-0.052,12.0
338,-0.686,1.002,0.000,-4.158,-0.762,-0.061,12.0
339,-0.688,1.002,0.000,-4.719,-0.781,-0.070,12.0
340,-0.689,1.002,0.000,-5.305,-0.799,-0.080,12.0
341,-0.691,1.002,0.000,-5.915,-0.817,-0.090,12.0
342,-0.693,1.002,0.000,-6.548,-0.835,-0.101,12.0
343,-0.695,1.002,0.000,-7.204,-0.853,-0.113,12.0
344,-0.697,1.003,0.000,-7.880,-0.870,-0.126,12.0
345,-0.699,1.003,0.000,-8.572,-0.887,-0.139,12.0
346,-0.700,1.003,0.000,-9.275,-0.904,-0.153,12.0
347,-0.702,1.003,0.000,-9.984,-0.920,-0.167,12.0
348,-0.704,1.004,0.000,-10.694,-0.936,-0.182,12.0
349,-0.705,1.004,0.000,-11.399,-0.952,-0.197,12.0
350,-0.707,1.004,0.000,-12.097,-0.967,-0.213,12.0
351,-0.709,1.005,0.000,-12.788,-0.982,-0.228,12.0
352,-0.710,1.005,0.000,-13.472,-0.997,-0.244,12.0
353,-0.712,1.005,0.000,-14.148,-1.012,-0.261,12.0
354,-0.713,1.006,0.000,-14.816,-1.026,-0.277,12.0
355,-0.715,1.006,0.000,-15.474,-1.040,-0.294,12.0
356,-0.716,1.007,0.000,-16.119,-1.054,-0.310,12.0
357,-0.717,1.007,0.000,-16.746,-1.068,-0.327,12.0
358,-0.719,1.007,0.000,-17.354,-1.081,-0.344,12.0
359,-0.720,1.008,0.000,-17.940,-1.095,-0.360,12.0
360,-0.721,1.008,0.000,-18.502,-1.108,-0.376,12.0
361,-0.723,1.009,0.000,-19.042,-1.121,-0.393,12.0
362,-0.724,1.009,0.000,-19.561,-1.134,-0.409,12.0
363,-0.725,1.010,0.000,-20.061,-1.147,-0.425,12.0
364,-0.726,1.010,0.000,-20.543,-1.160,-0.440,12.0
365,-0.727,1.011,0.000,-21.009,-1.173,-0.456,12.0
366,-0.728,1.011,0.000,-21.460,-1.185,-0.472,12.0
367,-0.730,1.011,0.000,-21.896,-1.198,-0.487,12.0
368,-0.731,1.012,0.000,-22.317,-1.210,-0.502,12.0
369,-0.732,1.012,0.000,-22.723,-1.222,-0.518,12.0
370,-0.733,1.013,0.000,-23.116,-1.235,-0.533,12.0
371,-0.734,1.013,0.000,-23.496,-1.247,-0.548,12.0
372,-0.735,1.014,0.000,-23.864,-1.259,-0.563,12.0
373,-0.736,1.014,0.000,-24.221,-1.271,-0.578,12.0
374,-0.737,1.014,0.000,-24.568,-1.283,-0.592,12.0
375,-0.737,1.015,0.000,-24.906,-1.295,-0.607,12.0
376,-0.738,1.015,0.000,-25.236,-1.306,-0.622,12.0
377,-0.739,1.016,0.000,-25.557,-1.318,-0.636,12.0
378,-0.740,1.016,0.000,-25.870,-1.329,-0.651,12.0
379,-0.741,1.016,0.000,-26.176,-1.341,-0.665,12.0
380,-0.742,1.017,0.000,-26.474,-1.352,-0.679,12.0
381,-0.743,1.017,0.000,-26.764,-1.364,-0.694,12.0
382,-0.743,1.018,0.000,-27.047,-1.375,-0.708,12.0
383,-0.744,1.018,0.000,-27.323,-1.386,-0.722,12.0
384,-0.745,1.018,0.000,-27.592,-1.397,-0.736,12.0
385,-0.746,1.019,0.000,-27.853,-1.408,-0.750,12.0
386,-0.746,1.019,0.000,-28.108,-1.419,-0.764,12.0
387,-0.747,1.020,0.000,-28.356,-1.430,-0.778,12.0
388,-0.748,1.020,0.000,-28.597,-1.441,-0.792,12.0
389,-0.748,1.020,0.000,-28.831,-1.452,-0.805,12.0
390,-0.749,1.021,0.000,-29.058,-1.463,-0.819,12.0
391,-0.750,1.021,0.000,-29.277,-1.473,-0.832,12.0
392,-0.750,1.021,0.000,-29.489,-1.484,-0.845,12.0
393,-0.751,1.022,0.000,-29.692,-1.495,-0.858,12.0
394,-0.751,1.022,0.000,-29.888,-1.506,-0.871,12.0
395,-0.752,1.022,0.000,-30.075,-1.516,-0.884,12.0
396,-0.753,1.023,0.000,-30.254,-1.527,-0.897,12.0
397,-0.753,1.023,0.000,-30.423,-1.538,-0.909,12.0
398,-0.754,1.023,0.000,-30.584,-1.549,-0.921,12.0
399,-0.754,1.024,0.000,-30.735,-1.559,-0.933,12.0
400,-0.755,1.024,0.000,-30.876,-1.570,-0.945,12.0
401,-0.755,1.024,0.000,-31.006,-1.581,-0.957,12.0
402,-0.756,1.025,0.000,-31.125,-1.592,-0.968,12.0
403,-0.756,1.025,0.000,-31.233,-1.604,-0.979,12.0
404,-0.757,1.025,0.000,-31.329,-1.615,-0.989,12.0
405,-0.757,1.026,0.000,-31.415,-1.626,-0.999,12.0
406,-0.758,1.026,0.000,-31.490,-1.638,-1.009,12.0
407,-0.758,1.026,0.000,-31.556,-1.650,-1.019,12.0
408,-0.759,1.026,0.000,-31.615,-1.661,-1.029,12.0
409,-0.759,1.027,0.000,-31.667,-1.673,-1.038,12.0
410,-0.759,1.027,0.000,-31.714,-1.685,-1.047,12.0
411,-0.760,1.027,0.000,-31.756,-1.697,-1.056,12.0
412,-0.760,1.027,0.000,-31.793,-1.708,-1.065,12.0
413,-0.761,1.028,0.000,-31.825,-1.720,-1.074,12.0
414,-0.761,1.028,0.000,-31.853,-1.732,-1.082,12.0
415,-0.761,1.028,0.000,-31.878,-1.744,-1.091,12.0
416,-0.762,1.028,0.000,-31.899,-1.756,-1.099,12.0
417,-0.762,1.029,0.000,-31.917,-1.768,-1.107,12.0
418,-0.763,1.029,0.000,-31.933,-1.780,-1.115,12.0
419,-0.763,1.029,0.000,-31.946,-1.792,-1.123,12.0
420,-0.763,1.029,0.000,-31.958,-1.804,-1.131,12.0
421,-0.764,1.030,0.000,-31.967,-1.816,-1.139,12.0
422,-0.764,1.030,0.000,-31.975,-1.827,-1.147,12.0
423,-0.764,1.030,0.000,-31.982,-1.839,-1.155,12.0
424,-0.765,1.030,0.000,-31.988,-1.851,-1.162,12.0
425,-0.765,1.030,0.000,-31.992,-1.863,-1.170,12.0
426,-0.765,1.031,0.000,-31.995,-1.875,-1.177,12.0
427,-0.766,1.031,0.000,-31.998,-1.886,-1.185,12.0
428,-0.766,1.031,0.000,-31.999,-1.883,-1.182,12.0
429,-0.766,1.031,0.000,-32.000,-1.870,-1.173,12.0
430,-0.766,1.031,0.000,-32.001,-1.856,-1.166,12.0
431,-0.767,1.031,0.000,-32.003,-1.843,-1.158,12.0
432,-0.767,1.032,0.000,-32.004,-1.831,-1.150,12.0
433,-0.767,1.032,0.000,-32.002,-1.818,-1.142,12.0
434,-0.768,1.032,0.000,-31.999,-1.805,-1.134,12.0
435,-0.768,1.032,0.000,-31.996,-1.793,-1.126,12.0
436,-0.768,1.032,0.000,-31.993,-1.780,-1.118,12.0
437,-0.768,1.033,0.000,-31.990,-1.768,-1.111,12.0
438,-0.769,1.033,0.000,-31.986,-1.756,-1.103,12.0
439,-0.769,1.033,0.000,-31.983,-1.744,-1.095,12.0
440,-0.769,1.033,0.000,-31.980,-1.732,-1.088,12.0
441,-0.770,1.033,0.000,-31.976,-1.721,-1.080,12.0
442,-0.770,1.034,0.000,-31.973,-1.709,-1.073,12.0
443,-0.770,1.034,0.000,-31.970,-1.698,-1.066,12.0
444,-0.770,1.034,0.000,-31.966,-1.687,-1.059,12.0
445,-0.771,1.034,0.000,-31.963,-1.676,-1.052,12.0
446,-0.771,1.034,0.000,-31.959,-1.665,-1.045,12.0
447,-0.771,1.034,0.000,-31.955,-1.654,-1.038,12.0
448,-0.772,1.035,0.000,-31.952,-1.643,-1.031,12.0
449,-0.772,1.035,0.000,-31.948,-1.632,-1.024,12.0
450,-0.772,1.035,0.000,-31.944,-1.622,-1.017,12.0
451,-0.772,1.035,0.000,-31.940,-1.611,-1.011,12.0
452,-0.772,1.035,0.000,-31.936,-1.601,-1.004,12.0
453,-0.773,1.035,0.000,-31.932,-1.591,-0.998,12.0
454,-0.773,1.035,0.000,-31.928,-1.581,-0.991,12.0
455,-0.773,1.036,0.000,-31.924,-1.571,-0.985,12.0
456,-0.773,1.036,0.000,-31.919,-1.561,-0.979,12.0
457,-0.774,1.036,0.000,-31.915,-1.552,-0.973,12.0
458,-0.774,1.036,0.000,-31.910,-1.542,-0.967,12.0
459,-0.774,1.036,0.000,-31.906,-1.533,-0.960,12.0
460,-0.774,1.036,0.000,-31.901,-1.524,-0.955,12.0
461,-0.774,1.036,0.000,-31.896,-1.514,-0.949,12.0
462,-0.775,1.037,0.000,-31.891,-1.505,-0.943,12.0
463,-0.775,1.037,0.000,-31.886,-1.496,-0.937,12.0
464,-0.775,1.037,0.000,-31.881,-1.487,-0.931,12.0
465,-0.775,1.037,0.000,-31.876,-1.479,-0.926,12.0
466,-0.775,1.037,0.000,-31.871,-1.470,-0.920,12.0
467,-0.776,1.037,0.000,-31.866,-1.462,-0.915,12.0
468,-0.776,1.037,0.000,-31.860,-1.453,-0.909,12.0
469,-0.776,1.037,0.000,-31.855,-1.445,-0.904,12.0
470,-0.776,1.037,0.000,-31.849,-1.437,-0.899,12.0
471,-0.776,1.038,0.000,-31.844,-1.428,-0.893,12.0
472,-0.776,1.038,0.000,-31.838,-1.420,-0.888,12.0
473,-0.777,1.038,0.000,-31.832,-1.412,-0.883,12.0
474,-0.777,1.038,0.000,-31.826,-1.405,-0.878,12.0
475,-0.777,1.038,0.000,-31.820,-1.397,-0.873,12.0
476,-0.777,1.038,0.000,-31.814,-1.389,-0.868,12.0
477,-0.777,1.038,0.000,-31.808,-1.382,-0.863,12.0
478,-0.777,1.038,0.000,-31.802,-1.374,-0.858,12.0
479,-0.778,1.038,0.000,-31.795,-1.367,-0.854,12.0
480,-0.778,1.038,0.000,-31.789,-1.360,-0.849,12.0
481,-0.778,1.039,0.000,-31.782,-1.352,-0.844,12.0
482,-0.778,1.039,0.000,-31.777,-1.346,-0.840,12.0
483,-0.778,1.039,0.000,-31.774,-1.340,-0.836,12.0
484,-0.778,1.039,0.000,-31.773,-1.333,-0.832,12.0
485,-0.778,1.039,0.000,-31.773,-1.327,-0.828,12.0
486,-0.778,1.039,0.000,-31.773,-1.321,-0.824,12.0
487,-0.778,1.039,0.000,-31.772,-1.315,-0.820,12.0
488,-0.778,1.039,0.000,-31.772,-1.309,-0.817,12.0
489,-0.778,1.039,0.000,-31.772,-1.303,-0.813,12.0
490,-0.778,1.039,0.000,-31.772,-1.297,-0.809,12.0
491,-0.778,1.039,0.000,-31.771,-1.291,-0.806,12.0
492,-0.778,1.039,0.000,-31.771,-1.285,-0.802,12.0
493,-0.778,1.039,0.000,-31.771,-1.279,-0.799,12.0
494,-0.778,1.039,0.000,-31.771,-1.274,-0.795,12.0
495,-0.778,1.039,0.000,-31.771,-1.268,-0.792,12.0
496,-0.778,1.039,0.000,-31.770,-1.263,-0.788,12.0
497,-0.778,1.039,0.000,-31.770,-1.257,-0.785,12.0
498,-0.778,1.039,0.000,-31.770,-1.252,-0.781,12.0
499,-0.778,1.039,0.000,-31.770,-1.246,-0.778,12.0
500,-0.778,1.039,0.000,-31.770,-1.241,-0.775,12.0
501,-0.778,1.039,0.000,-31.769,-1.236,-0.772,12.0
502,-0.778,1.039,0.000,-31.769,-1.231,-0.769,12.0
503,-0.778,1.039,0.000,-31.769,-1.226,-0.765,12.0
504,-0.778,1.039,0.000,-31.769,-1.221,-0.762,12.0
505,-0.778,1.039,0.000,-31.769,-1.216,-0.759,12.0
506,-0.778,1.039,0.000,-31.768,-1.211,-0.756,12.0
507,-0.778,1.039,0.000,-31.768,-1.206,-0.753,12.0
508,-0.778,1.039,0.000,-31.768,-1.202,-0.750,12.0
509,-0.778,1.039,0.000,-31.768,-1.197,-0.747,12.0
510,-0.778,1.039,0.000,-31.768,-1.192,-0.745,12.0
511,-0.778,1.039,0.000,-31.767,-1.188,-0.742,12.0
512,-0.778,1.039,0.000,-31.767,-1.183,-0.739,12.0
513,-0.778,1.039,0.000,-31.767,-1.179,-0.736,12.0
514,-0.778,1.039,0.000,-31.767,-1.174,-0.734,12.0
515,-0.778,1.039,0.000,-31.767,-1.170,-0.731,12.0
516,-0.778,1.039,0.000,-31.766,-1.166,-0.728,12.0
517,-0.778,1.039,0.000,-31.766,-1.162,-0.726,12.0
518,-0.778,1.039,0.000,-31.766,-1.158,-0.723,12.0
519,-0.778,1.039,0.000,-31.766,-1.153,-0.720,12.0
520,-0.778,1.039,0.000,-31.766,-1.149,-0.718,12.0
521,-0.778,1.039,0.000,-31.766,-1.145,-0.716,12.0
522,-0.778,1.039,0.000,-31.765,-1.141,-0.713,12.0
523,-0.778,1.039,0.000,-31.765,-1.138,-0.711,12.0
524,-0.778,1.039,0.000,-31.765,-1.134,-0.708,12.0
525,-0.778,1.039,0.000,-31.765,-1.130,-0.706,12.0
526,-0.778,1.039,0.000,-31.765,-1.126,-0.704,12.0
527,-0.778,1.039,0.000,-31.764,-1.123,-0.701,12.0
528,-0.778,1.039,0.000,-31.764,-1.119,-0.699,12.0
529,-0.778,1.039,0.000,-31.764,-1.115,-0.697,12.0
530,-0.778,1.039,0.000,-31.764,-1.112,-0.695,12.0
531,-0.778,1.039,0.000,-31.764,-1.108,-0.693,12.0
532,-0.778,1.039,0.000,-31.757,-1.104,-0.690,12.0
533,-0.778,1.039,0.000,-31.736,-1.101,-0.687,12.0
534,-0.778,1.039,0.000,-31.715,-1.098,-0.685,12.0
535,-0.778,1.039,0.000,-31.705,-1.094,-0.682,12.0
536,-0.778,1.039,0.000,-31.701,-1.091,-0.680,12.0
537,-0.778,1.039,0.000,-31.700,-1.088,-0.678,12.0
538,-0.778,1.039,0.000,-31.700,-1.085,-0.676,12.0
539,-0.778,1.039,0.000,-31.699,-1.082,-0.674,12.0
540,-0.778,1.039,0.000,-31.699,-1.079,-0.673,12.0
541,-0.778,1.039,0.000,-31.699,-1.076,-0.671,12.0
542,-0.778,1.039,0.000,-31.699,-1.073,-0.669,12.0
543,-0.778,1.039,0.000,-31.699,-1.070,-0.667,12.0
544,-0.778,1.039,0.000,-31.698,-1.067,-0.665,12.0
545,-0.778,1.039,0.000,-31.698,-1.064,-0.664,12.0
546,-0.778,1.039,0.000,-31.698,-1.061,-0.662,12.0
547,-0.778,1.039,0.000,-31.698,-1.059,-0.660,12.0
548,-0.778,1.039,0.000,-31.698,-1.056,-0.658,12.0
549,-0.778,1.039,0.000,-31.698,-1.053,-0.657,12.0
550,-0.778,1.039,0.000,-31.697,-1.051,-0.655,12.0
551,-0.778,1.039,0.000,-31.697,-1.048,-0.654,12.0
552,-0.778,1.039,0.000,-31.697,-1.046,-0.652,12.0
553,-0.778,1.039,0.000,-31.697,-1.043,-0.650,12.0
554,-0.778,1.039,0.000,-31.697,-1.041,-0.649,12.0
555,-0.778,1.039,0.000,-31.697,-1.038,-0.647,12.0
556,-0.778,1.039,0.000,-31.696,-1.036,-0.646,12.0
557,-0.778,1.039,0.000,-31.696,-1.034,-0.645,12.0
558,-0.778,1.039,0.000,-31.696,-1.031,-0.643,12.0
559,-0.778,1.039,0.000,-31.696,-1.029,-0.642,12.0
560,-0.778,1.039,0.000,-31.696,-1.027,-0.640,12.0
561,-0.778,1.039,0.000,-31.696,-1.025,-0.639,12.0
562,-0.778,1.039,0.000,-31.695,-1.022,-0.638,12.0
563,-0.778,1.039,0.000,-31.695,-1.020,-0.636,12.0
564,-0.778,1.039,0.000,-31.695,-1.018,-0.635,12.0
565,-0.778,1.039,0.000,-31.695,-1.016,-0.634,12.0
566,-0.778,1.039,0.000,-31.695,-1.014,-0.633,12.0
567,-0.778,1.039,0.000,-31.695,-1.012,-0.631,12.0
568,-0.778,1.039,0.000,-31.695,-1.010,-0.630,12.0
569,-0.778,1.039,0.000,-31.694,-1.008,-0.629,12.0
570,-0.778,1.039,0.000,-31.694,-1.006,-0.628,12.0
571,-0.778,1.039,0.000,-31.694,-1.005,-0.627,12.0
572,-0.778,1.039,0.000,-31.694,-1.003,-0.626,12.0
573,-0.778,1.039,0.000,-31.694,-1.001,-0.624,12.0
574,-0.778,1.039,0.000,-31.694,-0.999,-0.623,12.0
575,-0.778,1.039,0.000,-31.693,-0.998,-0.622,12.0
576,-0.778,1.039,0.000,-31.693,-0.996,-0.621,12.0
577,-0.778,1.039,0.000,-31.693,-0.994,-0.620,12.0
578,-0.778,1.039,0.000,-31.693,-0.993,-0.619,12.0
579,-0.778,1.039,0.000,-31.693,-0.991,-0.618,12.0
580,-0.778,1.039,0.000,-31.693,-0.990,-0.617,12.0
581,-0.778,1.039,0.000,-31.693,-0.988,-0.616,12.0
582,-0.778,1.039,0.000,-31.692,-0.987,-0.615,12.0
583,-0.778,1.039,0.000,-31.692,-0.985,-0.615,12.0
584,-0.778,1.039,0.000,-31.692,-0.984,-0.614,12.0
585,-0.778,1.039,0.000,-31.692,-0.982,-0.613,12.0
586,-0.778,1.039,0.000,-31.692,-0.981,-0.612,12.0
587,-0.778,1.039,0.000,-31.692,-0.980,-0.611,12.0
588,-0.778,1.039,0.000,-31.692,-0.978,-0.610,12.0
589,-0.778,1.039,0.000,-31.691,-0.977,-0.610,12.0
590,-0.778,1.039,0.000,-31.691,-0.976,-0.609,12.0
591,-0.778,1.039,0.000,-31.691,-0.975,-0.608,12.0
592,-0.778,1.039,0.000,-31.691,-0.974,-0.607,12.0
593,-0.778,1.039,0.000,-31.691,-0.972,-0.607,12.0
594,-0.778,1.039,0.000,-31.691,-0.971,-0.606,12.0
595,-0.778,1.039,0.000,-31.690,-0.970,-0.605,12.0
596,-0.778,1.039,0.000,-31.690,-0.969,-0.605,12.0
597,-0.778,1.039,0.000,-31.690,-0.968,-0.604,12.0
598,-0.778,1.039,0.000,-31.690,-0.967,-0.603,12.0
599,-0.778,1.039,0.000,-31.690,-0.966,-0.603,12.0
600,-0.778,1.039,0.000,-31.690,-0.965,-0.602,12.0
601,-0.778,1.039,0.000,-31.690,-0.964,-0.602,12.0
602,-0.778,1.039,0.000,-31.689,-0.963,-0.601,12.0
603,-0.778,1.039,0.000,-31.689,-0.962,-0.600,12.0
604,-0.778,1.039,0.000,-31.689,-0.961,-0.600,12.0
605,-0.778,1.039,0.000,-31.689,-0.961,-0.599,12.0
606,-0.778,1.039,0.000,-31.689,-0.960,-0.599,12.0
607,-0.778,1.039,0.000,-31.689,-0.959,-0.598,12.0
608,-0.778,1.039,0.000,-31.689,-0.958,-0.598,12.0
609,-0.778,1.039,0.000,-31.688,-0.958,-0.597,12.0
610,-0.778,1.039,0.000,-31.688,-0.957,-0.597,12.0
611,-0.778,1.039,0.000,-31.688,-0.956,-0.597,12.0
612,-0.778,1.039,0.000,-31.688,-0.955,-0.596,12.0
613,-0.778,1.039,0.000,-31.688,-0.955,-0.596,12.0
614,-0.778,1.039,0.000,-31.688,-0.954,-0.595,12.0
615,-0.778,1.039,0.000,-31.688,-0.954,-0.595,12.0
616,-0.778,1.039,0.000,-31.688,-0.953,-0.595,12.0
617,-0.778,1.039,0.000,-31.687,-0.952,-0.594,12.0
618,-0.778,1.039,0.000,-31.687,-0.952,-0.594,12.0
619,-0.778,1.039,0.000,-31.687,-0.951,-0.594,12.0
620,-0.778,1.039,0.000,-31.687,-0.951,-0.593,12.0
621,-0.778,1.039,0.000,-31.687,-0.951,-0.593,12.0
622,-0.778,1.039,0.000,-31.687,-0.950,-0.593,12.0
623,-0.778,1.039,0.000,-31.687,-0.950,-0.593,12.0
624,-0.778,1.039,0.000,-31.686,-0.949,-0.592,12.0
625,-0.778,1.039,0.000,-31.686,-0.949,-0.592,12.0
626,-0.778,1.039,0.000,-31.686,-0.949,-0.592,12.0
627,-0.778,1.039,0.000,-31.686,-0.948,-0.592,12.0
628,-0.778,1.039,0.000,-31.686,-0.948,-0.591,12.0
629,-0.778,1.039,0.000,-31.686,-0.948,-0.591,12.0
630,-0.778,1.039,0.000,-31.686,-0.947,-0.591,12.0
631,-0.778,1.039,0.000,-31.685,-0.947,-0.591,12.0
632,-0.778,1.039,0.000,-31.685,-0.947,-0.591,12.0
633,-0.778,1.039,0.000,-31.685,-0.947,-0.591,12.0
634,-0.778,1.039,0.000,-31.685,-0.946,-0.591,12.0
635,-0.778,1.039,0.000,-31.685,-0.946,-0.590,12.0
636,-0.778,1.039,0.000,-31.685,-0.946,-0.590,12.0
637,-0.778,1.039,0.000,-31.685,-0.946,-0.590,12.0
638,-0.778,1.039,0.000,-31.684,-0.946,-0.590,12.0
639,-0.778,1.039,0.000,-31.684,-0.946,-0.590,12.0
640,-0.778,1.039,0.000,-31.684,-0.946,-0.590,12.0
641,-0.778,1.039,0.000,-31.684,-0.946,-0.590,12.0
642,-0.778,1.039,0.000,-31.684,-0.946,-0.590,12.0
643,-0.778,1.039,0.000,-31.684,-0.946,-0.590,12.0
644,-0.778,1.039,0.000,-31.684,-0.946,-0.590,12.0
645,-0.778,1.039,0.000,-31.684,-0.946,-0.590,12.0
646,-0.778,1.039,0.000,-31.683,-0.946,-0.590,12.0
647,-0.778,1.039,0.000,-31.683,-0.946,-0.590,12.0
648,-0.778,1.039,0.000,-31.683,-0.946,-0.590,12.0
649,-0.778,1.039,0.000,-31.683,-0.946,-0.590,12.0
650,-0.778,1.039,0.000,-31.683,-0.946,-0.590,12.0
651,-0.778,1.039,0.000,-31.683,-0.946,-0.590,12.0
652,-0.778,1.039,0.000,-31.683,-0.946,-0.590,12.0
653,-0.778,1.039,0.000,-31.682,-0.946,-0.590,12.0
654,-0.778,1.039,0.000,-31.682,-0.947,-0.591,12.0
655,-0.778,1.039,0.000,-31.682,-0.947,-0.591,12.0
656,-0.778,1.039,0.000,-31.682,-0.947,-0.591,12.0
657,-0.778,1.039,0.000,-31.682,-0.947,-0.591,12.0
658,-0.778,1.039,0.000,-31.682,-0.947,-0.591,12.0
659,-0.778,1.039,0.000,-31.682,-0.948,-0.591,12.0
660,-0.778,1.039,0.000,-31.682,-0.948,-0.591,12.0
661,-0.778,1.039,0.000,-31.681,-0.948,-0.592,12.0
662,-0.778,1.039,0.000,-31.681,-0.949,-0.592,12.0
663,-0.778,1.039,0.000,-31.681,-0.949,-0.592,12.0
664,-0.778,1.039,0.000,-31.681,-0.949,-0.592,12.0
665,-0.778,1.039,0.000,-31.681,-0.950,-0.592,12.0
666,-0.778,1.039,0.000,-31.681,-0.950,-0.593,12.0
667,-0.778,1.039,0.000,-31.681,-0.950,-0.593,12.0
668,-0.778,1.039,0.000,-31.680,-0.951,-0.593,12.0
669,-0.778,1.039,0.000,-31.680,-0.951,-0.593,12.0
670,-0.778,1.039,0.000,-31.680,-0.952,-0.594,12.0
671,-0.778,1.039,0.000,-31.680,-0.952,-0.594,12.0
672,-0.778,1.039,0.000,-31.680,-0.952,-0.594,12.0
673,-0.778,1.039,0.000,-31.680,-0.953,-0.594,12.0
674,-0.778,1.039,0.000,-31.680,-0.953,-0.595,12.0
675,-0.778,1.039,0.000,-31.680,-0.954,-0.595,12.0
676,-0.778,1.039,0.000,-31.679,-0.954,-0.595,12.0
677,-0.778,1.039,0.000,-31.679,-0.955,-0.596,12.0
678,-0.778,1.039,0.000,-31.679,-0.955,-0.596,12.0
679,-0.778,1.039,0.000,-31.679,-0.956,-0.596,12.0
680,-0.778,1.039,0.000,-31.679,-0.957,-0.597,12.0
681,-0.778,1.039,0.000,-31.679,-0.957,-0.597,12.0
682,-0.778,1.039,0.000,-31.679,-0.958,-0.597,12.0
683,-0.778,1.039,0.000,-31.679,-0.958,-0.598,12.0
684,-0.778,1.039,0.000,-31.678,-0.959,-0.598,12.0
685,-0.778,1.039,0.000,-31.678,-0.960,-0.599,12.0
686,-0.778,1.039,0.000,-31.678,-0.960,-0.599,12.0
687,-0.778,1.039,0.000,-31.678,-0.961,-0.599,12.0
688,-0.778,1.039,0.000,-31.678,-0.962,-0.600,12.0
689,-0.778,1.039,0.000,-31.678,-0.962,-0.600,12.0
690,-0.778,1.039,0.000,-31.678,-0.963,-0.601,12.0
691,-0.778,1.039,0.000,-31.678,-0.964,-0.601,12.0
692,-0.778,1.039,0.000,-31.677,-0.964,-0.601,12.0
693,-0.778,1.039,0.000,-31.677,-0.965,-0.602,12.0
694,-0.778,1.039,0.000,-31.677,-0.966,-0.602,12.0
695,-0.778,1.039,0.000,-31.677,-0.967,-0.603,12.0
696,-0.778,1.039,0.000,-31.677,-0.968,-0.603,12.0
697,-0.778,1.039,0.000,-31.677,-0.968,-0.604,12.0
698,-0.778,1.039,0.000,-31.677,-0.969,-0.604,12.0
699,-0.778,1.039,0.000,-31.677,-0.970,-0.605,12.0
700,-0.778,1.039,0.000,-31.676,-0.971,-0.605,12.0
701,-0.778,1.039,0.000,-31.676,-0.972,-0.606,12.0
702,-0.778,1.039,0.000,-31.676,-0.972,-0.606,12.0
703,-0.778,1.039,0.000,-31.676,-0.973,-0.607,12.0
704,-0.778,1.039,0.000,-31.676,-0.974,-0.607,12.0
705,-0.778,1.039,0.000,-31.676,-0.975,-0.608,12.0
706,-0.778,1.039,0.000,-31.676,-0.976,-0.609,12.0
707,-0.778,1.039,0.000,-31.676,-0.977,-0.609,12.0
708,-0.778,1.039,0.000,-31.675,-0.978,-0.610,12.0
709,-0.778,1.039,0.000,-31.675,-0.979,-0.610,12.0
710,-0.778,1.039,0.000,-31.675,-0.980,-0.611,12.0
711,-0.778,1.039,0.000,-31.675,-0.981,-0.611,12.0
712,-0.778,1.039,0.000,-31.675,-0.982,-0.612,12.0
713,-0.778,1.039,0.000,-31.675,-0.983,-0.613,12.0
714,-0.778,1.039,0.000,-31.675,-0.984,-0.613,12.0
715,-0.778,1.039,0.000,-31.675,-0.985,-0.614,12.0
716,-0.778,1.039,0.000,-31.674,-0.986,-0.614,12.0
717,-0.778,1.039,0.000,-31.674,-0.987,-0.615,12.0
718,-0.778,1.039,0.000,-31.674,-0.988,-0.616,12.0
719,-0.778,1.039,0.000,-31.674,-0.989,-0.616,12.0
720,-0.778,1.039,0.000,-31.674,-0.990,-0.617,12.0
721,-0.778,1.039,0.000,-31.674,-0.991,-0.618,12.0
722,-0.778,1.039,0.000,-31.674,-0.992,-0.618,12.0
723,-0.778,1.039,0.000,-31.674,-0.993,-0.619,12.0
724,-0.778,1.039,0.000,-31.673,-0.994,-0.620,12.0
725,-0.778,1.039,0.000,-31.673,-0.995,-0.620,12.0
726,-0.778,1.039,0.000,-31.673,-0.996,-0.621,12.0
727,-0.778,1.039,0.000,-31.673,-0.997,-0.622,12.0
728,-0.778,1.039,0.000,-31.673,-0.999,-0.622,12.0
729,-0.778,1.039,0.000,-31.673,-1.000,-0.623,12.0
730,-0.778,1.039,0.000,-31.673,-1.001,-0.624,12.0
731,-0.778,1.039,0.000,-31.673,-1.002,-0.624,12.0
732,-0.778,1.039,0.000,-31.672,-1.003,-0.625,12.0
733,-0.778,1.039,0.000,-31.672,-1.004,-0.626,12.0
734,-0.778,1.039,0.000,-31.672,-1.006,-0.627,12.0
735,-0.778,1.039,0.000,-31.672,-1.007,-0.627,12.0
736,-0.778,1.039,0.000,-31.672,-1.008,-0.628,12.0
737,-0.778,1.039,0.000,-31.672,-1.009,-0.629,12.0
738,-0.778,1.039,0.000,-31.672,-1.010,-0.630,12.0
739,-0.778,1.039,0.000,-31.672,-1.012,-0.630,12.0
740,-0.778,1.039,0.000,-31.671,-1.013,-0.631,12.0
741,-0.778,1.039,0.000,-31.671,-1.014,-0.632,12.0
742,-0.778,1.039,0.000,-31.671,-1.015,-0.633,12.0
743,-0.778,1.039,0.000,-31.671,-1.017,-0.634,12.0
744,-0.778,1.039,0.000,-31.671,-1.018,-0.634,12.0
745,-0.778,1.039,0.000,-31.671,-1.019,-0.635,12.0
746,-0.778,1.039,0.000,-31.671,-1.021,-0.636,12.0
747,-0.778,1.039,0.000,-31.671,-1.022,-0.637,12.0
748,-0.778,1.039,0.000,-31.671,-1.023,-0.638,12.0
749,-0.778,1.039,0.000,-31.670,-1.025,-0.638,12.0
750,-0.778,1.039,0.000,-31.670,-1.026,-0.639,12.0
751,-0.778,1.039,0.000,-31.670,-1.027,-0.640,12.0
752,-0.778,1.039,0.000,-31.670,-1.029,-0.641,12.0
753,-0.778,1.039,0.000,-31.670,-1.030,-0.642,12.0
754,-0.778,1.039,0.000,-31.670,-1.031,-0.643,12.0
755,-0.778,1.039,0.000,-31.670,-1.033,-0.643,12.0
756,-0.778,1.039,0.000,-31.670,-1.034,-0.644,12.0
757,-0.778,1.039,0.000,-31.669,-1.036,-0.645,12.0
758,-0.778,1.039,0.000,-31.669,-1.037,-0.646,12.0
759,-0.778,1.039,0.000,-31.669,-1.038,-0.647,12.0
760,-0.778,1.039,0.000,-31.669,-1.040,-0.648,12.0
761,-0.778,1.039,0.000,-31.669,-1.041,-0.649,12.0
762,-0.778,1.039,0.000,-31.669,-1.043,-0.650,12.0
763,-0.778,1.039,0.000,-31.669,-1.044,-0.650,12.0
764,-0.778,1.039,0.000,-31.669,-1.046,-0.651,12.0
765,-0.778,1.039,0.000,-31.669,-1.047,-0.652,12.0
766,-0.778,1.039,0.000,-31.668,-1.049,-0.653,12.0
767,-0.778,1.039,0.000,-31.668,-1.050,-0.654,12.0
768,-0.778,1.039,0.000,-31.668,-1.052,-0.655,12.0
769,-0.778,1.039,0.000,-31.668,-1.053,-0.656,12.0
770,-0.778,1.039,0.000,-31.668,-1.055,-0.657,12.0
771,-0.778,1.039,0.000,-31.668,-1.056,-0.658,12.0
772,-0.778,1.039,0.000,-31.668,-1.058,-0.659,12.0
773,-0.778,1.039,0.000,-31.668,-1.059,-0.660,12.0
774,-0.778,1.039,0.000,-31.667,-1.061,-0.661,12.0
775,-0.778,1.039,0.000,-31.667,-1.062,-0.662,12.0
776,-0.778,1.039,0.000,-31.667,-1.064,-0.663,12.0
777,-0.778,1.039,0.000,-31.667,-1.065,-0.663,12.0
778,-0.778,1.039,0.000,-31.667,-1.067,-0.664,12.0
779,-0.778,1.039,0.000,-31.667,-1.069,-0.665,12.0
780,-0.778,1.039,0.000,-31.667,-1.070,-0.666,12.0
781,-0.778,1.039,0.000,-31.667,-1.072,-0.667,12.0
782,-0.778,1.039,0.000,-31.667,-1.073,-0.668,12.0
783,-0.778,1.039,0.000,-31.666,-1.075,-0.669,12.0
784,-0.778,1.039,0.000,-31.666,-1.077,-0.670,12.0
785,-0.778,1.039,0.000,-31.666,-1.078,-0.671,12.0
786,-0.778,1.039,0.000,-31.666,-1.080,-0.672,12.0
787,-0.778,1.039,0.000,-31.666,-1.082,-0.673,12.0
788,-0.778,1.039,0.000,-31.666,-1.083,-0.674,12.0
789,-0.778,1.039,0.000,-31.666,-1.085,-0.675,12.0
790,-0.778,1.039,0.000,-31.666,-1.087,-0.676,12.0
791,-0.778,1.039,0.000,-31.665,-1.088,-0.677,12.0
792,-0.778,1.039,0.000,-31.665,-1.090,-0.679,12.0
793,-0.778,1.039,0.000,-31.665,-1.092,-0.680,12.0
794,-0.778,1.039,0.000,-31.665,-1.093,-0.681,12.0
795,-0.778,1.039,0.000,-31.665,-1.095,-0.682,12.0
796,-0.778,1.039,0.000,-31.665,-1.097,-0.683,12.0
797,-0.778,1.039,0.000,-31.665,-1.098,-0.684,13.0
798,-0.773,1.037,0.000,-31.228,-1.124,-0.688,13.0
799,-0.773,1.037,0.000,-30.324,-1.137,-0.671,12.0
800,-0.773,1.036,0.000,-29.854,-1.145,-0.663,12.0
801,-0.773,1.036,0.000,-29.664,-1.149,-0.661,12.0
802,-0.773,1.036,0.000,-29.670,-1.151,-0.662,12.0
803,-0.773,1.036,0.000,-29.881,-1.150,-0.667,12.0
804,-0.774,1.036,0.000,-30.169,-1.147,-0.673,12.0
805,-0.774,1.036,0.000,-30.457,-1.145,-0.679,12.0
806,-0.774,1.037,0.000,-30.709,-1.142,-0.685,12.0
807,-0.774,1.037,0.000,-30.909,-1.141,-0.689,12.0
808,-0.774,1.037,0.000,-31.054,-1.140,-0.693,-1
809,-0.769,1.034,0.000,-31.355,-1.161,-0.714,12.0
810,-0.770,1.034,0.000,-31.853,-1.155,-0.724,12.0
811,-0.770,1.034,0.000,-32.098,-1.152,-0.729,12.0
812,-0.770,1.034,0.000,-32.172,-1.152,-0.731,12.0
813,-0.771,1.035,0.000,-32.147,-1.153,-0.731,12.0
814,-0.771,1.035,0.000,-32.064,-1.154,-0.729,12.0
815,-0.771,1.035,0.000,-31.951,-1.157,-0.728,12.0
816,-0.771,1.035,0.000,-31.822,-1.159,-0.726,12.0
817,-0.772,1.035,0.000,-31.689,-1.161,-0.723,12.0
818,-0.772,1.035,0.000,-31.557,-1.164,-0.721,12.0
819,-0.772,1.035,0.000,-31.430,-1.166,-0.719,12.0
820,-0.772,1.036,0.000,-31.310,-1.169,-0.717,12.0
821,-0.772,1.036,0.000,-31.198,-1.171,-0.715,12.0
822,-0.773,1.036,0.000,-31.093,-1.173,-0.714,12.0
823,-0.773,1.036,0.000,-30.997,-1.176,-0.712,12.0
824,-0.773,1.036,0.000,-30.908,-1.178,-0.711,12.0
825,-0.773,1.036,0.000,-30.827,-1.180,-0.710,12.0
826,-0.773,1.036,0.000,-30.753,-1.182,-0.709,12.0
827,-0.774,1.036,0.000,-30.686,-1.183,-0.708,12.0
828,-0.774,1.037,0.000,-30.624,-1.185,-0.708,12.0
829,-0.774,1.037,0.000,-30.568,-1.187,-0.707,12.0
830,-0.774,1.037,0.000,-30.518,-1.189,-0.707,12.0
831,-0.774,1.037,0.000,-30.472,-1.190,-0.707,12.0
832,-0.775,1.037,0.000,-30.431,-1.192,-0.706,12.0
833,-0.775,1.037,0.000,-30.393,-1.194,-0.706,12.0
834,-0.775,1.037,0.000,-30.359,-1.195,-0.706,12.0
835,-0.775,1.037,0.000,-30.328,-1.197,-0.706,12.0
836,-0.775,1.037,0.000,-30.300,-1.198,-0.706,12.0
837,-0.776,1.038,0.000,-30.275,-1.200,-0.707,12.0
838,-0.776,1.038,0.000,-30.252,-1.202,-0.707,12.0
839,-0.776,1.038,0.000,-30.231,-1.203,-0.707,12.0
840,-0.776,1.038,0.000,-30.212,-1.205,-0.708,12.0
841,-0.776,1.038,0.000,-30.194,-1.206,-0.708,12.0
842,-0.776,1.038,0.000,-30.178,-1.208,-0.708,12.0
843,-0.777,1.038,0.000,-30.163,-1.209,-0.709,12.0
844,-0.777,1.038,0.000,-30.150,-1.211,-0.709,12.0
845,-0.777,1.038,0.000,-30.137,-1.212,-0.710,12.0
846,-0.777,1.038,0.000,-30.125,-1.214,-0.711,12.0
847,-0.777,1.039,0.000,-30.114,-1.215,-0.711,12.0
848,-0.777,1.039,0.000,-30.106,-1.218,-0.712,12.0
849,-0.777,1.039,0.000,-30.102,-1.220,-0.713,12.0
850,-0.777,1.039,0.000,-30.100,-1.222,-0.715,12.0
851,-0.777,1.039,0.000,-30.100,-1.224,-0.716,12.0
852,-0.777,1.039,0.000,-30.099,-1.226,-0.717,12.0
853,-0.777,1.039,0.000,-30.099,-1.228,-0.718,12.0
854,-0.777,1.039,0.000,-30.099,-1.231,-0.719,12.0
855,-0.777,1.039,0.000,-30.099,-1.233,-0.721,12.0
856,-0.777,1.039,0.000,-30.099,-1.235,-0.722,12.0
857,-0.777,1.039,0.000,-30.099,-1.237,-0.723,12.0
858,-0.777,1.039,0.000,-30.098,-1.239,-0.724,12.0
859,-0.777,1.039,0.000,-30.098,-1.241,-0.726,12.0
860,-0.777,1.039,0.000,-30.098,-1.244,-0.727,12.0
861,-0.777,1.039,0.000,-30.098,-1.246,-0.728,12.0
862,-0.777,1.039,0.000,-30.098,-1.248,-0.730,12.0
863,-0.777,1.039,0.000,-30.098,-1.250,-0.731,12.0
864,-0.777,1.039,0.000,-30.098,-1.252,-0.732,12.0
865,-0.777,1.039,0.000,-30.098,-1.255,-0.733,12.0
866,-0.777,1.039,0.000,-30.097,-1.257,-0.735,12.0
867,-0.777,1.039,0.000,-30.097,-1.259,-0.736,12.0
868,-0.777,1.039,0.000,-30.097,-1.261,-0.737,12.0
869,-0.777,1.039,0.000,-30.097,-1.264,-0.738,12.0
870,-0.777,1.039,0.000,-30.097,-1.266,-0.740,12.0
871,-0.777,1.039,0.000,-30.097,-1.268,-0.741,12.0
872,-0.777,1.039,0.000,-30.097,-1.270,-0.742,12.0
873,-0.777,1.039,0.000,-30.097,-1.273,-0.744,12.0
874,-0.777,1.039,0.000,-30.096,-1.275,-0.745,12.0
875,-0.777,1.039,0.000,-30.096,-1.277,-0.746,12.0
876,-0.777,1.039,0.000,-30.096,-1.279,-0.748,12.0
877,-0.777,1.039,0.000,-30.096,-1.282,-0.749,12.0
878,-0.777,1.039,0.000,-30.096,-1.284,-0.750,12.0
879,-0.777,1.039,0.000,-30.096,-1.286,-0.752,12.0
880,-0.777,1.039,0.000,-30.096,-1.289,-0.753,12.0
881,-0.777,1.039,0.000,-30.096,-1.291,-0.754,12.0
882,-0.777,1.039,0.000,-30.095,-1.293,-0.756,12.0
883,-0.777,1.039,0.000,-30.095,-1.296,-0.757,12.0
884,-0.777,1.039,0.000,-30.095,-1.298,-0.758,12.0
885,-0.777,1.039,0.000,-30.095,-1.300,-0.760,12.0
886,-0.777,1.039,0.000,-30.095,-1.303,-0.761,12.0
887,-0.777,1.039,0.000,-30.095,-1.305,-0.762,12.0
888,-0.777,1.039,0.000,-30.095,-1.307,-0.764,12.0
889,-0.777,1.039,0.000,-30.095,-1.310,-0.765,12.0
890,-0.777,1.039,0.000,-30.094,-1.312,-0.767,12.0
891,-0.777,1.039,0.000,-30.094,-1.314,-0.768,12.0
892,-0.777,1.039,0.000,-30.094,-1.317,-0.769,12.0
893,-0.777,1.039,0.000,-30.094,-1.319,-0.771,12.0
894,-0.777,1.039,0.000,-30.094,-1.322,-0.772,12.0
895,-0.777,1.039,0.000,-30.094,-1.324,-0.773,12.0
896,-0.777,1.039,0.000,-30.094,-1.326,-0.775,12.0
897,-0.777,1.039,0.000,-30.094,-1.329,-0.776,12.0
898,-0.777,1.039,0.000,-30.094,-1.331,-0.778,12.0
899,-0.777,1.039,0.000,-30.093,-1.334,-0.779,12.0
900,-0.777,1.039,0.000,-30.093,-1.336,-0.780,12.0
901,-0.777,1.039,0.000,-30.093,-1.338,-0.782,12.0
902,-0.777,1.039,0.000,-30.093,-1.341,-0.783,12.0
903,-0.777,1.039,0.000,-30.093,-1.343,-0.785,12.0
904,-0.777,1.039,0.000,-30.093,-1.346,-0.786,12.0
905,-0.777,1.039,0.000,-30.093,-1.348,-0.787,12.0
906,-0.777,1.039,0.000,-30.093,-1.351,-0.789,12.0
907,-0.777,1.039,0.000,-30.092,-1.353,-0.790,12.0
908,-0.777,1.039,0.000,-30.092,-1.356,-0.792,12.0
909,-0.777,1.039,0.000,-30.092,-1.358,-0.793,12.0
910,-0.777,1.039,0.000,-30.092,-1.361,-0.795,12.0
911,-0.777,1.039,0.000,-30.092,-1.363,-0.796,12.0
912,-0.777,1.039,0.000,-30.092,-1.366,-0.798,12.0
913,-0.777,1.039,0.000,-30.092,-1.368,-0.799,12.0
914,-0.777,1.039,0.000,-30.092,-1.371,-0.800,12.0
915,-0.777,1.039,0.000,-30.091,-1.373,-0.802,12.0
916,-0.777,1.039,0.000,-30.091,-1.376,-0.803,12.0
917,-0.777,1.039,0.000,-30.091,-1.378,-0.805,12.0
918,-0.777,1.039,0.000,-30.091,-1.381,-0.806,12.0
919,-0.777,1.039,0.000,-30.091,-1.383,-0.808,12.0
920,-0.777,1.039,0.000,-30.091,-1.386,-0.809,12.0
921,-0.777,1.039,0.000,-30.091,-1.389,-0.811,12.0
922,-0.777,1.039,0.000,-30.091,-1.391,-0.812,12.0
923,-0.777,1.039,0.000,-30.091,-1.394,-0.814,12.0
924,-0.777,1.039,0.000,-30.090,-1.396,-0.815,12.0
925,-0.777,1.039,0.000,-30.090,-1.399,-0.817,12.0
926,-0.777,1.039,0.000,-30.090,-1.401,-0.818,12.0
927,-0.777,1.039,0.000,-30.090,-1.404,-0.820,12.0
928,-0.777,1.039,0.000,-30.090,-1.407,-0.821,12.0
929,-0.777,1.039,0.000,-30.090,-1.409,-0.823,12.0
930,-0.777,1.039,0.000,-30.090,-1.412,-0.824,12.0
931,-0.777,1.039,0.000,-30.090,-1.415,-0.826,12.0
932,-0.777,1.039,0.000,-30.090,-1.417,-0.827,12.0
933,-0.777,1.039,0.000,-30.089,-1.420,-0.829,12.0
934,-0.777,1.039,0.000,-30.089,-1.422,-0.830,12.0
935,-0.777,1.039,0.000,-30.089,-1.425,-0.832,12.0
936,-0.777,1.039,0.000,-30.089,-1.428,-0.833,12.0
937,-0.777,1.039,0.000,-30.089,-1.430,-0.835,12.0
938,-0.777,1.039,0.000,-30.089,-1.433,-0.836,12.0
939,-0.777,1.039,0.000,-30.089,-1.436,-0.838,12.0
940,-0.777,1.039,0.000,-30.089,-1.438,-0.840,12.0
941,-0.777,1.039,0.000,-30.088,-1.441,-0.841,12.0
942,-0.777,1.039,0.000,-30.088,-1.444,-0.843,12.0
943,-0.777,1.039,0.000,-30.088,-1.446,-0.844,12.0
944,-0.777,1.039,0.000,-30.088,-1.449,-0.846,12.0
945,-0.777,1.039,0.000,-30.088,-1.452,-0.847,12.0
946,-0.777,1.039,0.000,-30.088,-1.455,-0.849,12.0
947,-0.777,1.039,0.000,-30.088,-1.457,-0.850,12.0
948,-0.777,1.039,0.000,-30.088,-1.460,-0.852,12.0
949,-0.777,1.039,0.000,-30.088,-1.463,-0.854,12.0
950,-0.777,1.039,0.000,-30.087,-1.466,-0.855,12.0
951,-0.777,1.039,0.000,-30.087,-1.468,-0.857,12.0
952,-0.777,1.039,0.000,-30.087,-1.471,-0.858,12.0
953,-0.777,1.039,0.000,-30.087,-1.474,-0.860,12.0
954,-0.777,1.039,0.000,-30.087,-1.477,-0.862,12.0
955,-0.777,1.039,0.000,-30.087,-1.479,-0.863,12.0
956,-0.777,1.039,0.000,-30.087,-1.482,-0.865,12.0
957,-0.777,1.039,0.000,-30.087,-1.485,-0.866,12.0
958,-0.777,1.039,0.000,-30.087,-1.488,-0.868,12.0
959,-0.777,1.039,0.000,-30.086,-1.490,-0.870,12.0
960,-0.777,1.039,0.000,-30.086,-1.493,-0.871,12.0
961,-0.777,1.039,0.000,-30.086,-1.496,-0.873,12.0
962,-0.777,1.039,0.000,-30.086,-1.499,-0.874,12.0
963,-0.777,1.039,0.000,-30.086,-1.502,-0.876,12.0
964,-0.777,1.039,0.000,-30.086,-1.505,-0.878,12.0
965,-0.777,1.039,0.000,-30.086,-1.507,-0.879,12.0
966,-0.777,1.039,0.000,-30.086,-1.510,-0.881,12.0
967,-0.777,1.039,0.000,-30.086,-1.513,-0.883,12.0
968,-0.777,1.039,0.000,-30.085,-1.516,-0.884,12.0
969,-0.777,1.039,0.000,-30.085,-1.519,-0.886,12.0
970,-0.777,1.039,0.000,-30.085,-1.522,-0.888,12.0
971,-0.777,1.039,0.000,-30.085,-1.524,-0.889,12.0
972,-0.777,1.039,0.000,-30.085,-1.527,-0.891,12.0
973,-0.777,1.039,0.000,-30.085,-1.530,-0.893,12.0
974,-0.777,1.039,0.000,-30.085,-1.533,-0.894,12.0
975,-0.777,1.039,0.000,-30.085,-1.536,-0.896,12.0
976,-0.777,1.039,0.000,-30.085,-1.539,-0.898,12.0
977,-0.777,1.039,0.000,-30.084,-1.542,-0.899,12.0
978,-0.777,1.039,0.000,-30.084,-1.545,-0.901,12.0
979,-0.777,1.039,0.000,-30.084,-1.548,-0.903,12.0
980,-0.777,1.039,0.000,-30.084,-1.551,-0.904,12.0
981,-0.777,1.039,0.000,-30.084,-1.554,-0.906,12.0
982,-0.777,1.039,0.000,-30.084,-1.556,-0.908,12.0
983,-0.777,1.039,0.000,-30.084,-1.559,-0.909,12.0
984,-0.777,1.039,0.000,-30.084,-1.562,-0.911,12.0
985,-0.777,1.039,0.000,-30.084,-1.565,-0.913,12.0
986,-0.777,1.039,0.000,-30.084,-1.568,-0.915,12.0
987,-0.777,1.039,0.000,-30.083,-1.571,-0.916,12.0
988,-0.777,1.039,0.000,-30.083,-1.574,-0.918,12.0
989,-0.777,1.039,0.000,-30.083,-1.577,-0.920,12.0
990,-0.777,1.039,0.000,-30.083,-1.580,-0.921,12.0
991,-0.777,1.039,0.000,-30.083,-1.583,-0.923,12.0
992,-0.777,1.039,0.000,-30.083,-1.586,-0.925,12.0
993,-0.777,1.039,0.000,-30.083,-1.589,-0.927,12.0
994,-0.777,1.039,0.000,-30.083,-1.592,-0.928,12.0
995,-0.777,1.039,0.000,-30.083,-1.595,-0.930,12.0
996,-0.777,1.039,0.000,-30.082,-1.598,-0.932,12.0
997,-0.777,1.039,0.000,-30.082,-1.601,-0.934,12.0
998,-0.777,1.039,0.000,-30.082,-1.604,-0.935,12.0
999,-0.777,1.039,0.000,-30.082,-1.607,-0.937,12.0
1000,-0.777,1.039,0.000,-30.082,-1.610,-0.939,12.0
1001,-0.777,1.039,0.000,-30.082,-1.613,-0.941,12.0
1002,-0.777,1.039,0.000,-30.082,-1.617,-0.942,12.0
1003,-0.777,1.039,0.000,-30.082,-1.620,-0.944,12.0
1004,-0.777,1.039,0.000,-30.082,-1.623,-0.946,12.0
1005,-0.777,1.039,0.000,-30.082,-1.626,-0.948,12.0
1006,-0.777,1.039,0.000,-30.081,-1.629,-0.950,12.0
1007,-0.777,1.039,0.000,-30.081,-1.632,-0.951,12.0
1008,-0.777,1.039,0.000,-30.081,-1.635,-0.953,12.0
1009,-0.777,1.039,0.000,-30.081,-1.638,-0.955,12.0
1010,-0.777,1.039,0.000,-30.081,-1.641,-0.957,12.0
1011,-0.777,1.039,0.000,-30.081,-1.644,-0.959,12.0
1012,-0.777,1.039,0.000,-30.081,-1.648,-0.960,12.0
1013,-0.777,1.039,0.000,-30.081,-1.651,-0.962,12.0
1014,-0.777,1.039,0.000,-30.081,-1.654,-0.964,12.0
1015,-0.777,1.039,0.000,-30.081,-1.657,-0.966,12.0
1016,-0.777,1.039,0.000,-30.080,-1.660,-0.968,12.0
1017,-0.777,1.039,0.000,-30.080,-1.663,-0.969,12.0
1018,-0.777,1.039,0.000,-30.080,-1.666,-0.971,12.0
1019,-0.777,1.039,0.000,-30.080,-1.670,-0.973,12.0
1020,-0.777,1.039,0.000,-30.080,-1.673,-0.975,12.0
1021,-0.777,1.039,0.000,-30.080,-1.676,-0.977,12.0
1022,-0.777,1.039,0.000,-30.080,-1.679,-0.979,12.0
1023,-0.777,1.039,0.000,-30.080,-1.682,-0.980,12.0
1024,-0.777,1.039,0.000,-30.080,-1.686,-0.982,12.0
1025,-0.777,1.039,0.000,-30.080,-1.689,-0.984,12.0
1026,-0.777,1.039,0.000,-30.079,-1.692,-0.986,12.0
1027,-0.777,1.039,0.000,-30.079,-1.695,-0.988,12.0
1028,-0.777,1.039,0.000,-30.079,-1.699,-0.990,12.0
1029,-0.777,1.039,0.000,-30.079,-1.702,-0.992,12.0
1030,-0.777,1.039,0.000,-30.079,-1.705,-0.994,12.0
1031,-0.777,1.039,0.000,-30.079,-1.708,-0.995,12.0
1032,-0.777,1.039,0.000,-30.079,-1.712,-0.997,12.0
1033,-0.777,1.039,0.000,-30.079,-1.715,-0.999,12.0
1034,-0.777,1.039,0.000,-30.079,-1.718,-1.001,12.0
1035,-0.777,1.039,0.000,-30.079,-1.721,-1.003,12.0
1036,-0.777,1.039,0.000,-30.078,-1.725,-1.005,12.0
1037,-0.777,1.039,0.000,-30.078,-1.728,-1.007,12.0
1038,-0.777,1.039,0.000,-30.078,-1.731,-1.009,12.0
1039,-0.777,1.039,0.000,-30.078,-1.735,-1.011,12.0
1040,-0.777,1.039,0.000,-30.078,-1.738,-1.013,12.0
1041,-0.777,1.039,0.000,-30.078,-1.741,-1.014,12.0
1042,-0.777,1.039,0.000,-30.078,-1.745,-1.016,12.0
1043,-0.777,1.039,0.000,-30.078,-1.748,-1.018,12.0
1044,-0.777,1.039,0.000,-30.078,-1.751,-1.020,12.0
1045,-0.777,1.039,0.000,-30.078,-1.755,-1.022,12.0
1046,-0.777,1.039,0.000,-30.078,-1.758,-1.024,12.0
1047,-0.777,1.039,0.000,-30.077,-1.761,-1.026,12.0
1048,-0.777,1.039,0.000,-30.077,-1.765,-1.028,12.0
1049,-0.777,1.039,0.000,-30.077,-1.768,-1.030,12.0
1050,-0.777,1.039,0.000,-30.077,-1.771,-1.032,12.0
1051,-0.777,1.039,0.000,-30.077,-1.775,-1.034,12.0
1052,-0.777,1.039,0.000,-30.077,-1.778,-1.036,12.0
1053,-0.777,1.039,0.000,-30.077,-1.782,-1.038,12.0
1054,-0.777,1.039,0.000,-30.077,-1.785,-1.040,12.0
1055,-0.777,1.039,0.000,-30.077,-1.788,-1.042,12.0
1056,-0.777,1.039,0.000,-30.077,-1.792,-1.044,12.0
1057,-0.777,1.039,0.000,-30.077,-1.795,-1.046,12.0
1058,-0.777,1.039,0.000,-30.076,-1.799,-1.048,12.0
1059,-0.777,1.039,0.000,-30.076,-1.802,-1.050,12.0
1060,-0.777,1.039,0.000,-30.076,-1.806,-1.052,12.0
1061,-0.777,1.039,0.000,-30.076,-1.809,-1.054,12.0
1062,-0.777,1.039,0.000,-30.076,-1.813,-1.056,12.0
1063,-0.777,1.039,0.000,-30.076,-1.816,-1.058,12.0
1064,-0.777,1.039,0.000,-30.076,-1.819,-1.060,12.0
1065,-0.777,1.039,0.000,-30.076,-1.823,-1.062,12.0
1066,-0.777,1.039,0.000,-30.076,-1.826,-1.064,12.0
1067,-0.777,1.039,0.000,-30.076,-1.830,-1.066,12.0
1068,-0.777,1.039,0.000,-30.076,-1.833,-1.068,12.0
1069,-0.777,1.039,0.000,-30.075,-1.837,-1.070,12.0
1070,-0.777,1.039,0.000,-30.075,-1.841,-1.072,12.0
1071,-0.777,1.039,0.000,-30.075,-1.844,-1.074,12.0
1072,-0.777,1.039,0.000,-30.075,-1.848,-1.076,12.0
1073,-0.777,1.039,0.000,-30.075,-1.851,-1.078,12.0
1074,-0.777,1.039,0.000,-30.075,-1.855,-1.080,12.0
1075,-0.777,1.039,0.000,-30.075,-1.858,-1.082,12.0
1076,-0.777,1.039,0.000,-30.075,-1.862,-1.084,12.0
1077,-0.777,1.039,0.000,-30.075,-1.865,-1.086,12.0
1078,-0.777,1.039,0.000,-30.075,-1.869,-1.088,12.0
1079,-0.777,1.039,0.000,-30.075,-1.873,-1.090,12.0
1080,-0.777,1.039,0.000,-30.074,-1.876,-1.092,12.0
1081,-0.777,1.039,0.000,-30.074,-1.880,-1.094,12.0
1082,-0.777,1.039,0.000,-30.074,-1.883,-1.097,12.0
1083,-0.777,1.039,0.000,-30.074,-1.887,-1.099,12.0
1084,-0.777,1.039,0.000,-30.074,-1.891,-1.101,12.0
1085,-0.777,1.039,0.000,-30.074,-1.894,-1.103,12.0
1086,-0.777,1.039,0.000,-30.074,-1.898,-1.105,12.0
1087,-0.777,1.039,0.000,-30.074,-1.901,-1.107,12.0
1088,-0.777,1.039,0.000,-30.074,-1.905,-1.109,12.0
1089,-0.777,1.039,0.000,-30.074,-1.909,-1.111,12.0
1090,-0.777,1.039,0.000,-30.074,-1.912,-1.113,12.0
1091,-0.777,1.039,0.000,-30.074,-1.916,-1.115,12.0
1092,-0.777,1.039,0.000,-30.073,-1.920,-1.118,12.0
1093,-0.777,1.039,0.000,-30.073,-1.924,-1.120,12.0
1094,-0.777,1.039,0.000,-30.073,-1.924,-1.120,12.0
1095,-0.777,1.039,0.000,-30.073,-1.920,-1.118,12.0
1096,-0.777,1.039,0.000,-30.073,-1.916,-1.115,12.0
1097,-0.777,1.039,0.000,-30.073,-1.912,-1.113,12.0
1098,-0.777,1.039,0.000,-30.072,-1.908,-1.111,12.0
1099,-0.777,1.039,0.000,-30.072,-1.904,-1.108,12.0
1100,-0.777,1.039,0.000,-30.072,-1.900,-1.106,12.0
1101,-0.777,1.039,0.000,-30.072,-1.896,-1.104,12.0
1102,-0.777,1.039,0.000,-30.071,-1.893,-1.102,12.0
1103,-0.777,1.039,0.000,-30.071,-1.889,-1.100,12.0
1104,-0.777,1.039,0.000,-30.071,-1.886,-1.098,12.0
1105,-0.777,1.039,0.000,-30.071,-1.882,-1.096,12.0
1106,-0.777,1.039,0.000,-30.071,-1.879,-1.094,12.0
1107,-0.777,1.039,0.000,-30.070,-1.875,-1.092,12.0
1108,-0.777,1.039,0.000,-30.070,-1.872,-1.090,12.0
1109,-0.777,1.039,0.000,-30.070,-1.869,-1.088,12.0
1110,-0.777,1.039,0.000,-30.070,-1.866,-1.086,12.0
1111,-0.777,1.039,0.000,-30.069,-1.863,-1.084,12.0
1112,-0.777,1.039,0.000,-30.069,-1.860,-1.083,12.0
1113,-0.777,1.039,0.000,-30.069,-1.857,-1.081,12.0
1114,-0.777,1.039,0.000,-30.069,-1.854,-1.079,12.0
1115,-0.777,1.039,0.000,-30.069,-1.851,-1.078,12.0
1116,-0.777,1.039,0.000,-30.068,-1.848,-1.076,12.0
1117,-0.777,1.039,0.000,-30.068,-1.845,-1.074,12.0
1118,-0.777,1.039,0.000,-30.068,-1.843,-1.073,12.0
1119,-0.777,1.039,0.000,-30.068,-1.840,-1.071,12.0
1120,-0.777,1.039,0.000,-30.068,-1.837,-1.070,12.0
1121,-0.777,1.039,0.000,-30.067,-1.835,-1.068,12.0
1122,-0.777,1.039,0.000,-30.067,-1.832,-1.067,12.0
1123,-0.777,1.039,0.000,-30.067,-1.830,-1.065,12.0
1124,-0.777,1.039,0.000,-30.067,-1.828,-1.064,12.0
1125,-0.777,1.039,0.000,-30.067,-1.825,-1.063,12.0
1126,-0.777,1.039,0.000,-30.066,-1.823,-1.061,12.0
1127,-0.777,1.039,0.000,-30.066,-1.821,-1.060,12.0
1128,-0.777,1.039,0.000,-30.066,-1.819,-1.059,12.0
1129,-0.777,1.039,0.000,-30.066,-1.817,-1.058,12.0
1130,-0.777,1.039,0.000,-30.066,-1.815,-1.056,12.0
1131,-0.777,1.039,0.000,-30.065,-1.813,-1.055,12.0
1132,-0.777,1.039,0.000,-30.065,-1.811,-1.054,12.0
1133,-0.777,1.039,0.000,-30.065,-1.809,-1.053,12.0
1134,-0.777,1.039,0.000,-30.065,-1.807,-1.052,12.0
1135,-0.777,1.039,0.000,-30.065,-1.805,-1.051,12.0
1136,-0.777,1.039,0.000,-30.065,-1.804,-1.050,12.0
1137,-0.777,1.039,0.000,-30.064,-1.802,-1.049,12.0
1138,-0.777,1.039,0.000,-30.064,-1.800,-1.048,12.0
1139,-0.777,1.039,0.000,-30.064,-1.799,-1.047,12.0
1140,-0.777,1.039,0.000,-30.064,-1.797,-1.046,12.0
1141,-0.777,1.039,0.000,-30.064,-1.796,-1.045,12.0
1142,-0.777,1.039,0.000,-30.063,-1.794,-1.044,12.0
1143,-0.777,1.039,0.000,-30.063,-1.793,-1.044,12.0
1144,-0.777,1.039,0.000,-30.063,-1.791,-1.043,12.0
1145,-0.777,1.039,0.000,-30.063,-1.790,-1.042,12.0
1146,-0.777,1.039,0.000,-30.063,-1.789,-1.041,12.0
1147,-0.777,1.039,0.000,-30.063,-1.787,-1.041,12.0
1148,-0.777,1.039,0.000,-30.062,-1.786,-1.040,12.0
1149,-0.777,1.039,0.000,-30.062,-1.785,-1.039,12.0
1150,-0.777,1.039,0.000,-30.062,-1.784,-1.039,12.0
1151,-0.777,1.039,0.000,-30.062,-1.783,-1.038,12.0
1152,-0.777,1.039,0.000,-30.062,-1.782,-1.037,12.0
1153,-0.777,1.039,0.000,-30.062,-1.781,-1.037,12.0
1154,-0.777,1.039,0.000,-30.061,-1.780,-1.036,12.0
1155,-0.777,1.039,0.000,-30.061,-1.779,-1.036,12.0
1156,-0.777,1.039,0.000,-30.061,-1.778,-1.035,12.0
1157,-0.777,1.039,0.000,-30.061,-1.777,-1.035,12.0
1158,-0.777,1.039,0.000,-30.061,-1.777,-1.034,12.0
1159,-0.777,1.039,0.000,-30.060,-1.776,-1.034,12.0
1160,-0.777,1.039,0.000,-30.060,-1.775,-1.033,12.0
1161,-0.777,1.039,0.000,-30.060,-1.775,-1.033,12.0
1162,-0.777,1.039,0.000,-30.060,-1.774,-1.033,12.0
1163,-0.777,1.039,0.000,-30.060,-1.773,-1.032,12.0
1164,-0.777,1.039,0.000,-30.060,-1.773,-1.032,12.0
1165,-0.777,1.039,0.000,-30.060,-1.772,-1.032,12.0
1166,-0.777,1.039,0.000,-30.059,-1.772,-1.031,12.0
1167,-0.777,1.039,0.000,-30.059,-1.772,-1.031,12.0
1168,-0.777,1.039,0.000,-30.059,-1.771,-1.031,12.0
1169,-0.777,1.039,0.000,-30.059,-1.771,-1.031,12.0
1170,-0.777,1.039,0.000,-30.059,-1.771,-1.031,12.0
1171,-0.777,1.039,0.000,-30.059,-1.770,-1.030,12.0
1172,-0.777,1.039,0.000,-30.058,-1.770,-1.030,12.0
1173,-0.777,1.039,0.000,-30.058,-1.770,-1.030,12.0
1174,-0.777,1.039,0.000,-30.058,-1.770,-1.030,12.0
1175,-0.777,1.039,0.000,-30.058,-1.769,-1.030,12.0
1176,-0.777,1.039,0.000,-30.058,-1.769,-1.030,12.0
1177,-0.777,1.039,0.000,-30.058,-1.769,-1.030,12.0
1178,-0.777,1.039,0.000,-30.057,-1.769,-1.030,12.0
1179,-0.777,1.039,0.000,-30.057,-1.769,-1.030,12.0
1180,-0.777,1.039,0.000,-30.057,-1.769,-1.030,12.0
1181,-0.777,1.039,0.000,-30.057,-1.769,-1.030,12.0
1182,-0.777,1.039,0.000,-30.057,-1.770,-1.030,12.0
1183,-0.777,1.039,0.000,-30.057,-1.770,-1.030,12.0
1184,-0.777,1.039,0.000,-30.057,-1.770,-1.030,12.0
1185,-0.777,1.039,0.000,-30.056,-1.770,-1.030,12.0
1186,-0.777,1.039,0.000,-30.056,-1.770,-1.030,12.0
1187,-0.777,1.039,0.000,-30.056,-1.771,-1.031,12.0
1188,-0.777,1.039,0.000,-30.056,-1.771,-1.031,12.0
1189,-0.777,1.039,0.000,-30.056,-1.771,-1.031,12.0
1190,-0.777,1.039,0.000,-30.056,-1.772,-1.031,12.0
1191,-0.777,1.039,0.000,-30.056,-1.772,-1.031,12.0
1192,-0.777,1.039,0.000,-30.055,-1.772,-1.032,12.0
1193,-0.777,1.039,0.000,-30.055,-1.773,-1.032,12.0
1194,-0.777,1.039,0.000,-30.055,-1.773,-1.032,12.0
1195,-0.777,1.039,0.000,-30.055,-1.774,-1.032,12.0
1196,-0.777,1.039,0.000,-30.055,-1.774,-1.033,12.0
1197,-0.777,1.039,0.000,-30.055,-1.775,-1.033,12.0
1198,-0.777,1.039,0.000,-30.054,-1.776,-1.033,12.0
1199,-0.777,1.039,0.000,-30.054,-1.776,-1.034,12.0
1200,-0.777,1.039,0.000,-30.054,-1.777,-1.034,12.0
1201,-0.777,1.039,0.000,-30.054,-1.778,-1.034,12.0
1202,-0.777,1.039,0.000,-30.054,-1.778,-1.035,12.0
1203,-0.777,1.039,0.000,-30.054,-1.779,-1.035,12.0
1204,-0.777,1.039,0.000,-30.054,-1.780,-1.036,12.0
1205,-0.777,1.039,0.000,-30.054,-1.781,-1.036,12.0
1206,-0.777,1.039,0.000,-30.053,-1.781,-1.037,12.0
1207,-0.777,1.039,0.000,-30.053,-1.782,-1.037,12.0
1208,-0.777,1.039,0.000,-30.053,-1.783,-1.038,12.0
1209,-0.777,1.039,0.000,-30.053,-1.784,-1.038,12.0
1210,-0.777,1.039,0.000,-30.053,-1.785,-1.039,12.0
1211,-0.777,1.039,0.000,-30.053,-1.786,-1.039,12.0
1212,-0.777,1.039,0.000,-30.053,-1.787,-1.040,12.0
1213,-0.777,1.039,0.000,-30.052,-1.788,-1.040,12.0
1214,-0.777,1.039,0.000,-30.052,-1.789,-1.041,12.0
1215,-0.777,1.039,0.000,-30.052,-1.790,-1.042,12.0
1216,-0.777,1.039,0.000,-30.052,-1.791,-1.042,12.0
1217,-0.777,1.039,0.000,-30.052,-1.792,-1.043,12.0
1218,-0.777,1.039,0.000,-30.052,-1.793,-1.044,12.0
1219,-0.777,1.039,0.000,-30.052,-1.795,-1.044,12.0
1220,-0.777,1.039,0.000,-30.051,-1.796,-1.045,12.0
1221,-0.777,1.039,0.000,-30.051,-1.797,-1.046,12.0
1222,-0.777,1.039,0.000,-30.051,-1.798,-1.046,12.0
1223,-0.777,1.039,0.000,-30.051,-1.800,-1.047,12.0
1224,-0.777,1.039,0.000,-30.051,-1.801,-1.048,12.0
1225,-0.777,1.039,0.000,-30.051,-1.802,-1.049,12.0
1226,-0.777,1.039,0.000,-30.051,-1.803,-1.049,12.0
1227,-0.777,1.039,0.000,-30.051,-1.805,-1.050,12.0
1228,-0.777,1.039,0.000,-30.050,-1.806,-1.051,12.0
1229,-0.777,1.039,0.000,-30.050,-1.808,-1.052,12.0
1230,-0.777,1.039,0.000,-30.050,-1.809,-1.053,12.0
1231,-0.777,1.039,0.000,-30.050,-1.811,-1.053,12.0
1232,-0.777,1.039,0.000,-30.050,-1.812,-1.054,12.0
1233,-0.777,1.039,0.000,-30.050,-1.814,-1.055,12.0
1234,-0.777,1.039,0.000,-30.050,-1.815,-1.056,12.0
1235,-0.777,1.039,0.000,-30.050,-1.817,-1.057,12.0
1236,-0.777,1.039,0.000,-30.049,-1.818,-1.058,12.0
1237,-0.777,1.039,0.000,-30.049,-1.820,-1.059,12.0
1238,-0.777,1.039,0.000,-30.049,-1.821,-1.060,12.0
1239,-0.777,1.039,0.000,-30.049,-1.823,-1.061,12.0
1240,-0.777,1.039,0.000,-30.049,-1.825,-1.062,12.0
1241,-0.777,1.039,0.000,-30.049,-1.826,-1.062,12.0
1242,-0.777,1.039,0.000,-30.049,-1.828,-1.063,12.0
1243,-0.777,1.039,0.000,-30.049,-1.830,-1.064,12.0
1244,-0.777,1.039,0.000,-30.048,-1.832,-1.065,12.0
1245,-0.777,1.039,0.000,-30.048,-1.833,-1.066,12.0
1246,-0.777,1.039,0.000,-30.048,-1.835,-1.068,12.0
1247,-0.777,1.039,0.000,-30.048,-1.837,-1.069,12.0
1248,-0.777,1.039,0.000,-30.048,-1.839,-1.070,12.0
1249,-0.777,1.039,0.000,-30.048,-1.841,-1.071,12.0
1250,-0.777,1.039,0.000,-30.048,-1.842,-1.072,12.0
1251,-0.777,1.039,0.000,-30.048,-1.844,-1.073,12.0
1252,-0.777,1.039,0.000,-30.047,-1.846,-1.074,12.0
1253,-0.777,1.039,0.000,-30.047,-1.848,-1.075,12.0
1254,-0.777,1.039,0.000,-30.047,-1.850,-1.076,12.0
1255,-0.777,1.039,0.000,-30.047,-1.852,-1.077,12.0
1256,-0.777,1.039,0.000,-30.047,-1.854,-1.078,12.0
1257,-0.777,1.039,0.000,-30.047,-1.856,-1.080,12.0
1258,-0.777,1.039,0.000,-30.047,-1.858,-1.081,12.0
1259,-0.777,1.039,0.000,-30.047,-1.860,-1.082,12.0
1260,-0.777,1.039,0.000,-30.047,-1.862,-1.083,12.0
1261,-0.777,1.039,0.000,-30.046,-1.864,-1.084,12.0
1262,-0.777,1.039,0.000,-30.046,-1.866,-1.086,12.0
1263,-0.777,1.039,0.000,-30.046,-1.869,-1.087,12.0
1264,-0.777,1.039,0.000,-30.046,-1.871,-1.088,12.0
1265,-0.777,1.039,0.000,-30.046,-1.873,-1.089,12.0
1266,-0.777,1.039,0.000,-30.046,-1.875,-1.090,12.0
1267,-0.777,1.039,0.000,-30.046,-1.877,-1.092,12.0
1268,-0.777,1.039,0.000,-30.046,-1.879,-1.093,12.0
1269,-0.777,1.039,0.000,-30.046,-1.882,-1.094,12.0
1270,-0.777,1.039,0.000,-30.045,-1.884,-1.096,12.0
1271,-0.777,1.039,0.000,-30.045,-1.886,-1.097,12.0
1272,-0.777,1.039,0.000,-30.045,-1.889,-1.098,12.0
1273,-0.777,1.039,0.000,-30.045,-1.891,-1.100,12.0
1274,-0.777,1.039,0.000,-30.045,-1.893,-1.101,12.0
1275,-0.777,1.039,0.000,-30.045,-1.895,-1.102,12.0
1276,-0.777,1.039,0.000,-30.045,-1.898,-1.104,12.0
1277,-0.777,1.039,0.000,-30.045,-1.900,-1.105,12.0
1278,-0.777,1.039,0.000,-30.045,-1.903,-1.106,12.0
1279,-0.777,1.039,0.000,-30.044,-1.905,-1.108,12.0
1280,-0.777,1.039,0.000,-30.044,-1.907,-1.109,12.0
1281,-0.777,1.039,0.000,-30.044,-1.910,-1.111,12.0
1282,-0.777,1.039,0.000,-30.044,-1.912,-1.112,12.0
1283,-0.777,1.039,0.000,-30.044,-1.915,-1.113,12.0
1284,-0.777,1.039,0.000,-30.044,-1.917,-1.115,12.0
1285,-0.777,1.039,0.000,-30.044,-1.920,-1.116,12.0
1286,-0.777,1.039,0.000,-30.044,-1.922,-1.118,12.0
1287,-0.777,1.039,0.000,-30.044,-1.925,-1.119,12.0
1288,-0.776,1.039,0.000,-30.043,-1.924,-1.119,12.0
1289,-0.776,1.039,0.000,-30.043,-1.921,-1.117,12.0
1290,-0.776,1.039,0.000,-30.043,-1.918,-1.115,12.0
1291,-0.776,1.039,0.000,-30.043,-1.915,-1.114,12.0
1292,-0.776,1.039,0.000,-30.043,-1.913,-1.112,12.0
1293,-0.776,1.039,0.000,-30.042,-1.910,-1.111,12.0
1294,-0.776,1.039,0.000,-30.042,-1.908,-1.109,12.0
1295,-0.776,1.039,0.000,-30.042,-1.905,-1.108,12.0
1296,-0.776,1.039,0.000,-30.042,-1.903,-1.106,12.0
1297,-0.776,1.039,0.000,-30.042,-1.900,-1.105,12.0
1298,-0.776,1.039,0.000,-30.041,-1.898,-1.104,12.0
1299,-0.776,1.039,0.000,-30.041,-1.896,-1.102,12.0
1300,-0.776,1.039,0.000,-30.041,-1.894,-1.101,12.0
1301,-0.776,1.039,0.000,-30.041,-1.891,-1.100,12.0
1302,-0.776,1.039,0.000,-30.041,-1.889,-1.098,12.0
1303,-0.776,1.039,0.000,-30.040,-1.887,-1.097,12.0
1304,-0.776,1.039,0.000,-30.040,-1.885,-1.096,12.0
1305,-0.776,1.039,0.000,-30.040,-1.883,-1.095,12.0
1306,-0.776,1.039,0.000,-30.040,-1.881,-1.094,12.0
1307,-0.776,1.039,0.000,-30.040,-1.880,-1.093,12.0
1308,-0.776,1.039,0.000,-30.039,-1.878,-1.092,12.0
1309,-0.776,1.039,0.000,-30.039,-1.876,-1.091,12.0
1310,-0.776,1.039,0.000,-30.039,-1.874,-1.090,12.0
1311,-0.776,1.039,0.000,-30.039,-1.873,-1.089,12.0
1312,-0.776,1.039,0.000,-30.039,-1.871,-1.088,12.0
1313,-0.776,1.039,0.000,-30.039,-1.869,-1.087,12.0
1314,-0.776,1.039,0.000,-30.038,-1.868,-1.086,12.0
1315,-0.776,1.039,0.000,-30.038,-1.867,-1.085,12.0
1316,-0.778,1.040,0.000,-29.515,-1.865,-1.062,-1
1317,-0.773,1.037,0.000,-28.637,-1.904,-1.046,12.0
1318,-0.773,1.037,0.000,-28.301,-1.910,-1.034,12.0
1319,-0.773,1.037,0.000,-28.150,-1.910,-1.028,12.0
1320,-0.773,1.037,0.000,-28.026,-1.910,-1.023,12.0
1321,-0.773,1.037,0.000,-27.931,-1.910,-1.019,12.0
1322,-0.774,1.037,0.000,-27.860,-1.910,-1.015,12.0
1323,-0.774,1.037,0.000,-27.807,-1.909,-1.012,12.0
1324,-0.774,1.037,0.000,-27.768,-1.907,-1.010,12.0
1325,-0.774,1.038,0.000,-27.741,-1.906,-1.008,12.0
1326,-0.774,1.038,0.000,-27.721,-1.905,-1.007,12.0
1327,-0.774,1.038,0.000,-27.708,-1.903,-1.005,12.0
1328,-0.775,1.038,0.000,-27.700,-1.902,-1.004,12.0
1329,-0.775,1.038,0.000,-27.695,-1.900,-1.003,12.0
1330,-0.775,1.038,0.000,-27.692,-1.899,-1.002,12.0
1331,-0.775,1.038,0.000,-27.690,-1.897,-1.001,12.0
1332,-0.775,1.038,0.000,-27.689,-1.896,-1.001,12.0
1333,-0.775,1.038,0.000,-27.689,-1.894,-1.000,12.0
1334,-0.776,1.038,0.000,-27.689,-1.893,-0.999,12.0
1335,-0.776,1.038,0.000,-27.688,-1.892,-0.999,12.0
1336,-0.776,1.038,0.000,-27.688,-1.892,-0.999,12.0
1337,-0.776,1.038,0.000,-27.688,-1.891,-0.998,12.0
1338,-0.776,1.038,0.000,-27.688,-1.891,-0.998,12.0
1339,-0.776,1.038,0.000,-27.688,-1.890,-0.998,12.0
1340,-0.776,1.038,0.000,-27.687,-1.890,-0.998,12.0
1341,-0.776,1.038,0.000,-27.687,-1.890,-0.997,12.0
1342,-0.776,1.038,0.000,-27.687,-1.889,-0.997,12.0
1343,-0.776,1.038,0.000,-27.687,-1.889,-0.997,12.0
1344,-0.776,1.038,0.000,-27.687,-1.889,-0.997,12.0
1345,-0.776,1.038,0.000,-27.686,-1.889,-0.997,12.0
1346,-0.776,1.038,0.000,-27.686,-1.888,-0.997,12.0
1347,-0.776,1.038,0.000,-27.686,-1.888,-0.997,12.0
1348,-0.776,1.038,0.000,-27.686,-1.888,-0.997,12.0
1349,-0.776,1.038,0.000,-27.686,-1.888,-0.996,12.0
1350,-0.776,1.038,0.000,-27.686,-1.888,-0.996,12.0
1351,-0.776,1.038,0.000,-27.685,-1.888,-0.996,12.0
1352,-0.776,1.038,0.000,-27.685,-1.888,-0.996,12.0
1353,-0.776,1.038,0.000,-27.685,-1.888,-0.997,12.0
1354,-0.776,1.038,0.000,-27.685,-1.888,-0.997,12.0
1355,-0.776,1.038,0.000,-27.685,-1.888,-0.997,12.0
1356,-0.776,1.038,0.000,-27.684,-1.889,-0.997,12.0
1357,-0.776,1.038,0.000,-27.684,-1.889,-0.997,12.0
1358,-0.776,1.038,0.000,-27.684,-1.889,-0.997,12.0
1359,-0.776,1.038,0.000,-27.684,-1.889,-0.997,12.0
1360,-0.776,1.038,0.000,-27.684,-1.890,-0.997,12.0
1361,-0.776,1.038,0.000,-27.684,-1.890,-0.997,12.0
1362,-0.776,1.038,0.000,-27.683,-1.890,-0.998,12.0
1363,-0.776,1.038,0.000,-27.683,-1.891,-0.998,12.0
1364,-0.776,1.038,0.000,-27.683,-1.891,-0.998,12.0
1365,-0.776,1.038,0.000,-27.683,-1.892,-0.998,12.0
1366,-0.776,1.038,0.000,-27.683,-1.892,-0.999,12.0
1367,-0.776,1.038,0.000,-27.683,-1.893,-0.999,12.0
1368,-0.776,1.038,0.000,-27.682,-1.893,-0.999,12.0
1369,-0.776,1.038,0.000,-27.682,-1.894,-0.999,12.0
1370,-0.776,1.038,0.000,-27.682,-1.895,-1.000,12.0
1371,-0.776,1.038,0.000,-27.682,-1.895,-1.000,12.0
1372,-0.776,1.038,0.000,-27.682,-1.896,-1.001,12.0
1373,-0.776,1.038,0.000,-27.681,-1.897,-1.001,12.0
1374,-0.776,1.038,0.000,-27.681,-1.898,-1.001,12.0
1375,-0.776,1.038,0.000,-27.681,-1.898,-1.002,12.0
1376,-0.776,1.038,0.000,-27.681,-1.899,-1.002,12.0
1377,-0.776,1.038,0.000,-27.681,-1.900,-1.003,12.0
1378,-0.776,1.038,0.000,-27.681,-1.901,-1.003,12.0
1379,-0.776,1.038,0.000,-27.680,-1.902,-1.004,12.0
1380,-0.776,1.038,0.000,-27.680,-1.903,-1.004,12.0
1381,-0.776,1.038,0.000,-27.680,-1.904,-1.004,12.0
1382,-0.776,1.038,0.000,-27.680,-1.905,-1.005,12.0
1383,-0.776,1.038,0.000,-27.680,-1.906,-1.006,12.0
1384,-0.776,1.038,0.000,-27.680,-1.907,-1.006,12.0
1385,-0.776,1.038,0.000,-27.679,-1.908,-1.007,12.0
1386,-0.776,1.038,0.000,-27.679,-1.909,-1.007,12.0
1387,-0.776,1.038,0.000,-27.679,-1.910,-1.008,12.0
1388,-0.776,1.038,0.000,-27.679,-1.911,-1.008,12.0
1389,-0.776,1.038,0.000,-27.679,-1.913,-1.009,12.0
1390,-0.776,1.038,0.000,-27.679,-1.914,-1.010,12.0
1391,-0.776,1.038,0.000,-27.679,-1.915,-1.010,12.0
1392,-0.776,1.038,0.000,-27.678,-1.916,-1.011,12.0
1393,-0.776,1.038,0.000,-27.678,-1.918,-1.012,12.0
1394,-0.776,1.038,0.000,-27.678,-1.919,-1.012,12.0
1395,-0.775,1.038,0.000,-27.678,-1.920,-1.013,12.0
1396,-0.775,1.038,0.000,-27.678,-1.922,-1.014,12.0
1397,-0.775,1.038,0.000,-27.678,-1.923,-1.015,12.0
1398,-0.775,1.038,0.000,-27.677,-1.925,-1.015,12.0
1399,-0.775,1.038,0.000,-27.677,-1.926,-1.016,12.0
1400,-0.775,1.038,0.000,-27.677,-1.927,-1.017,12.0
1401,-0.775,1.038,0.000,-27.677,-1.929,-1.018,12.0
1402,-0.775,1.038,0.000,-27.677,-1.931,-1.018,12.0
1403,-0.775,1.038,0.000,-27.677,-1.932,-1.019,12.0
1404,-0.775,1.038,0.000,-27.676,-1.934,-1.020,12.0
1405,-0.775,1.038,0.000,-27.676,-1.935,-1.021,12.0
1406,-0.775,1.038,0.000,-27.676,-1.937,-1.022,12.0
1407,-0.775,1.038,0.000,-27.676,-1.939,-1.023,12.0
1408,-0.775,1.038,0.000,-27.676,-1.940,-1.023,12.0
1409,-0.775,1.038,0.000,-27.676,-1.942,-1.024,12.0
1410,-0.775,1.038,0.000,-27.676,-1.944,-1.025,12.0
1411,-0.775,1.038,0.000,-27.675,-1.945,-1.026,12.0
1412,-0.775,1.038,0.000,-27.675,-1.947,-1.027,12.0
1413,-0.775,1.038,0.000,-27.675,-1.949,-1.028,12.0
1414,-0.775,1.038,0.000,-27.675,-1.951,-1.029,12.0
1415,-0.775,1.038,0.000,-27.675,-1.953,-1.030,12.0
1416,-0.775,1.038,0.000,-27.675,-1.955,-1.031,12.0
1417,-0.775,1.038,0.000,-27.674,-1.956,-1.032,12.0
1418,-0.775,1.038,0.000,-27.674,-1.958,-1.033,12.0
1419,-0.775,1.038,0.000,-27.674,-1.960,-1.034,12.0
1420,-0.775,1.038,0.000,-27.674,-1.962,-1.035,12.0
1421,-0.775,1.038,0.000,-27.674,-1.964,-1.036,12.0
1422,-0.775,1.038,0.000,-27.674,-1.966,-1.037,12.0
1423,-0.775,1.038,0.000,-27.674,-1.968,-1.038,12.0
1424,-0.775,1.038,0.000,-27.673,-1.970,-1.038,12.0
1425,-0.775,1.038,0.000,-27.673,-1.968,-1.038,12.0
1426,-0.775,1.038,0.000,-27.673,-1.965,-1.036,12.0
1427,-0.775,1.038,0.000,-27.673,-1.963,-1.035,12.0
1428,-0.775,1.038,0.000,-27.673,-1.961,-1.034,12.0
1429,-0.775,1.038,0.000,-27.672,-1.959,-1.033,12.0
1430,-0.775,1.038,0.000,-27.672,-1.957,-1.032,12.0
1431,-0.775,1.038,0.000,-27.672,-1.955,-1.031,12.0
1432,-0.775,1.038,0.000,-27.672,-1.953,-1.030,12.0
1433,-0.775,1.038,0.000,-27.671,-1.951,-1.029,12.0
1434,-0.775,1.038,0.000,-27.671,-1.949,-1.028,12.0
1435,-0.775,1.038,0.000,-27.671,-1.948,-1.027,12.0
1436,-0.775,1.038,0.000,-27.671,-1.946,-1.026,12.0
1437,-0.775,1.038,0.000,-27.671,-1.944,-1.025,12.0
1438,-0.775,1.038,0.000,-27.670,-1.943,-1.024,12.0
1439,-0.775,1.038,0.000,-27.670,-1.941,-1.024,12.0
1440,-0.775,1.038,0.000,-27.670,-1.940,-1.023,12.0
1441,-0.775,1.038,0.000,-27.670,-1.938,-1.022,12.0
1442,-0.775,1.038,0.000,-27.670,-1.937,-1.021,12.0
1443,-0.775,1.038,0.000,-27.669,-1.935,-1.021,12.0
1444,-0.775,1.038,0.000,-27.669,-1.934,-1.020,12.0
1445,-0.775,1.038,0.000,-27.669,-1.933,-1.019,12.0
1446,-0.775,1.038,0.000,-27.669,-1.932,-1.019,12.0
1447,-0.775,1.038,0.000,-27.669,-1.931,-1.018,12.0
1448,-0.775,1.038,0.000,-27.668,-1.929,-1.017,12.0
1449,-0.775,1.038,0.000,-27.668,-1.928,-1.017,12.0
1450,-0.775,1.038,0.000,-27.668,-1.927,-1.016,12.0
1451,-0.775,1.038,0.000,-27.668,-1.926,-1.016,12.0
1452,-0.775,1.038,0.000,-27.668,-1.925,-1.015,12.0
1453,-0.775,1.038,0.000,-27.667,-1.924,-1.015,12.0
1454,-0.775,1.038,0.000,-27.667,-1.924,-1.014,12.0
1455,-0.775,1.038,0.000,-27.667,-1.923,-1.014,12.0
1456,-0.775,1.038,0.000,-27.667,-1.922,-1.013,12.0
1457,-0.775,1.038,0.000,-27.667,-1.921,-1.013,12.0
1458,-0.775,1.038,0.000,-27.666,-1.921,-1.013,12.0
1459,-0.775,1.038,0.000,-27.666,-1.920,-1.012,12.0
1460,-0.775,1.038,0.000,-27.666,-1.919,-1.012,12.0
1461,-0.775,1.038,0.000,-27.666,-1.919,-1.012,12.0
1462,-0.775,1.038,0.000,-27.666,-1.918,-1.012,12.0
1463,-0.775,1.038,0.000,-27.665,-1.918,-1.011,12.0
1464,-0.775,1.038,0.000,-27.665,-1.917,-1.011,12.0
1465,-0.775,1.038,0.000,-27.665,-1.917,-1.011,12.0
1466,-0.775,1.038,0.000,-27.665,-1.917,-1.011,12.0
1467,-0.775,1.038,0.000,-27.665,-1.916,-1.010,12.0
1468,-0.775,1.038,0.000,-27.664,-1.916,-1.010,12.0
1469,-0.775,1.038,0.000,-27.664,-1.916,-1.010,12.0
1470,-0.775,1.038,0.000,-27.664,-1.916,-1.010,12.0
1471,-0.775,1.038,0.000,-27.664,-1.916,-1.010,12.0
1472,-0.775,1.038,0.000,-27.664,-1.915,-1.010,12.0
1473,-0.775,1.038,0.000,-27.663,-1.915,-1.010,12.0
1474,-0.775,1.038,0.000,-27.663,-1.915,-1.010,12.0
1475,-0.775,1.038,0.000,-27.663,-1.915,-1.010,12.0
1476,-0.775,1.038,0.000,-27.663,-1.915,-1.010,12.0
1477,-0.775,1.038,0.000,-27.663,-1.915,-1.010,12.0
1478,-0.775,1.038,0.000,-27.663,-1.915,-1.010,12.0
1479,-0.775,1.038,0.000,-27.662,-1.916,-1.010,12.0
1480,-0.775,1.038,0.000,-27.662,-1.916,-1.010,12.0
1481,-0.775,1.038,0.000,-27.662,-1.916,-1.010,12.0
1482,-0.775,1.038,0.000,-27.662,-1.916,-1.010,12.0
1483,-0.775,1.038,0.000,-27.662,-1.916,-1.010,12.0
1484,-0.775,1.038,0.000,-27.661,-1.917,-1.011,12.0
1485,-0.775,1.038,0.000,-27.661,-1.917,-1.011,12.0
1486,-0.775,1.038,0.000,-27.661,-1.918,-1.011,12.0
1487,-0.775,1.038,0.000,-27.661,-1.918,-1.011,12.0
1488,-0.775,1.038,0.000,-27.661,-1.918,-1.011,12.0
1489,-0.775,1.038,0.000,-27.661,-1.919,-1.012,12.0
1490,-0.775,1.038,0.000,-27.660,-1.919,-1.012,12.0
1491,-0.775,1.038,0.000,-27.660,-1.920,-1.012,12.0
1492,-0.775,1.038,0.000,-27.660,-1.920,-1.012,12.0
1493,-0.775,1.038,0.000,-27.660,-1.921,-1.013,12.0
1494,-0.775,1.038,0.000,-27.660,-1.922,-1.013,12.0
1495,-0.775,1.038,0.000,-27.660,-1.922,-1.013,12.0
1496,-0.775,1.038,0.000,-27.659,-1.923,-1.014,12.0
1497,-0.775,1.038,0.000,-27.659,-1.924,-1.014,12.0
1498,-0.775,1.038,0.000,-27.659,-1.925,-1.014,12.0
1499,-0.775,1.038,0.000,-27.659,-1.925,-1.015,12.0
1500,-0.775,1.038,0.000,-27.659,-1.926,-1.015,12.0
1501,-0.775,1.038,0.000,-27.659,-1.927,-1.016,12.0
1502,-0.775,1.038,0.000,-27.658,-1.928,-1.016,12.0
1503,-0.775,1.038,0.000,-27.658,-1.929,-1.017,12.0
1504,-0.775,1.038,0.000,-27.658,-1.930,-1.017,12.0
1505,-0.775,1.038,0.000,-27.658,-1.931,-1.018,12.0
1506,-0.775,1.038,0.000,-27.658,-1.932,-1.018,12.0
1507,-0.775,1.038,0.000,-27.658,-1.933,-1.019,12.0
1508,-0.775,1.038,0.000,-27.657,-1.934,-1.019,12.0
1509,-0.775,1.038,0.000,-27.657,-1.935,-1.020,12.0
1510,-0.775,1.038,0.000,-27.657,-1.936,-1.020,12.0
1511,-0.775,1.038,0.000,-27.657,-1.937,-1.021,12.0
1512,-0.775,1.038,0.000,-27.657,-1.938,-1.022,12.0
1513,-0.775,1.038,0.000,-27.657,-1.940,-1.022,12.0
1514,-0.775,1.038,0.000,-27.656,-1.941,-1.023,12.0
1515,-0.775,1.038,0.000,-27.656,-1.942,-1.024,12.0
1516,-0.775,1.038,0.000,-27.656,-1.943,-1.024,12.0
1517,-0.775,1.038,0.000,-27.656,-1.945,-1.025,12.0
1518,-0.775,1.038,0.000,-27.656,-1.946,-1.026,12.0
1519,-0.775,1.038,0.000,-27.656,-1.947,-1.026,12.0
1520,-0.775,1.038,0.000,-27.655,-1.949,-1.027,12.0
1521,-0.775,1.038,0.000,-27.655,-1.950,-1.028,12.0
1522,-0.775,1.038,0.000,-27.655,-1.952,-1.028,12.0
1523,-0.775,1.038,0.000,-27.655,-1.953,-1.029,12.0
1524,-0.775,1.038,0.000,-27.655,-1.955,-1.030,12.0
1525,-0.775,1.038,0.000,-27.655,-1.956,-1.031,12.0
1526,-0.775,1.038,0.000,-27.655,-1.958,-1.032,12.0
1527,-0.775,1.038,0.000,-27.654,-1.959,-1.032,12.0
1528,-0.775,1.038,0.000,-27.654,-1.961,-1.033,12.0
1529,-0.775,1.038,0.000,-27.654,-1.962,-1.034,12.0
1530,-0.775,1.038,0.000,-27.654,-1.964,-1.035,12.0
1531,-0.775,1.038,0.000,-27.654,-1.966,-1.036,12.0
1532,-0.775,1.038,0.000,-27.654,-1.967,-1.037,12.0
1533,-0.775,1.038,0.000,-27.653,-1.969,-1.038,12.0
1534,-0.775,1.038,0.000,-27.653,-1.970,-1.038,12.0
1535,-0.775,1.038,0.000,-27.653,-1.968,-1.037,12.0
1536,-0.775,1.038,0.000,-27.653,-1.966,-1.036,12.0
1537,-0.775,1.038,0.000,-27.653,-1.964,-1.035,12.0
1538,-0.775,1.038,0.000,-27.652,-1.962,-1.034,12.0
1539,-0.775,1.038,0.000,-27.652,-1.961,-1.033,12.0
1540,-0.775,1.038,0.000,-27.652,-1.959,-1.032,12.0
1541,-0.775,1.038,0.000,-27.652,-1.957,-1.031,12.0
1542,-0.775,1.038,0.000,-27.652,-1.956,-1.030,12.0
1543,-0.775,1.038,0.000,-27.651,-1.954,-1.030,12.0
1544,-0.775,1.038,0.000,-27.651,-1.953,-1.029,12.0
1545,-0.775,1.038,0.000,-27.651,-1.951,-1.028,12.0
1546,-0.775,1.038,0.000,-27.651,-1.950,-1.027,12.0
1547,-0.775,1.038,0.000,-27.650,-1.949,-1.027,12.0
1548,-0.775,1.038,0.000,-27.650,-1.947,-1.026,12.0
1549,-0.775,1.038,0.000,-27.650,-1.946,-1.025,12.0
1550,-0.775,1.038,0.000,-27.650,-1.945,-1.025,12.0
1551,-0.775,1.038,0.000,-27.650,-1.944,-1.024,12.0
1552,-0.775,1.038,0.000,-27.649,-1.943,-1.024,12.0
1553,-0.775,1.038,0.000,-27.649,-1.942,-1.023,12.0
1554,-0.775,1.038,0.000,-27.649,-1.941,-1.022,12.0
1555,-0.775,1.038,0.000,-27.649,-1.940,-1.022,12.0
1556,-0.775,1.038,0.000,-27.649,-1.939,-1.021,12.0
1557,-0.775,1.038,0.000,-27.648,-1.938,-1.021,12.0
1558,-0.775,1.038,0.000,-27.648,-1.937,-1.021,12.0
1559,-0.775,1.038,0.000,-27.648,-1.936,-1.020,12.0
1560,-0.775,1.038,0.000,-27.648,-1.936,-1.020,12.0
1561,-0.775,1.038,0.000,-27.648,-1.935,-1.019,12.0
1562,-0.775,1.038,0.000,-27.647,-1.934,-1.019,12.0
1563,-0.775,1.038,0.000,-27.647,-1.934,-1.019,12.0
1564,-0.775,1.038,0.000,-27.647,-1.933,-1.018,12.0
1565,-0.775,1.038,0.000,-27.647,-1.933,-1.018,12.0
1566,-0.775,1.038,0.000,-27.647,-1.932,-1.018,12.0
1567,-0.775,1.038,0.000,-27.647,-1.932,-1.018,12.0
1568,-0.775,1.038,0.000,-27.646,-1.931,-1.017,12.0
1569,-0.775,1.038,0.000,-27.646,-1.931,-1.017,12.0
1570,-0.775,1.038,0.000,-27.646,-1.931,-1.017,12.0
1571,-0.775,1.038,0.000,-27.646,-1.930,-1.017,12.0
1572,-0.775,1.038,0.000,-27.646,-1.930,-1.017,12.0
1573,-0.775,1.038,0.000,-27.645,-1.930,-1.017,12.0
1574,-0.775,1.038,0.000,-27.645,-1.930,-1.017,12.0
1575,-0.775,1.038,0.000,-27.645,-1.929,-1.016,12.0
1576,-0.775,1.038,0.000,-27.645,-1.929,-1.016,12.0
1577,-0.775,1.038,0.000,-27.645,-1.929,-1.016,12.0
1578,-0.775,1.038,0.000,-27.644,-1.929,-1.016,12.0
1579,-0.775,1.038,0.000,-27.644,-1.929,-1.016,12.0
1580,-0.775,1.038,0.000,-27.644,-1.929,-1.016,12.0
1581,-0.775,1.038,0.000,-27.644,-1.930,-1.016,12.0
1582,-0.775,1.038,0.000,-27.644,-1.930,-1.016,12.0
1583,-0.775,1.038,0.000,-27.644,-1.930,-1.017,12.0
1584,-0.775,1.038,0.000,-27.643,-1.930,-1.017,12.0
1585,-0.775,1.038,0.000,-27.643,-1.930,-1.017,12.0
1586,-0.775,1.038,0.000,-27.643,-1.931,-1.017,12.0
1587,-0.775,1.038,0.000,-27.643,-1.931,-1.017,12.0
1588,-0.775,1.038,0.000,-27.643,-1.931,-1.017,12.0
1589,-0.775,1.038,0.000,-27.642,-1.932,-1.017,12.0
1590,-0.775,1.038,0.000,-27.642,-1.932,-1.018,12.0
1591,-0.775,1.038,0.000,-27.642,-1.932,-1.018,12.0
1592,-0.775,1.038,0.000,-27.642,-1.933,-1.018,12.0
1593,-0.775,1.038,0.000,-27.642,-1.933,-1.018,12.0
1594,-0.775,1.038,0.000,-27.642,-1.934,-1.019,12.0
1595,-0.775,1.038,0.000,-27.641,-1.935,-1.019,12.0
1596,-0.775,1.038,0.000,-27.641,-1.935,-1.019,12.0
1597,-0.775,1.038,0.000,-27.641,-1.936,-1.020,12.0
1598,-0.775,1.038,0.000,-27.641,-1.936,-1.020,12.0
1599,-0.775,1.038,0.000,-27.641,-1.937,-1.020,12.0
1600,-0.775,1.038,0.000,-27.641,-1.938,-1.021,12.0
1601,-0.775,1.038,0.000,-27.640,-1.939,-1.021,12.0
1602,-0.775,1.038,0.000,-27.640,-1.939,-1.021,12.0
1603,-0.775,1.038,0.000,-27.640,-1.940,-1.022,12.0
1604,-0.775,1.038,0.000,-27.640,-1.941,-1.022,12.0
1605,-0.775,1.038,0.000,-27.640,-1.942,-1.023,12.0
1606,-0.775,1.038,0.000,-27.640,-1.943,-1.023,12.0
1607,-0.775,1.038,0.000,-27.639,-1.944,-1.024,12.0
1608,-0.775,1.038,0.000,-27.639,-1.945,-1.024,12.0
1609,-0.775,1.038,0.000,-27.639,-1.946,-1.025,12.0
1610,-0.775,1.038,0.000,-27.639,-1.947,-1.025,12.0
1611,-0.775,1.038,0.000,-27.639,-1.948,-1.026,12.0
1612,-0.775,1.038,0.000,-27.639,-1.949,-1.026,12.0
1613,-0.775,1.038,0.000,-27.638,-1.950,-1.027,12.0
1614,-0.775,1.038,0.000,-27.638,-1.951,-1.028,12.0
1615,-0.775,1.038,0.000,-27.638,-1.952,-1.028,12.0
1616,-0.775,1.038,0.000,-27.638,-1.954,-1.029,12.0
1617,-0.775,1.038,0.000,-27.638,-1.955,-1.029,12.0
1618,-0.775,1.038,0.000,-27.638,-1.956,-1.030,12.0
1619,-0.775,1.039,0.000,-27.637,-1.957,-1.031,12.0
1620,-0.775,1.039,0.000,-27.637,-1.959,-1.031,12.0
1621,-0.775,1.039,0.000,-27.637,-1.960,-1.032,12.0
1622,-0.775,1.039,0.000,-27.637,-1.962,-1.033,12.0
1623,-0.775,1.039,0.000,-27.637,-1.963,-1.034,12.0
1624,-0.775,1.039,0.000,-27.637,-1.964,-1.034,12.0
1625,-0.775,1.039,0.000,-27.636,-1.966,-1.035,12.0
1626,-0.775,1.039,0.000,-27.636,-1.967,-1.036,12.0
1627,-0.775,1.039,0.000,-27.636,-1.969,-1.037,12.0
1628,-0.775,1.039,0.000,-27.636,-1.970,-1.037,12.0
1629,-0.775,1.039,0.000,-27.636,-1.969,-1.037,12.0
1630,-0.775,1.039,0.000,-27.636,-1.967,-1.036,12.0
1631,-0.775,1.039,0.000,-27.635,-1.966,-1.035,12.0
1632,-0.775,1.039,0.000,-27.635,-1.964,-1.034,12.0
1633,-0.775,1.039,0.000,-27.635,-1.963,-1.033,12.0
1634,-0.775,1.039,0.000,-27.635,-1.961,-1.033,12.0
1635,-0.775,1.039,0.000,-27.635,-1.960,-1.032,12.0
1636,-0.775,1.039,0.000,-27.634,-1.958,-1.031,12.0
1637,-0.775,1.039,0.000,-27.634,-1.957,-1.030,12.0
1638,-0.775,1.039,0.000,-27.634,-1.956,-1.030,12.0
1639,-0.775,1.039,0.000,-27.634,-1.955,-1.029,12.0
1640,-0.775,1.039,0.000,-27.633,-1.953,-1.028,12.0
1641,-0.775,1.039,0.000,-27.633,-1.952,-1.028,12.0
1642,-0.775,1.039,0.000,-27.633,-1.951,-1.027,12.0
1643,-0.775,1.039,0.000,-27.633,-1.950,-1.027,12.0
1644,-0.775,1.039,0.000,-27.633,-1.949,-1.026,12.0
1645,-0.775,1.039,0.000,-27.632,-1.948,-1.026,12.0
1646,-0.775,1.039,0.000,-27.632,-1.947,-1.025,12.0
1647,-0.775,1.039,0.000,-27.632,-1.946,-1.025,12.0
1648,-0.775,1.039,0.000,-27.632,-1.946,-1.024,12.0
1649,-0.775,1.039,0.000,-27.632,-1.945,-1.024,12.0
1650,-0.775,1.039,0.000,-27.631,-1.944,-1.023,12.0
1651,-0.775,1.039,0.000,-27.631,-1.943,-1.023,12.0
1652,-0.775,1.039,0.000,-27.631,-1.943,-1.023,12.0
1653,-0.775,1.039,0.000,-27.631,-1.942,-1.022,12.0
1654,-0.775,1.039,0.000,-27.631,-1.941,-1.022,12.0
1655,-0.775,1.039,0.000,-27.631,-1.941,-1.022,12.0
1656,-0.775,1.039,0.000,-27.630,-1.940,-1.022,12.0
1657,-0.775,1.039,0.000,-27.630,-1.940,-1.021,12.0
1658,-0.775,1.039,0.000,-27.630,-1.940,-1.021,12.0
1659,-0.775,1.039,0.000,-27.630,-1.939,-1.021,12.0
1660,-0.775,1.039,0.000,-27.630,-1.939,-1.021,12.0
1661,-0.775,1.039,0.000,-27.629,-1.939,-1.021,12.0
1662,-0.775,1.039,0.000,-27.629,-1.938,-1.020,12.0
1663,-0.775,1.039,0.000,-27.629,-1.938,-1.020,12.0
1664,-0.775,1.039,0.000,-27.629,-1.938,-1.020,12.0
1665,-0.775,1.039,0.000,-27.629,-1.938,-1.020,12.0
1666,-0.775,1.039,0.000,-27.628,-1.938,-1.020,12.0
1667,-0.775,1.039,0.000,-27.628,-1.938,-1.020,12.0
1668,-0.775,1.039,0.000,-27.628,-1.938,-1.020,12.0
1669,-0.775,1.039,0.000,-27.628,-1.938,-1.020,12.0
1670,-0.775,1.039,0.000,-27.628,-1.938,-1.020,12.0
1671,-0.775,1.039,0.000,-27.628,-1.938,-1.020,12.0
1672,-0.775,1.039,0.000,-27.627,-1.938,-1.020,12.0
1673,-0.775,1.039,0.000,-27.627,-1.938,-1.020,12.0
1674,-0.775,1.039,0.000,-27.627,-1.938,-1.020,12.0
1675,-0.775,1.039,0.000,-27.627,-1.939,-1.021,12.0
1676,-0.775,1.039,0.000,-27.627,-1.939,-1.021,12.0
1677,-0.775,1.039,0.000,-27.626,-1.939,-1.021,12.0
1678,-0.775,1.039,0.000,-27.626,-1.940,-1.021,12.0
1679,-0.775,1.039,0.000,-27.626,-1.940,-1.021,12.0
1680,-0.775,1.039,0.000,-27.626,-1.940,-1.021,12.0
1681,-0.775,1.039,0.000,-27.626,-1.941,-1.022,12.0
1682,-0.775,1.039,0.000,-27.626,-1.941,-1.022,12.0
1683,-0.775,1.039,0.000,-27.625,-1.942,-1.022,12.0
1684,-0.775,1.039,0.000,-27.625,-1.942,-1.022,12.0
1685,-0.775,1.039,0.000,-27.625,-1.943,-1.023,12.0
1686,-0.775,1.039,0.000,-27.625,-1.944,-1.023,12.0
1687,-0.775,1.039,0.000,-27.625,-1.944,-1.023,12.0
1688,-0.775,1.039,0.000,-27.625,-1.945,-1.024,12.0
1689,-0.775,1.039,0.000,-27.624,-1.946,-1.024,12.0
1690,-0.775,1.039,0.000,-27.624,-1.946,-1.024,12.0
1691,-0.775,1.039,0.000,-27.624,-1.947,-1.025,12.0
1692,-0.775,1.039,0.000,-27.624,-1.948,-1.025,12.0
1693,-0.775,1.039,0.000,-27.624,-1.949,-1.026,12.0
1694,-0.775,1.039,0.000,-27.624,-1.950,-1.026,12.0
1695,-0.775,1.039,0.000,-27.623,-1.951,-1.027,12.0
1696,-0.775,1.039,0.000,-27.623,-1.951,-1.027,12.0
1697,-0.775,1.039,0.000,-27.623,-1.952,-1.028,12.0
1698,-0.775,1.039,0.000,-27.623,-1.953,-1.028,12.0
1699,-0.775,1.039,0.000,-27.623,-1.954,-1.029,12.0
1700,-0.775,1.039,0.000,-27.623,-1.955,-1.029,12.0
1701,-0.775,1.039,0.000,-27.622,-1.957,-1.030,12.0
1702,-0.775,1.039,0.000,-27.622,-1.958,-1.030,12.0
1703,-0.775,1.039,0.000,-27.622,-1.959,-1.031,12.0
1704,-0.775,1.039,0.000,-27.622,-1.960,-1.031,12.0
1705,-0.775,1.039,0.000,-27.622,-1.961,-1.032,12.0
1706,-0.775,1.039,0.000,-27.622,-1.962,-1.033,12.0
1707,-0.775,1.039,0.000,-27.621,-1.964,-1.033,12.0
1708,-0.775,1.039,0.000,-27.621,-1.965,-1.034,12.0
1709,-0.775,1.039,0.000,-27.621,-1.966,-1.035,12.0
1710,-0.775,1.039,0.000,-27.621,-1.967,-1.035,12.0
1711,-0.775,1.039,0.000,-27.621,-1.969,-1.036,12.0
1712,-0.775,1.039,0.000,-27.621,-1.970,-1.037,12.0
1713,-0.775,1.039,0.000,-27.620,-1.970,-1.036,12.0
1714,-0.775,1.039,0.000,-27.620,-1.968,-1.036,12.0
1715,-0.775,1.039,0.000,-27.620,-1.967,-1.035,12.0
1716,-0.775,1.039,0.000,-27.620,-1.965,-1.034,12.0
1717,-0.775,1.039,0.000,-27.620,-1.964,-1.033,12.0
1718,-0.775,1.039,0.000,-27.619,-1.963,-1.033,12.0
1719,-0.775,1.039,0.000,-27.619,-1.961,-1.032,12.0
1720,-0.775,1.039,0.000,-27.619,-1.960,-1.031,12.0
1721,-0.775,1.039,0.000,-27.619,-1.959,-1.031,12.0
1722,-0.775,1.039,0.000,-27.618,-1.958,-1.030,12.0
1723,-0.775,1.039,0.000,-27.618,-1.957,-1.030,12.0
1724,-0.775,1.039,0.000,-27.618,-1.956,-1.029,12.0
1725,-0.775,1.039,0.000,-27.618,-1.955,-1.028,12.0
1726,-0.775,1.039,0.000,-27.618,-1.954,-1.028,12.0
1727,-0.775,1.039,0.000,-27.617,-1.953,-1.027,12.0
1728,-0.775,1.039,0.000,-27.617,-1.952,-1.027,12.0
1729,-0.775,1.039,0.000,-27.617,-1.951,-1.027,12.0
1730,-0.775,1.039,0.000,-27.617,-1.950,-1.026,12.0
1731,-0.775,1.039,0.000,-27.617,-1.950,-1.026,12.0
1732,-0.775,1.039,0.000,-27.616,-1.949,-1.025,12.0
1733,-0.775,1.039,0.000,-27.616,-1.948,-1.025,12.0
1734,-0.775,1.039,0.000,-27.616,-1.948,-1.025,12.0
1735,-0.775,1.039,0.000,-27.616,-1.947,-1.024,12.0
1736,-0.775,1.039,0.000,-27.616,-1.947,-1.024,12.0
1737,-0.775,1.039,0.000,-27.616,-1.946,-1.024,12.0
1738,-0.775,1.039,0.000,-27.615,-1.946,-1.024,12.0
1739,-0.775,1.039,0.000,-27.615,-1.945,-1.023,12.0
1740,-0.775,1.039,0.000,-27.615,-1.945,-1.023,12.0
1741,-0.775,1.039,0.000,-27.615,-1.945,-1.023,12.0
1742,-0.775,1.039,0.000,-27.615,-1.944,-1.023,12.0
1743,-0.775,1.039,0.000,-27.614,-1.944,-1.023,12.0
1744,-0.775,1.039,0.000,-27.614,-1.944,-1.023,12.0
1745,-0.775,1.039,0.000,-27.614,-1.944,-1.023,12.0
1746,-0.775,1.039,0.000,-27.614,-1.944,-1.022,12.0
1747,-0.775,1.039,0.000,-27.614,-1.943,-1.022,12.0
1748,-0.775,1.039,0.000,-27.613,-1.943,-1.022,12.0
1749,-0.775,1.039,0.000,-27.613,-1.943,-1.022,12.0
1750,-0.775,1.039,0.000,-27.613,-1.943,-1.022,12.0
1751,-0.775,1.039,0.000,-27.613,-1.943,-1.022,12.0
1752,-0.775,1.039,0.000,-27.613,-1.944,-1.022,12.0
1753,-0.775,1.039,0.000,-27.613,-1.944,-1.022,12.0
1754,-0.775,1.039,0.000,-27.612,-1.944,-1.023,12.0
1755,-0.775,1.039,0.000,-27.612,-1.944,-1.023,12.0
1756,-0.775,1.039,0.000,-27.612,-1.944,-1.023,12.0
1757,-0.775,1.039,0.000,-27.612,-1.945,-1.023,12.0
1758,-0.775,1.039,0.000,-27.612,-1.945,-1.023,12.0
1759,-0.775,1.039,0.000,-27.611,-1.945,-1.023,12.0
1760,-0.775,1.039,0.000,-27.611,-1.946,-1.023,12.0
1761,-0.775,1.039,0.000,-27.611,-1.946,-1.024,12.0
1762,-0.775,1.039,0.000,-27.611,-1.947,-1.024,12.0
1763,-0.775,1.039,0.000,-27.611,-1.947,-1.024,12.0
1764,-0.775,1.039,0.000,-27.611,-1.948,-1.024,12.0
1765,-0.775,1.039,0.000,-27.610,-1.948,-1.025,12.0
1766,-0.775,1.039,0.000,-27.610,-1.949,-1.025,12.0
1767,-0.775,1.039,0.000,-27.610,-1.949,-1.025,12.0
1768,-0.775,1.039,0.000,-27.610,-1.950,-1.026,12.0
1769,-0.775,1.039,0.000,-27.610,-1.951,-1.026,12.0
1770,-0.775,1.039,0.000,-27.610,-1.951,-1.026,12.0
1771,-0.775,1.039,0.000,-27.609,-1.952,-1.027,12.0
1772,-0.775,1.039,0.000,-27.609,-1.953,-1.027,12.0
1773,-0.775,1.039,0.000,-27.609,-1.954,-1.028,12.0
1774,-0.775,1.039,0.000,-27.609,-1.954,-1.028,12.0
1775,-0.775,1.039,0.000,-27.609,-1.955,-1.028,12.0
1776,-0.775,1.039,0.000,-27.609,-1.956,-1.029,12.0
1777,-0.775,1.039,0.000,-27.608,-1.957,-1.029,12.0
1778,-0.775,1.039,0.000,-27.608,-1.958,-1.030,12.0
1779,-0.775,1.039,0.000,-27.608,-1.959,-1.030,12.0
1780,-0.775,1.039,0.000,-27.608,-1.960,-1.031,12.0
1781,-0.775,1.039,0.000,-27.608,-1.961,-1.031,12.0
1782,-0.775,1.039,0.000,-27.608,-1.962,-1.032,12.0
1783,-0.775,1.039,0.000,-27.607,-1.963,-1.033,12.0
1784,-0.775,1.039,0.000,-27.607,-1.964,-1.033,12.0
1785,-0.775,1.039,0.000,-27.607,-1.966,-1.034,12.0
1786,-0.775,1.039,0.000,-27.607,-1.967,-1.034,12.0
1787,-0.775,1.039,0.000,-27.607,-1.968,-1.035,12.0
1788,-0.775,1.039,0.000,-27.607,-1.969,-1.036,12.0
1789,-0.775,1.039,0.000,-27.606,-1.971,-1.036,12.0
1790,-0.775,1.039,0.000,-27.606,-1.970,-1.036,12.0
1791,-0.775,1.039,0.000,-27.606,-1.968,-1.035,12.0
1792,-0.775,1.039,0.000,-27.606,-1.967,-1.034,12.0
1793,-0.775,1.039,0.000,-27.606,-1.966,-1.034,12.0
1794,-0.775,1.039,0.000,-27.605,-1.965,-1.033,12.0
1795,-0.775,1.039,0.000,-27.605,-1.963,-1.032,12.0
1796,-0.775,1.039,0.000,-27.605,-1.962,-1.032,12.0
1797,-0.775,1.039,0.000,-27.605,-1.961,-1.031,12.0
1798,-0.775,1.039,0.000,-27.605,-1.960,-1.031,12.0
1799,-0.775,1.039,0.000,-27.604,-1.959,-1.030,12.0
1800,-0.775,1.039,0.000,-27.604,-1.958,-1.030,12.0
1801,-0.775,1.039,0.000,-27.604,-1.957,-1.029,12.0
1802,-0.775,1.039,0.000,-27.604,-1.956,-1.029,12.0
1803,-0.775,1.039,0.000,-27.604,-1.955,-1.028,12.0
1804,-0.775,1.039,0.000,-27.603,-1.955,-1.028,12.0
1805,-0.775,1.039,0.000,-27.603,-1.954,-1.027,12.0
1806,-0.775,1.039,0.000,-27.603,-1.953,-1.027,12.0
1807,-0.775,1.039,0.000,-27.603,-1.952,-1.027,12.0
