1,-2.000,0.000,0.000,0.000,0.000,0.000,1
2,-2.000,0.000,0.153,0.000,0.000,0.000,1
3,-2.000,0.000,0.473,0.000,0.000,0.000,1
4,-2.000,0.000,0.808,0.000,0.000,0.000,1
5,-2.000,0.000,1.088,0.000,0.000,0.000,1
6,-2.000,0.000,1.290,0.000,0.000,0.000,1
7,-2.000,0.000,1.420,0.000,0.000,0.000,1
8,-2.000,0.000,1.493,0.000,0.000,0.000,1
9,-2.000,0.000,1.522,0.000,0.000,0.000,1
10,-2.000,0.000,1.534,0.000,0.000,0.000,1
11,-2.000,0.000,1.533,0.000,0.000,0.000,1
12,-2.000,0.000,1.527,0.000,0.000,0.000,1
13,-2.000,0.000,1.519,0.000,0.000,0.000,1
14,-2.000,0.000,1.512,-0.000,-0.155,-0.155,6.0
15,-2.001,0.001,1.506,-0.000,-0.256,-0.256,6.0
16,-2.002,0.002,1.507,-0.000,-0.268,-0.268,6.0
17,-2.004,0.004,1.507,-0.000,-0.207,-0.208,6.0
18,-2.007,0.007,1.508,-0.000,-0.110,-0.112,6.0
19,-2.010,0.010,1.508,-0.000,-0.014,-0.017,6.0
20,-2.014,0.014,1.508,-0.000,0.052,0.050,6.0
21,-2.017,0.017,1.509,-0.000,0.079,0.077,6.0
22,-2.020,0.020,1.509,-0.000,0.070,0.069,3.0
23,-2.023,0.023,1.509,-0.000,0.039,0.039,3.0
24,-2.026,0.026,1.510,-0.000,0.003,0.001,3.0
25,-2.029,0.029,1.510,-0.000,-0.024,-0.029,3.0
26,-2.031,0.032,1.510,-0.000,-0.036,-0.045,3.0
27,-2.034,0.035,1.504,-0.000,-0.033,-0.044,3.0
28,-2.037,0.038,1.503,-0.000,0.348,0.131,3.0
29,-2.039,0.040,1.502,-0.000,0.603,0.256,3.0
30,-2.039,0.042,1.502,-0.000,0.658,0.310,1
31,-2.036,0.043,1.502,-0.000,0.530,0.290,1
32,-2.032,0.043,1.502,-0.000,0.067,0.158,1
33,-2.028,0.042,1.501,-0.000,-0.418,-0.180,15.0
34,-2.025,0.042,1.501,-0.000,-0.671,-0.409,15.0
35,-2.024,0.043,1.501,-0.000,-0.664,-0.466,15.0
36,-2.025,0.046,1.500,-0.000,-0.468,-0.376,15.0
37,-2.028,0.050,1.500,-0.000,-0.194,-0.206,15.0
38,-2.031,0.055,1.500,-0.000,0.054,-0.028,15.0
39,-2.035,0.060,1.501,-0.000,0.209,0.101,15.0
40,-2.038,0.064,1.501,-0.000,0.251,0.158,15.0
41,-2.040,0.068,1.501,-0.000,0.200,0.146,15.0
42,-2.041,0.072,1.501,-0.000,-0.024,0.300,10.0
43,-2.042,0.075,1.501,-0.000,-0.209,0.367,10.0
44,-2.044,0.076,1.501,-0.000,-0.141,0.711,10.0
45,-2.047,0.075,1.503,-0.000,-0.245,0.863,10.0
46,-2.050,0.071,1.505,-0.000,-0.297,0.779,10.0
47,-2.055,0.065,1.507,-0.000,-0.269,0.543,10.0
48,-2.060,0.056,1.509,-0.000,-0.187,0.252,10.0
49,-2.066,0.047,1.505,-0.000,-0.081,-0.029,10.0
50,-2.072,0.037,1.505,-0.000,0.022,-0.266,10.0
51,-2.079,0.028,1.505,-0.000,0.102,-0.442,10.0
52,-2.085,0.021,1.505,-0.000,0.150,-0.556,10.0
53,-2.090,0.016,1.505,-0.000,0.164,-0.606,10.0
54,-2.095,0.013,1.505,-0.000,0.140,-0.544,10.0
55,-2.099,0.011,1.505,-0.000,0.085,-0.367,10.0
56,-2.104,0.011,1.505,-0.000,0.024,-0.152,10.0
57,-2.108,0.011,1.505,-0.000,-0.024,0.030,10.0
58,-2.112,0.012,1.505,-0.000,-0.049,0.137,10.0
59,-2.116,0.012,1.505,-0.000,-0.049,0.159,10.0
60,-2.121,0.011,1.505,-0.000,-0.031,0.117,10.0
61,-2.125,0.010,1.505,-0.000,-0.007,0.043,10.0
62,-2.130,0.009,1.505,-0.000,0.014,-0.030,10.0
63,-2.134,0.008,1.505,-0.000,0.026,-0.078,10.0
64,-2.139,0.007,1.505,-0.000,0.028,-0.092,10.0
65,-2.143,0.007,1.505,-0.000,0.022,-0.077,10.0
66,-2.148,0.007,1.505,-0.000,0.012,-0.044,10.0
67,-2.152,0.007,1.505,-0.000,0.002,-0.009,10.0
68,-2.156,0.007,1.505,-0.000,-0.005,0.019,10.0
69,-2.161,0.007,1.505,-0.000,-0.007,0.032,10.0
70,-2.165,0.006,1.505,-0.000,-0.006,0.031,10.0
71,-2.170,0.006,1.505,-0.000,-0.002,0.021,10.0
72,-2.174,0.006,1.505,-0.000,0.002,0.007,10.0
73,-2.178,0.005,1.505,-0.000,0.005,-0.005,10.0
74,-2.183,0.005,1.505,-0.000,0.007,-0.012,10.0
75,-2.187,0.005,1.505,-0.000,0.007,-0.013,10.0
76,-2.192,0.004,1.505,-0.000,0.005,-0.009,10.0
77,-2.196,0.004,1.505,-0.000,0.003,-0.003,10.0
78,-2.200,0.004,1.505,-0.000,0.002,0.003,10.0
79,-2.205,0.004,1.505,-0.000,0.001,0.007,10.0
80,-2.209,0.003,1.505,-0.000,0.001,0.009,10.0
81,-2.214,0.003,1.506,-0.000,0.001,0.008,10.0
82,-2.218,0.003,1.506,-0.000,0.002,0.006,10.0
83,-2.222,0.002,1.506,-0.000,0.003,0.003,10.0
84,-2.227,0.002,1.506,-0.000,0.003,0.002,10.0
85,-2.231,0.002,1.506,-0.000,0.003,0.001,10.0
86,-2.236,0.001,1.506,-0.000,0.003,0.001,10.0
87,-2.240,0.001,1.506,-0.000,0.003,0.002,10.0
88,-2.244,0.000,1.506,-0.000,0.003,0.003,10.0
89,-2.249,-0.000,1.506,-0.000,0.003,0.004,10.0
90,-2.253,-0.001,1.506,-0.000,0.002,0.005,10.0
91,-2.258,-0.001,1.506,-0.000,0.002,0.005,10.0
92,-2.262,-0.001,1.506,-0.000,0.003,0.005,10.0
93,-2.266,-0.002,1.506,-0.000,0.003,0.004,10.0
94,-2.271,-0.002,1.506,-0.000,0.003,0.004,10.0
95,-2.275,-0.003,1.506,-0.000,0.003,0.004,10.0
96,-2.279,-0.003,1.506,-0.000,0.003,0.004,10.0
97,-2.284,-0.004,1.506,-0.000,0.033,-0.138,7.0
98,-2.288,-0.004,1.506,-0.000,0.053,-0.233,7.0
99,-2.292,-0.003,1.506,-0.000,0.055,-0.245,7.0
100,-2.296,-0.002,1.506,-0.000,0.044,-0.191,7.0
101,-2.300,0.000,1.506,-0.000,0.025,-0.103,7.0
102,-2.303,0.003,1.506,-0.000,0.169,0.155,4.0
103,-2.307,0.005,1.506,-0.000,0.266,0.328,4.0
104,-2.309,0.006,1.506,-0.000,0.512,0.324,4.0
105,-2.309,0.006,1.506,-0.000,0.604,0.221,4.0
106,-2.308,0.005,1.506,-0.000,0.298,0.129,4.0
107,-2.305,0.004,1.506,-0.000,-0.035,0.037,4.0
108,-2.303,0.002,1.506,-0.000,-0.264,-0.033,4.0
109,-2.301,0.001,1.506,-0.000,-0.385,0.089,14.0
110,-2.301,-0.001,1.507,-0.000,-0.363,0.191,14.0
111,-2.301,-0.003,1.507,-0.000,-0.239,0.227,14.0
112,-2.303,-0.006,1.507,-0.000,-0.080,0.199,14.0
113,-2.305,-0.010,1.507,-0.000,0.057,-0.298,15.0
114,-2.307,-0.013,1.507,-0.000,0.137,-0.229,14.0
115,-2.308,-0.015,1.507,-0.000,0.150,-0.043,14.0
116,-2.309,-0.017,1.507,-0.000,0.113,0.120,14.0
117,-2.310,-0.019,1.507,-0.000,0.050,0.213,14.0
118,-2.310,-0.022,1.507,-0.000,-0.011,0.224,14.0
119,-2.310,-0.026,1.507,-0.000,-0.010,-0.044,14.0
120,-2.311,-0.030,1.507,-0.000,-0.039,-0.054,14.0
121,-2.311,-0.033,1.508,-0.000,-0.053,-0.012,14.0
122,-2.312,-0.037,1.508,-0.000,-0.049,0.030,14.0
123,-2.313,-0.040,1.508,-0.000,-0.031,0.058,14.0
124,-2.314,-0.044,1.508,-0.000,-0.009,0.066,14.0
125,-2.315,-0.048,1.508,-0.000,0.009,0.055,14.0
126,-2.315,-0.052,1.508,-0.000,0.019,0.033,14.0
127,-2.316,-0.056,1.508,-0.000,0.061,-0.213,14.0
128,-2.317,-0.060,1.508,-0.000,0.042,-0.154,14.0
129,-2.318,-0.063,1.508,-0.000,0.009,-0.034,14.0
130,-2.318,-0.066,1.508,-0.000,-0.018,0.070,14.0
131,-2.319,-0.070,1.508,-0.000,0.008,-0.094,14.0
132,-2.319,-0.072,1.508,-0.000,-0.002,-0.442,15.0
133,-2.320,-0.074,1.508,-0.000,-0.013,-0.629,15.0
134,-2.320,-0.073,1.508,-0.000,-0.017,-0.609,15.0
135,-2.321,-0.070,1.508,-0.000,-0.015,-0.439,15.0
136,-2.322,-0.066,1.509,-0.000,-0.009,-0.206,15.0
137,-2.323,-0.061,1.509,-0.000,-0.003,0.005,15.0
138,-2.323,-0.056,1.509,-0.000,0.003,0.139,15.0
139,-2.324,-0.051,1.509,-0.000,0.006,0.180,15.0
140,-2.325,-0.047,1.510,-0.000,0.006,0.145,15.0
141,-2.326,-0.044,1.510,-0.000,0.004,0.067,15.0
142,-2.326,-0.040,1.510,-0.000,0.002,-0.016,15.0
143,-2.327,-0.037,1.504,-0.000,-0.001,-0.075,15.0
144,-2.328,-0.033,1.503,-0.000,-0.002,-0.098,15.0
145,-2.328,-0.029,1.502,-0.000,-0.002,-0.087,15.0
146,-2.329,-0.025,1.501,-0.000,-0.002,-0.054,15.0
147,-2.330,-0.021,1.500,-0.000,-0.001,-0.015,15.0
148,-2.331,-0.016,1.499,-0.000,0.000,0.016,15.0
149,-2.331,-0.011,1.499,-0.000,0.001,0.034,15.0
150,-2.332,-0.007,1.498,-0.000,0.001,0.035,15.0
151,-2.333,-0.003,1.498,-0.000,0.001,0.025,15.0
152,-2.333,0.002,1.497,-0.000,0.001,0.010,15.0
153,-2.334,0.006,1.497,-0.000,0.000,-0.003,15.0
154,-2.335,0.010,1.496,-0.000,0.000,-0.012,15.0
155,-2.336,0.014,1.496,-0.000,-0.000,-0.014,15.0
156,-2.336,0.018,1.495,-0.000,-0.000,-0.011,15.0
157,-2.337,0.023,1.495,-0.000,0.000,-0.005,15.0
158,-2.338,0.027,1.495,-0.000,0.000,0.002,15.0
159,-2.339,0.032,1.494,-0.000,0.000,0.006,15.0
160,-2.339,0.036,1.494,-0.000,0.001,0.008,15.0
161,-2.340,0.040,1.494,-0.000,0.001,0.008,15.0
162,-2.341,0.045,1.494,-0.000,0.001,0.006,15.0
163,-2.341,0.049,1.494,-0.000,0.000,0.003,15.0
164,-2.342,0.053,1.493,-0.000,0.000,0.001,15.0
165,-2.343,0.058,1.493,-0.000,0.000,-0.000,15.0
166,-2.344,0.062,1.493,-0.000,0.000,-0.000,15.0
167,-2.344,0.066,1.493,-0.000,0.000,0.000,15.0
168,-2.345,0.071,1.493,-0.000,0.000,0.002,15.0
169,-2.346,0.075,1.493,-0.000,0.000,0.003,15.0
170,-2.346,0.079,1.493,-0.000,0.000,0.003,15.0
171,-2.347,0.084,1.493,-0.000,0.000,0.003,15.0
172,-2.348,0.088,1.493,-0.000,0.000,0.003,15.0
173,-2.349,0.092,1.492,-0.000,0.000,0.003,15.0
174,-2.349,0.097,1.492,-0.000,0.000,0.002,15.0
175,-2.350,0.101,1.492,-0.000,0.000,0.002,15.0
176,-2.351,0.105,1.492,-0.000,0.000,0.002,15.0
177,-2.352,0.110,1.492,-0.000,0.000,0.002,15.0
178,-2.352,0.114,1.492,-0.000,0.000,0.002,15.0
179,-2.353,0.118,1.492,-0.000,0.000,0.002,15.0
180,-2.354,0.123,1.492,-0.000,0.000,0.002,15.0
181,-2.354,0.127,1.492,-0.000,0.000,0.002,15.0
182,-2.355,0.131,1.492,-0.000,0.000,0.002,15.0
183,-2.356,0.136,1.492,-0.000,0.000,0.002,15.0
184,-2.357,0.140,1.492,-0.000,0.000,0.002,15.0
185,-2.357,0.145,1.492,-0.000,0.000,0.002,15.0
186,-2.358,0.149,1.492,-0.000,0.000,0.002,15.0
187,-2.359,0.153,1.492,-0.000,0.000,0.002,15.0
188,-2.360,0.158,1.492,-0.000,0.000,0.002,15.0
189,-2.360,0.162,1.492,-0.000,0.000,0.002,15.0
190,-2.361,0.166,1.492,-0.000,0.000,0.002,15.0
191,-2.362,0.171,1.492,-0.000,0.000,0.002,15.0
192,-2.362,0.175,1.492,-0.000,0.000,0.002,15.0
193,-2.363,0.179,1.492,-0.000,0.000,0.002,15.0
194,-2.364,0.184,1.492,-0.000,0.000,0.002,15.0
195,-2.365,0.188,1.492,-0.000,0.000,0.002,15.0
196,-2.365,0.192,1.492,-0.000,0.000,0.002,15.0
197,-2.366,0.197,1.492,-0.000,0.000,0.002,15.0
198,-2.367,0.201,1.492,-0.000,0.000,0.002,15.0
199,-2.367,0.205,1.492,-0.000,0.000,0.002,15.0
200,-2.368,0.210,1.492,-0.000,0.000,0.002,15.0
201,-2.369,0.214,1.492,-0.000,0.000,0.002,15.0
202,-2.370,0.218,1.492,-0.000,0.000,0.002,15.0
203,-2.370,0.223,1.492,-0.000,0.000,0.002,15.0
204,-2.371,0.227,1.492,-0.000,0.000,0.002,15.0
205,-2.372,0.231,1.492,-0.000,0.000,0.002,15.0
206,-2.373,0.236,1.492,-0.000,0.000,0.002,15.0
207,-2.373,0.240,1.492,-0.000,0.000,0.002,15.0
208,-2.374,0.244,1.492,-0.000,0.000,0.002,15.0
209,-2.375,0.249,1.492,-0.000,0.000,0.002,15.0
210,-2.375,0.253,1.492,-0.000,0.000,0.002,15.0
211,-2.376,0.257,1.492,-0.000,0.000,0.002,15.0
212,-2.377,0.262,1.492,-0.000,0.000,0.002,15.0
213,-2.378,0.266,1.492,-0.000,0.000,0.002,15.0
214,-2.378,0.270,1.492,-0.000,0.000,0.002,15.0
215,-2.379,0.275,1.492,-0.000,0.000,0.002,15.0
216,-2.380,0.279,1.492,-0.000,0.000,0.002,15.0
217,-2.381,0.284,1.492,-0.000,0.000,0.002,15.0
218,-2.381,0.288,1.492,-0.000,0.000,0.002,15.0
219,-2.382,0.292,1.492,-0.000,0.000,0.002,15.0
220,-2.383,0.297,1.492,-0.000,0.000,0.002,15.0
221,-2.383,0.301,1.492,-0.000,0.000,0.002,15.0
222,-2.384,0.305,1.491,-0.000,0.000,0.002,15.0
223,-2.385,0.310,1.491,-0.000,0.000,0.002,15.0
224,-2.386,0.314,1.491,-0.000,0.000,0.002,15.0
225,-2.386,0.318,1.491,-0.000,0.000,0.002,15.0
226,-2.387,0.323,1.491,-0.000,0.000,0.002,15.0
227,-2.388,0.327,1.491,-0.000,0.000,0.002,15.0
228,-2.388,0.331,1.491,-0.000,0.000,0.002,15.0
229,-2.389,0.336,1.491,-0.000,0.000,0.002,15.0
230,-2.390,0.340,1.491,-0.000,0.000,0.002,15.0
231,-2.391,0.344,1.491,-0.000,0.000,0.002,15.0
232,-2.391,0.349,1.491,-0.000,0.000,0.002,15.0
233,-2.392,0.353,1.491,-0.000,0.000,0.002,15.0
234,-2.393,0.357,1.491,-0.000,0.000,0.002,15.0
235,-2.394,0.362,1.491,-0.000,0.000,0.002,15.0
236,-2.394,0.366,1.491,-0.000,0.000,0.002,15.0
237,-2.395,0.370,1.491,-0.000,0.000,0.002,15.0
238,-2.396,0.375,1.491,-0.000,0.000,0.002,15.0
239,-2.396,0.379,1.491,-0.000,0.000,0.002,15.0
240,-2.397,0.383,1.491,-0.000,0.000,0.002,15.0
241,-2.398,0.388,1.491,-0.000,0.000,0.002,15.0
242,-2.399,0.392,1.491,-0.000,0.000,0.002,15.0
243,-2.399,0.396,1.491,-0.000,0.000,0.002,15.0
244,-2.400,0.401,1.491,-0.000,0.000,0.002,15.0
245,-2.401,0.405,1.491,-0.000,0.000,0.002,15.0
246,-2.402,0.409,1.491,-0.000,0.000,0.002,15.0
247,-2.402,0.414,1.491,-0.000,0.000,0.002,15.0
248,-2.403,0.418,1.491,-0.000,0.000,0.002,15.0
249,-2.404,0.423,1.491,-0.000,0.000,0.002,15.0
250,-2.404,0.427,1.491,-0.000,0.000,0.002,15.0
251,-2.405,0.431,1.491,-0.000,0.000,0.002,15.0
252,-2.406,0.436,1.491,-0.000,0.000,0.002,15.0
253,-2.407,0.440,1.491,-0.000,0.000,0.002,15.0
254,-2.407,0.444,1.491,-0.000,0.000,0.002,15.0
255,-2.408,0.449,1.491,-0.000,0.000,0.002,15.0
256,-2.409,0.453,1.491,-0.000,0.000,0.002,15.0
257,-2.410,0.457,1.491,-0.000,0.000,0.002,15.0
258,-2.410,0.462,1.491,-0.000,0.000,0.002,15.0
259,-2.411,0.466,1.491,-0.000,0.000,0.002,15.0
260,-2.412,0.470,1.491,-0.000,0.000,0.002,15.0
261,-2.412,0.475,1.491,-0.000,0.000,0.002,15.0
262,-2.413,0.479,1.491,-0.000,0.000,0.002,15.0
263,-2.414,0.483,1.491,-0.000,0.000,0.002,15.0
264,-2.415,0.488,1.491,-0.000,0.000,0.002,15.0
265,-2.415,0.492,1.491,-0.000,0.000,0.002,15.0
266,-2.416,0.496,1.491,-0.000,0.000,0.002,15.0
267,-2.417,0.501,1.491,-0.000,0.000,0.002,15.0
268,-2.417,0.505,1.491,-0.000,0.000,0.002,15.0
269,-2.418,0.509,1.491,-0.000,0.000,0.002,15.0
270,-2.419,0.514,1.491,-0.000,0.000,0.002,15.0
271,-2.420,0.518,1.491,-0.000,0.000,0.002,15.0
272,-2.420,0.522,1.491,-0.000,0.000,0.002,15.0
273,-2.421,0.527,1.491,-0.000,0.000,0.002,15.0
274,-2.422,0.531,1.491,-0.000,0.000,0.002,15.0
275,-2.423,0.535,1.491,-0.000,0.000,0.002,15.0
276,-2.423,0.540,1.491,-0.000,0.000,0.002,15.0
277,-2.424,0.544,1.491,-0.000,0.000,0.002,15.0
278,-2.425,0.548,1.491,-0.000,0.000,0.002,15.0
279,-2.425,0.553,1.491,-0.000,0.000,0.002,15.0
280,-2.426,0.557,1.491,-0.000,0.000,0.002,15.0
281,-2.427,0.562,1.491,-0.000,0.000,0.002,15.0
282,-2.428,0.566,1.491,-0.000,0.000,0.002,15.0
283,-2.428,0.570,1.491,-0.000,0.000,0.002,15.0
284,-2.429,0.575,1.491,-0.000,0.000,0.002,15.0
285,-2.430,0.579,1.491,-0.000,0.000,0.002,15.0
286,-2.431,0.583,1.491,-0.000,0.000,0.002,15.0
287,-2.431,0.588,1.491,-0.000,0.000,0.002,15.0
288,-2.432,0.592,1.491,-0.000,0.000,0.002,15.0
289,-2.433,0.596,1.491,-0.000,0.000,0.002,15.0
290,-2.433,0.601,1.491,-0.000,0.000,0.002,15.0
291,-2.434,0.605,1.491,-0.000,0.000,0.002,15.0
292,-2.435,0.609,1.491,-0.000,0.000,0.002,15.0
293,-2.436,0.614,1.491,-0.000,0.000,0.002,15.0
294,-2.436,0.618,1.491,-0.000,0.000,0.002,15.0
295,-2.437,0.622,1.491,-0.000,0.000,0.002,15.0
296,-2.438,0.627,1.491,-0.000,0.000,0.002,15.0
297,-2.438,0.631,1.491,-0.000,0.000,0.002,15.0
298,-2.439,0.635,1.491,-0.000,0.000,0.002,15.0
299,-2.440,0.640,1.491,-0.000,0.000,0.002,15.0
300,-2.441,0.644,1.491,-0.000,0.000,0.002,15.0
301,-2.441,0.648,1.491,-0.000,0.000,0.002,15.0
302,-2.442,0.653,1.491,-0.000,0.000,0.002,15.0
303,-2.443,0.657,1.491,-0.000,0.000,0.002,15.0
304,-2.444,0.661,1.491,-0.000,0.001,0.004,15.0
305,-2.444,0.666,1.491,-0.000,0.001,0.007,15.0
306,-2.445,0.670,1.491,-0.000,0.002,0.012,15.0
307,-2.446,0.674,1.491,-0.000,0.003,0.016,15.0
308,-2.446,0.679,1.491,-0.000,0.003,0.019,15.0
309,-2.447,0.683,1.491,-0.000,0.003,0.020,15.0
310,-2.448,0.687,1.491,-0.000,0.003,0.019,15.0
311,-2.448,0.691,1.491,-0.000,0.003,0.018,15.0
312,-2.449,0.695,1.491,-0.000,0.003,0.016,15.0
313,-2.450,0.699,1.491,-0.000,0.003,0.015,15.0
314,-2.450,0.703,1.491,-0.000,0.002,0.015,15.0
315,-2.451,0.707,1.491,-0.000,0.002,0.015,15.0
316,-2.452,0.711,1.491,-0.000,0.003,0.015,15.0
317,-2.452,0.714,1.491,-0.000,0.003,0.016,15.0
318,-2.453,0.718,1.491,-0.000,0.003,0.016,15.0
319,-2.454,0.722,1.491,-0.000,0.003,0.016,15.0
320,-2.454,0.725,1.491,-0.000,0.003,0.016,15.0
321,-2.455,0.729,1.491,-0.000,0.003,0.016,15.0
322,-2.455,0.733,1.491,-0.000,0.003,0.015,15.0
323,-2.456,0.736,1.491,-0.000,0.002,0.015,15.0
324,-2.457,0.740,1.491,-0.000,0.002,0.015,15.0
325,-2.457,0.743,1.491,-0.000,0.002,0.014,15.0
326,-2.458,0.746,1.491,-0.000,0.002,0.014,15.0
327,-2.458,0.750,1.491,-0.000,0.002,0.014,15.0
328,-2.459,0.753,1.491,-0.000,0.002,0.014,15.0
329,-2.459,0.756,1.491,-0.000,0.002,0.014,15.0
330,-2.460,0.759,1.491,-0.000,0.002,0.014,15.0
331,-2.460,0.762,1.491,-0.000,0.002,0.014,15.0
332,-2.461,0.766,1.491,-0.000,0.002,0.013,15.0
333,-2.461,0.769,1.491,-0.000,0.002,0.013,15.0
334,-2.462,0.772,1.491,-0.000,0.002,0.013,15.0
335,-2.462,0.775,1.491,-0.000,0.002,0.013,15.0
336,-2.463,0.778,1.491,-0.000,0.002,0.013,15.0
337,-2.463,0.781,1.491,-0.000,0.002,0.013,15.0
338,-2.464,0.783,1.491,-0.000,0.002,0.012,15.0
339,-2.464,0.786,1.491,-0.000,0.002,0.012,15.0
340,-2.465,0.789,1.491,-0.000,0.002,0.012,15.0
341,-2.465,0.792,1.491,-0.000,0.002,0.012,15.0
342,-2.466,0.795,1.491,-0.000,0.002,0.012,15.0
343,-2.466,0.797,1.491,-0.000,0.002,0.012,15.0
344,-2.467,0.800,1.491,-0.000,0.002,0.011,15.0
345,-2.467,0.802,1.491,-0.000,0.002,0.011,15.0
346,-2.467,0.805,1.491,-0.000,0.002,0.011,15.0
347,-2.468,0.808,1.491,-0.000,0.002,0.011,15.0
348,-2.468,0.810,1.491,-0.000,0.002,0.011,15.0
349,-2.469,0.813,1.491,-0.000,0.002,0.011,15.0
350,-2.469,0.815,1.490,-0.000,0.002,0.011,15.0
351,-2.470,0.817,1.490,-0.000,0.002,0.010,15.0
352,-2.470,0.820,1.490,-0.000,0.002,0.010,15.0
353,-2.470,0.822,1.490,-0.000,0.002,0.010,15.0
354,-2.471,0.825,1.490,-0.000,0.002,0.010,15.0
355,-2.471,0.827,1.490,-0.000,0.002,0.010,15.0
356,-2.472,0.829,1.490,-0.000,0.002,0.010,15.0
357,-2.472,0.831,1.490,-0.000,0.002,0.010,15.0
358,-2.472,0.834,1.490,-0.000,0.002,0.010,15.0
359,-2.473,0.836,1.490,-0.000,0.002,0.009,15.0
360,-2.473,0.838,1.490,-0.000,0.002,0.009,15.0
361,-2.473,0.840,1.490,-0.000,0.002,0.009,15.0
362,-2.474,0.842,1.490,-0.000,0.002,0.009,15.0
363,-2.474,0.844,1.490,-0.000,0.001,0.009,15.0
364,-2.474,0.846,1.490,-0.000,0.001,0.009,15.0
365,-2.475,0.848,1.490,-0.000,0.001,0.009,15.0
366,-2.475,0.850,1.490,-0.000,0.001,0.009,15.0
367,-2.475,0.852,1.490,-0.000,0.001,0.008,15.0
368,-2.476,0.854,1.490,-0.000,0.001,0.008,15.0
369,-2.476,0.856,1.490,-0.000,0.001,0.008,15.0
370,-2.476,0.858,1.490,-0.000,0.001,0.008,15.0
371,-2.477,0.860,1.490,-0.000,0.001,0.008,15.0
372,-2.477,0.862,1.490,-0.000,0.001,0.008,15.0
373,-2.477,0.863,1.490,-0.000,0.001,0.008,15.0
374,-2.478,0.865,1.490,-0.000,0.001,0.008,15.0
375,-2.478,0.867,1.490,-0.000,0.001,0.008,15.0
376,-2.478,0.869,1.490,-0.000,0.001,0.008,15.0
377,-2.478,0.870,1.490,-0.000,0.001,0.007,15.0
378,-2.479,0.872,1.490,-0.000,0.001,0.007,15.0
379,-2.479,0.874,1.490,-0.000,0.001,0.007,15.0
380,-2.479,0.875,1.490,-0.000,0.001,0.007,15.0
381,-2.480,0.877,1.490,-0.000,0.001,0.007,15.0
382,-2.480,0.879,1.490,-0.000,0.001,0.007,15.0
383,-2.480,0.880,1.490,-0.000,0.001,0.007,15.0
384,-2.480,0.882,1.490,-0.000,0.001,0.007,15.0
385,-2.481,0.883,1.490,-0.000,0.001,0.007,15.0
386,-2.481,0.885,1.490,-0.000,0.001,0.007,15.0
387,-2.481,0.886,1.490,-0.000,0.001,0.006,15.0
388,-2.481,0.888,1.490,-0.000,0.001,0.006,15.0
389,-2.482,0.889,1.490,-0.000,0.001,0.006,15.0
390,-2.482,0.891,1.490,-0.000,0.001,0.006,15.0
391,-2.482,0.892,1.490,-0.000,0.001,0.006,15.0
392,-2.482,0.894,1.490,-0.000,0.001,0.006,15.0
393,-2.483,0.895,1.490,-0.000,0.001,0.006,15.0
394,-2.483,0.896,1.490,-0.000,0.001,0.006,15.0
395,-2.483,0.898,1.490,-0.000,0.001,0.006,15.0
396,-2.483,0.899,1.490,-0.000,0.001,0.006,15.0
397,-2.483,0.900,1.490,-0.000,0.001,0.006,15.0
398,-2.484,0.902,1.490,-0.000,0.001,0.006,15.0
399,-2.484,0.903,1.490,-0.000,0.001,0.006,15.0
400,-2.484,0.904,1.490,-0.000,0.001,0.005,15.0
401,-2.484,0.906,1.490,-0.000,0.001,0.005,15.0
402,-2.484,0.907,1.490,-0.000,0.001,0.005,15.0
403,-2.485,0.908,1.490,-0.000,0.001,0.005,15.0
404,-2.485,0.909,1.490,-0.000,0.001,0.005,15.0
405,-2.485,0.910,1.490,-0.000,0.001,0.005,15.0
406,-2.485,0.912,1.490,-0.000,0.014,0.007,3.0
407,-2.485,0.913,1.490,-0.000,0.023,0.008,3.0
408,-2.485,0.914,1.490,-0.000,0.025,0.018,1
409,-2.485,0.915,1.490,-0.000,0.021,0.033,1
410,-2.485,0.916,1.490,-0.000,-0.015,0.023,4.0
411,-2.485,0.917,1.490,-0.000,-0.043,0.008,4.0
412,-2.485,0.918,1.490,-0.000,-0.052,-0.004,4.0
413,-2.486,0.918,1.490,-0.000,-0.044,-0.010,4.0
414,-2.486,0.919,1.490,-0.000,-0.025,-0.009,4.0
415,-2.487,0.920,1.490,-0.000,-0.002,-0.004,4.0
416,-2.487,0.921,1.490,-0.000,0.017,0.004,4.0
417,-2.488,0.922,1.490,-0.000,0.028,0.012,4.0
418,-2.488,0.923,1.490,-0.000,0.032,0.018,4.0
419,-2.488,0.924,1.490,-0.000,0.028,0.020,4.0
420,-2.489,0.925,1.490,-0.000,0.020,0.018,4.0
421,-2.489,0.925,1.490,-0.000,0.012,0.015,4.0
422,-2.489,0.926,1.490,-0.000,0.006,0.012,4.0
423,-2.489,0.927,1.490,-0.000,0.003,0.009,4.0
424,-2.489,0.927,1.490,-0.000,0.004,0.007,4.0
425,-2.489,0.928,1.490,-0.000,0.007,0.007,4.0
426,-2.489,0.928,1.490,-0.000,0.011,0.008,4.0
427,-2.489,0.929,1.490,-0.000,0.014,0.010,4.0
428,-2.489,0.929,1.490,-0.000,0.016,0.011,4.0
429,-2.489,0.930,1.490,-0.000,0.017,0.012,4.0
430,-2.488,0.930,1.490,-0.000,0.016,0.013,4.0
431,-2.488,0.931,1.490,-0.000,0.014,0.012,4.0
432,-2.488,0.931,1.490,-0.000,0.013,0.011,4.0
433,-2.487,0.931,1.490,-0.000,0.193,0.096,4.0
434,-2.486,0.931,1.490,-0.000,0.309,0.150,4.0
435,-2.484,0.931,1.490,-0.000,0.318,0.152,4.0
436,-2.481,0.930,1.490,-0.000,0.243,0.116,4.0
437,-2.477,0.928,1.491,-0.000,0.127,0.060,4.0
438,-2.473,0.926,1.491,-0.000,0.015,0.007,4.0
439,-2.468,0.925,1.491,-0.000,-0.062,-0.029,4.0
440,-2.464,0.923,1.491,-0.000,-0.092,-0.043,4.0
441,-2.460,0.921,1.492,-0.000,-0.081,-0.037,4.0
442,-2.456,0.920,1.492,-0.000,-0.044,-0.019,4.0
443,-2.452,0.919,1.492,-0.000,-0.000,0.001,4.0
444,-2.449,0.917,1.492,-0.000,0.033,0.016,4.0
445,-2.445,0.916,1.492,-0.000,0.048,0.023,4.0
446,-2.441,0.915,1.492,-0.000,0.045,0.022,4.0
447,-2.437,0.913,1.492,-0.000,0.030,0.015,4.0
448,-2.433,0.912,1.492,-0.000,0.010,0.005,4.0
449,-2.429,0.910,1.493,-0.000,-0.007,-0.003,4.0
450,-2.425,0.908,1.493,-0.000,-0.017,-0.007,4.0
451,-2.420,0.907,1.493,-0.000,-0.020,-0.008,4.0
452,-2.416,0.905,1.493,-0.000,-0.015,-0.006,4.0
453,-2.412,0.904,1.493,-0.000,-0.008,-0.003,4.0
454,-2.408,0.902,1.493,-0.000,-0.001,0.001,4.0
455,-2.404,0.901,1.493,-0.000,0.004,0.003,4.0
456,-2.400,0.899,1.493,-0.000,0.006,0.004,4.0
457,-2.396,0.898,1.494,-0.000,0.005,0.003,4.0
458,-2.392,0.896,1.494,-0.000,0.002,0.002,4.0
459,-2.388,0.894,1.494,-0.000,-0.002,0.000,4.0
460,-2.384,0.893,1.494,-0.000,-0.004,-0.001,4.0
461,-2.379,0.891,1.494,-0.000,-0.006,-0.001,4.0
462,-2.375,0.890,1.494,-0.000,-0.005,-0.001,4.0
463,-2.371,0.888,1.494,-0.000,-0.004,-0.001,4.0
464,-2.367,0.886,1.494,-0.000,-0.003,-0.000,4.0
465,-2.363,0.885,1.494,-0.000,-0.002,0.000,4.0
466,-2.359,0.883,1.494,-0.000,-0.001,0.000,4.0
467,-2.355,0.882,1.494,-0.000,-0.001,0.001,4.0
468,-2.351,0.880,1.494,-0.000,-0.001,0.000,4.0
469,-2.347,0.878,1.494,-0.000,-0.002,0.000,4.0
470,-2.343,0.877,1.494,-0.000,-0.003,-0.000,4.0
471,-2.338,0.875,1.494,-0.000,-0.003,-0.000,4.0
472,-2.334,0.874,1.494,-0.000,-0.003,-0.000,4.0
473,-2.330,0.872,1.494,-0.000,-0.003,-0.000,4.0
474,-2.326,0.870,1.494,-0.000,-0.003,-0.000,4.0
475,-2.322,0.869,1.494,-0.000,-0.003,-0.000,4.0
476,-2.318,0.867,1.494,-0.000,-0.002,0.000,4.0
477,-2.314,0.865,1.494,-0.000,-0.002,0.000,4.0
478,-2.310,0.864,1.494,-0.000,-0.002,0.000,4.0
479,-2.306,0.862,1.494,-0.000,-0.002,0.000,4.0
480,-2.302,0.861,1.494,-0.000,-0.002,-0.000,4.0
481,-2.297,0.859,1.494,-0.000,-0.003,-0.000,4.0
482,-2.293,0.857,1.494,-0.000,-0.003,-0.000,4.0
483,-2.289,0.856,1.494,-0.000,-0.003,-0.000,4.0
484,-2.285,0.854,1.494,-0.000,-0.003,-0.000,4.0
485,-2.281,0.852,1.494,-0.000,-0.003,-0.000,4.0
486,-2.277,0.851,1.494,-0.000,-0.003,-0.000,4.0
487,-2.273,0.849,1.494,-0.000,-0.002,0.000,4.0
488,-2.269,0.847,1.494,-0.000,-0.002,0.000,4.0
489,-2.265,0.846,1.494,-0.000,-0.002,0.000,4.0
490,-2.261,0.844,1.494,-0.000,-0.003,0.000,4.0
491,-2.257,0.842,1.494,-0.000,-0.003,0.000,4.0
492,-2.253,0.841,1.494,-0.000,-0.003,-0.000,4.0
493,-2.249,0.839,1.494,-0.000,-0.003,-0.000,4.0
494,-2.244,0.837,1.494,-0.000,-0.003,0.000,4.0
495,-2.240,0.836,1.494,-0.000,-0.003,0.000,4.0
496,-2.236,0.834,1.494,-0.000,-0.003,0.000,4.0
497,-2.232,0.832,1.494,-0.000,-0.003,0.000,4.0
498,-2.228,0.831,1.494,-0.000,-0.003,0.000,4.0
499,-2.224,0.829,1.494,-0.000,-0.003,0.000,4.0
500,-2.220,0.827,1.494,-0.000,-0.003,0.000,4.0
501,-2.216,0.826,1.494,-0.000,-0.003,0.000,4.0
502,-2.212,0.824,1.494,-0.000,-0.003,0.000,4.0
503,-2.208,0.822,1.494,-0.000,-0.003,0.000,4.0
504,-2.204,0.820,1.494,-0.000,-0.003,0.000,4.0
505,-2.200,0.819,1.494,-0.000,-0.003,0.000,4.0
506,-2.196,0.817,1.494,-0.000,-0.003,0.000,4.0
507,-2.192,0.815,1.494,-0.000,-0.003,0.000,4.0
508,-2.188,0.814,1.494,-0.000,-0.003,0.000,4.0
509,-2.184,0.812,1.494,-0.000,-0.003,0.000,4.0
510,-2.179,0.810,1.494,-0.000,-0.003,0.000,4.0
511,-2.175,0.808,1.494,-0.000,-0.003,0.000,4.0
512,-2.171,0.807,1.494,-0.000,-0.003,0.000,4.0
513,-2.167,0.805,1.494,-0.000,-0.003,0.000,4.0
514,-2.163,0.803,1.494,-0.000,-0.003,0.000,4.0
515,-2.159,0.801,1.494,-0.000,-0.003,0.000,4.0
516,-2.155,0.800,1.494,-0.000,-0.003,0.000,4.0
517,-2.151,0.798,1.494,-0.000,-0.003,0.000,4.0
518,-2.147,0.796,1.494,-0.000,-0.039,-0.016,1
519,-2.143,0.794,1.494,-0.000,-0.100,-0.043,1
520,-2.140,0.793,1.494,-0.000,-0.214,0.105,1
521,-2.137,0.791,1.494,-0.000,-0.292,0.199,1
522,-2.135,0.788,1.494,-0.000,-0.308,0.199,1
523,-2.134,0.785,1.494,-0.000,-0.227,-0.039,1
524,-2.134,0.782,1.494,-0.000,-0.299,-0.348,15.0
525,-2.135,0.780,1.494,-0.000,-0.314,-0.506,15.0
526,-2.137,0.780,1.494,-0.000,-0.256,-0.490,15.0
527,-2.140,0.781,1.495,-0.000,-0.158,-0.347,15.0
528,-2.143,0.783,1.495,-0.000,-0.056,-0.153,15.0
529,-2.147,0.787,1.495,-0.000,0.019,0.021,15.0
530,-2.151,0.790,1.495,-0.000,0.057,0.130,15.0
531,-2.155,0.792,1.495,-0.000,0.057,0.161,15.0
532,-2.158,0.795,1.496,-0.000,0.032,0.128,15.0
533,-2.161,0.796,1.496,-0.000,-0.001,0.060,15.0
534,-2.164,0.798,1.496,-0.000,-0.029,-0.011,15.0
535,-2.168,0.799,1.496,-0.000,-0.043,-0.062,15.0
536,-2.171,0.801,1.496,-0.000,-0.042,-0.082,15.0
537,-2.175,0.803,1.496,-0.000,-0.030,-0.073,15.0
538,-2.179,0.805,1.497,-0.000,-0.014,-0.045,15.0
539,-2.182,0.808,1.497,-0.000,0.001,-0.011,15.0
540,-2.186,0.810,1.497,-0.000,0.011,0.015,15.0
541,-2.190,0.813,1.497,-0.000,0.015,0.029,15.0
542,-2.194,0.815,1.497,-0.000,0.012,0.030,15.0
543,-2.198,0.817,1.497,-0.000,0.007,0.021,15.0
544,-2.201,0.819,1.497,-0.000,0.001,0.008,15.0
545,-2.205,0.822,1.497,-0.000,-0.003,-0.003,15.0
546,-2.209,0.824,1.497,-0.000,-0.002,-0.009,15.0
547,-2.212,0.826,1.497,-0.000,0.002,-0.008,15.0
548,-2.216,0.828,1.497,-0.000,0.009,-0.003,15.0
549,-2.220,0.830,1.498,-0.000,0.014,0.004,15.0
550,-2.223,0.833,1.498,-0.000,0.018,0.010,15.0
551,-2.227,0.835,1.498,-0.000,0.019,0.014,15.0
552,-2.231,0.837,1.498,-0.000,0.018,0.015,15.0
553,-2.234,0.839,1.498,-0.000,0.016,0.014,15.0
554,-2.238,0.841,1.498,-0.000,0.014,0.011,15.0
555,-2.241,0.843,1.498,-0.000,0.012,0.008,15.0
556,-2.244,0.845,1.498,-0.000,0.012,0.006,15.0
557,-2.248,0.847,1.498,-0.000,0.012,0.006,15.0
558,-2.251,0.849,1.498,-0.000,0.012,0.006,15.0
559,-2.254,0.851,1.498,-0.000,0.013,0.007,15.0
560,-2.257,0.853,1.498,-0.000,0.014,0.008,15.0
561,-2.261,0.855,1.498,-0.000,0.014,0.009,15.0
562,-2.264,0.857,1.498,-0.000,0.014,0.009,15.0
563,-2.267,0.859,1.498,-0.000,0.014,0.009,15.0
564,-2.270,0.861,1.498,-0.000,0.013,0.009,15.0
565,-2.273,0.863,1.498,-0.000,0.013,0.008,15.0
566,-2.276,0.864,1.498,-0.000,0.012,0.008,15.0
567,-2.279,0.866,1.498,-0.000,0.012,0.007,15.0
568,-2.282,0.868,1.498,-0.000,0.012,0.007,15.0
569,-2.285,0.870,1.498,-0.000,0.012,0.007,15.0
570,-2.287,0.871,1.498,-0.000,0.012,0.007,15.0
571,-2.290,0.873,1.498,-0.000,0.012,0.007,15.0
572,-2.293,0.875,1.498,-0.000,0.012,0.007,15.0
573,-2.296,0.876,1.498,-0.000,0.012,0.007,15.0
574,-2.298,0.878,1.498,-0.000,0.012,0.007,15.0
575,-2.301,0.880,1.498,-0.000,0.011,0.007,15.0
576,-2.304,0.881,1.498,-0.000,0.011,0.007,15.0
577,-2.306,0.883,1.498,-0.000,0.011,0.007,15.0
578,-2.309,0.884,1.498,-0.000,0.011,0.007,15.0
579,-2.311,0.886,1.498,-0.000,0.011,0.006,15.0
580,-2.314,0.887,1.498,-0.000,0.011,0.006,15.0
581,-2.316,0.889,1.498,-0.000,0.011,0.006,15.0
582,-2.318,0.890,1.498,-0.000,0.010,0.006,15.0
583,-2.321,0.892,1.498,-0.000,0.010,0.006,15.0
584,-2.323,0.893,1.498,-0.000,0.010,0.006,15.0
585,-2.326,0.894,1.498,-0.000,0.010,0.006,15.0
586,-2.328,0.896,1.498,-0.000,0.010,0.006,15.0
587,-2.330,0.897,1.498,-0.000,0.010,0.006,15.0
588,-2.332,0.899,1.498,-0.000,0.010,0.006,15.0
589,-2.334,0.900,1.498,-0.000,0.009,0.006,15.0
590,-2.337,0.901,1.498,-0.000,0.009,0.006,15.0
591,-2.339,0.902,1.497,-0.000,0.009,0.006,15.0
592,-2.341,0.904,1.497,-0.000,0.009,0.005,15.0
593,-2.343,0.905,1.497,-0.000,0.009,0.005,15.0
594,-2.345,0.906,1.497,-0.000,0.009,0.005,15.0
595,-2.347,0.907,1.497,-0.000,0.009,0.005,15.0
596,-2.349,0.909,1.497,-0.000,0.009,0.005,15.0
597,-2.351,0.910,1.497,-0.000,0.009,0.005,15.0
598,-2.353,0.911,1.497,-0.000,0.008,0.005,15.0
599,-2.355,0.912,1.497,-0.000,0.008,0.005,15.0
600,-2.357,0.913,1.497,-0.000,0.008,0.005,15.0
601,-2.359,0.915,1.497,-0.000,0.008,0.005,15.0
602,-2.361,0.916,1.497,-0.000,0.008,0.005,15.0
603,-2.362,0.917,1.497,-0.000,0.008,0.005,15.0
604,-2.364,0.918,1.497,-0.000,0.008,0.005,15.0
605,-2.366,0.919,1.497,-0.000,0.008,0.005,15.0
606,-2.368,0.920,1.497,-0.000,0.008,0.005,15.0
607,-2.369,0.921,1.497,-0.000,0.007,0.005,15.0
608,-2.371,0.922,1.497,-0.000,0.007,0.004,15.0
609,-2.373,0.923,1.497,-0.000,0.007,0.004,15.0
610,-2.374,0.924,1.497,-0.000,0.007,0.004,15.0
611,-2.376,0.925,1.497,-0.000,0.007,0.004,15.0
612,-2.378,0.926,1.497,-0.000,0.007,0.004,15.0
613,-2.379,0.927,1.497,-0.000,0.007,0.004,15.0
614,-2.381,0.928,1.497,-0.000,0.007,0.004,15.0
615,-2.382,0.929,1.497,-0.000,0.007,0.004,15.0
616,-2.384,0.930,1.497,-0.000,0.007,0.004,15.0
617,-2.386,0.931,1.497,-0.000,0.007,0.004,15.0
618,-2.387,0.932,1.497,-0.000,0.006,0.004,15.0
619,-2.389,0.933,1.497,-0.000,0.006,0.004,15.0
620,-2.390,0.933,1.497,-0.000,0.006,0.004,15.0
621,-2.391,0.934,1.497,-0.000,0.006,0.004,15.0
622,-2.393,0.935,1.497,-0.000,0.006,0.004,15.0
623,-2.394,0.936,1.497,-0.000,0.006,0.004,15.0
624,-2.396,0.937,1.497,-0.000,0.006,0.004,15.0
625,-2.397,0.938,1.497,-0.000,0.006,0.004,15.0
626,-2.398,0.939,1.497,-0.000,0.006,0.004,15.0
627,-2.400,0.939,1.497,-0.000,0.006,0.003,15.0
628,-2.401,0.940,1.497,-0.000,0.006,0.003,15.0
629,-2.402,0.941,1.497,-0.000,0.006,0.003,15.0
630,-2.404,0.942,1.497,-0.000,0.006,0.003,15.0
631,-2.405,0.942,1.497,-0.000,0.005,0.003,15.0
632,-2.406,0.943,1.497,-0.000,0.005,0.003,15.0
633,-2.407,0.944,1.497,-0.000,0.005,0.003,15.0
634,-2.409,0.945,1.497,-0.000,0.005,0.003,15.0
635,-2.410,0.945,1.497,-0.000,0.005,0.003,15.0
636,-2.411,0.946,1.497,-0.000,0.005,0.003,15.0
637,-2.412,0.947,1.497,-0.000,0.005,0.003,15.0
638,-2.413,0.947,1.497,-0.000,0.005,0.003,15.0
639,-2.414,0.948,1.497,-0.000,0.005,0.003,15.0
640,-2.415,0.949,1.497,-0.000,0.005,0.003,15.0
641,-2.417,0.950,1.497,-0.000,0.005,0.003,15.0
642,-2.418,0.950,1.497,-0.000,0.005,0.003,15.0
643,-2.419,0.951,1.497,-0.000,0.005,0.003,15.0
644,-2.420,0.951,1.497,-0.000,0.005,0.003,15.0
645,-2.421,0.952,1.497,-0.000,0.005,0.003,15.0
646,-2.422,0.953,1.497,-0.000,0.004,0.003,15.0
647,-2.423,0.953,1.497,-0.000,0.004,0.003,15.0
648,-2.424,0.954,1.497,-0.000,0.004,0.003,15.0
649,-2.425,0.955,1.497,-0.000,0.004,0.003,15.0
650,-2.426,0.955,1.497,-0.000,0.004,0.003,15.0
651,-2.427,0.956,1.497,-0.000,0.004,0.003,15.0
652,-2.428,0.956,1.497,-0.000,0.004,0.002,15.0
653,-2.429,0.957,1.497,-0.000,0.004,0.002,15.0
654,-2.430,0.957,1.497,-0.000,0.004,0.002,15.0
655,-2.431,0.958,1.497,-0.000,0.004,0.002,15.0
656,-2.432,0.959,1.497,-0.000,0.004,0.002,15.0
657,-2.432,0.959,1.497,-0.000,0.004,0.002,15.0
658,-2.433,0.960,1.497,-0.000,0.004,0.002,15.0
659,-2.434,0.960,1.497,-0.000,0.004,0.002,15.0
660,-2.435,0.961,1.497,-0.000,0.004,0.002,15.0
661,-2.436,0.961,1.497,-0.000,0.004,0.002,15.0
662,-2.437,0.962,1.497,-0.000,0.004,0.002,15.0
663,-2.438,0.962,1.497,-0.000,0.004,0.002,15.0
664,-2.438,0.963,1.497,-0.000,0.004,0.002,15.0
665,-2.439,0.963,1.497,-0.000,0.003,0.002,15.0
666,-2.440,0.964,1.497,-0.000,0.003,0.002,15.0
667,-2.441,0.964,1.497,-0.000,0.003,0.002,15.0
668,-2.442,0.965,1.497,-0.000,0.003,0.002,15.0
669,-2.442,0.965,1.497,-0.000,0.003,0.002,15.0
670,-2.443,0.966,1.497,-0.000,0.003,0.002,15.0
671,-2.444,0.966,1.497,-0.000,0.003,0.002,15.0
672,-2.445,0.966,1.497,-0.000,0.003,0.002,15.0
673,-2.445,0.967,1.497,-0.000,0.003,0.002,15.0
674,-2.446,0.967,1.497,-0.000,0.003,0.002,15.0
675,-2.447,0.968,1.497,-0.000,0.003,0.002,15.0
676,-2.447,0.968,1.497,-0.000,0.003,0.002,15.0
677,-2.448,0.969,1.497,-0.000,0.003,0.002,15.0
678,-2.449,0.969,1.497,-0.000,0.003,0.002,15.0
679,-2.449,0.969,1.497,-0.000,0.003,0.002,15.0
680,-2.450,0.970,1.497,-0.000,0.003,0.002,15.0
681,-2.451,0.970,1.497,-0.000,0.003,0.002,15.0
682,-2.451,0.971,1.497,-0.000,0.003,0.002,15.0
683,-2.452,0.971,1.497,-0.000,0.003,0.002,15.0
684,-2.453,0.971,1.497,-0.000,0.003,0.002,15.0
685,-2.453,0.972,1.497,-0.000,0.003,0.002,15.0
686,-2.454,0.972,1.497,-0.000,0.003,0.002,15.0
687,-2.454,0.972,1.497,-0.000,0.003,0.002,15.0
688,-2.455,0.973,1.497,-0.000,0.003,0.002,15.0
689,-2.456,0.973,1.497,-0.000,0.003,0.002,15.0
690,-2.456,0.974,1.497,-0.000,0.003,0.002,15.0
691,-2.457,0.974,1.497,-0.000,0.002,0.001,15.0
692,-2.457,0.974,1.497,-0.000,0.002,0.001,15.0
693,-2.458,0.975,1.497,-0.000,0.002,0.001,15.0
694,-2.458,0.975,1.497,-0.000,0.002,0.001,15.0
695,-2.459,0.975,1.497,-0.000,0.002,0.001,15.0
696,-2.460,0.976,1.497,-0.000,0.002,0.001,15.0
697,-2.460,0.976,1.497,-0.000,0.002,0.001,15.0
698,-2.461,0.976,1.497,-0.000,0.002,0.001,15.0
699,-2.461,0.976,1.497,-0.000,0.002,0.001,15.0
700,-2.462,0.977,1.497,-0.000,0.002,0.001,15.0
701,-2.462,0.977,1.497,-0.000,0.002,0.001,15.0
702,-2.463,0.977,1.497,-0.000,0.002,0.001,15.0
703,-2.463,0.978,1.497,-0.000,0.002,0.001,15.0
704,-2.464,0.978,1.497,-0.000,0.002,0.001,15.0
705,-2.464,0.978,1.497,-0.000,0.002,0.001,15.0
706,-2.465,0.979,1.497,-0.000,0.002,0.001,15.0
707,-2.465,0.979,1.497,-0.000,0.002,0.001,15.0
708,-2.465,0.979,1.497,-0.000,0.002,0.001,15.0
709,-2.466,0.979,1.497,-0.000,0.002,0.001,15.0
710,-2.466,0.980,1.497,-0.000,0.002,0.001,15.0
711,-2.467,0.980,1.497,-0.000,0.002,0.001,15.0
712,-2.467,0.980,1.497,-0.000,0.002,0.001,15.0
713,-2.468,0.980,1.497,-0.000,0.002,0.001,15.0
714,-2.468,0.981,1.497,-0.000,0.002,0.001,15.0
715,-2.469,0.981,1.497,-0.000,0.002,0.001,15.0
716,-2.469,0.981,1.497,-0.000,0.002,0.001,15.0
717,-2.469,0.981,1.497,-0.000,0.002,0.001,15.0
718,-2.470,0.982,1.497,-0.000,0.002,0.001,15.0
719,-2.470,0.982,1.497,-0.000,0.002,0.001,15.0
720,-2.471,0.982,1.497,-0.000,0.002,0.001,15.0
721,-2.471,0.982,1.497,-0.000,0.002,0.001,15.0
722,-2.471,0.983,1.497,-0.000,0.002,0.001,15.0
723,-2.472,0.983,1.497,-0.000,0.002,0.001,15.0
724,-2.472,0.983,1.497,-0.000,0.002,0.001,15.0
725,-2.472,0.983,1.497,-0.000,0.002,0.001,15.0
726,-2.473,0.984,1.497,-0.000,0.002,0.001,15.0
727,-2.473,0.984,1.497,-0.000,0.002,0.001,15.0
728,-2.473,0.984,1.497,-0.000,0.002,0.001,15.0
729,-2.474,0.984,1.497,-0.000,0.001,0.001,15.0
730,-2.474,0.984,1.497,-0.000,0.001,0.001,15.0
731,-2.475,0.985,1.497,-0.000,0.001,0.001,15.0
732,-2.475,0.985,1.497,-0.000,0.001,0.001,15.0
733,-2.475,0.985,1.497,-0.000,0.001,0.001,15.0
734,-2.475,0.985,1.497,-0.000,0.001,0.001,15.0
735,-2.476,0.985,1.497,-0.000,0.001,0.001,15.0
736,-2.476,0.986,1.497,-0.000,0.001,0.001,15.0
737,-2.476,0.986,1.497,-0.000,0.001,0.001,15.0
738,-2.477,0.986,1.497,-0.000,0.001,0.001,15.0
739,-2.477,0.986,1.497,-0.000,0.001,0.001,15.0
740,-2.477,0.986,1.497,-0.000,0.001,0.001,15.0
741,-2.478,0.986,1.497,-0.000,0.001,0.001,15.0
742,-2.478,0.987,1.497,-0.000,0.001,0.001,15.0
743,-2.478,0.987,1.497,-0.000,0.001,0.001,15.0
744,-2.479,0.987,1.497,-0.000,0.001,0.001,15.0
745,-2.479,0.987,1.497,-0.000,0.001,0.001,15.0
746,-2.479,0.987,1.497,-0.000,0.001,0.001,15.0
747,-2.479,0.988,1.497,-0.000,0.001,0.001,15.0
748,-2.480,0.988,1.497,-0.000,0.001,0.001,15.0
749,-2.480,0.988,1.497,-0.000,0.001,0.001,15.0
750,-2.480,0.988,1.497,-0.000,0.001,0.001,15.0
751,-2.480,0.988,1.497,-0.000,0.001,0.001,15.0
752,-2.481,0.988,1.497,-0.000,0.001,0.001,15.0
753,-2.481,0.988,1.497,-0.000,0.001,0.001,15.0
754,-2.481,0.989,1.497,-0.000,0.001,0.001,15.0
755,-2.481,0.989,1.497,-0.000,0.001,0.001,15.0
756,-2.482,0.989,1.497,-0.000,0.001,0.001,15.0
757,-2.482,0.989,1.497,-0.000,0.001,0.001,15.0
758,-2.482,0.989,1.497,-0.000,0.001,0.001,15.0
759,-2.482,0.989,1.497,-0.000,0.001,0.001,15.0
760,-2.483,0.989,1.497,-0.000,0.001,0.001,15.0
761,-2.483,0.990,1.497,-0.000,0.001,0.001,15.0
762,-2.483,0.990,1.497,-0.000,0.001,0.001,15.0
763,-2.483,0.990,1.497,-0.000,0.001,0.001,15.0
764,-2.483,0.990,1.497,-0.000,0.001,0.001,15.0
765,-2.484,0.990,1.497,-0.000,0.001,0.001,15.0
766,-2.484,0.990,1.497,-0.000,0.001,0.001,15.0
767,-2.484,0.990,1.497,-0.000,0.001,0.001,15.0
768,-2.484,0.991,1.497,-0.000,0.001,0.001,15.0
769,-2.485,0.991,1.497,-0.000,0.001,0.001,15.0
770,-2.485,0.991,1.497,-0.000,0.001,0.001,15.0
771,-2.485,0.991,1.497,-0.000,0.001,0.001,15.0
772,-2.485,0.991,1.497,-0.000,0.001,0.001,15.0
773,-2.485,0.991,1.497,-0.000,0.001,0.001,15.0
774,-2.486,0.991,1.497,-0.000,0.001,0.001,15.0
775,-2.486,0.991,1.497,-0.000,0.001,0.000,15.0
776,-2.486,0.991,1.497,-0.000,0.001,0.000,15.0
777,-2.486,0.992,1.497,-0.000,0.001,0.000,15.0
778,-2.486,0.992,1.497,-0.000,0.001,0.000,15.0
779,-2.486,0.992,1.497,-0.000,0.001,0.000,15.0
780,-2.487,0.992,1.497,-0.000,0.001,0.000,15.0
781,-2.487,0.992,1.497,-0.000,0.001,0.000,15.0
782,-2.487,0.992,1.497,-0.000,0.001,0.000,15.0
783,-2.487,0.992,1.497,-0.000,0.001,0.000,15.0
784,-2.487,0.992,1.497,-0.000,0.001,0.000,15.0
785,-2.487,0.992,1.497,-0.000,0.001,0.000,15.0
786,-2.488,0.993,1.497,-0.000,0.001,0.000,15.0
787,-2.488,0.993,1.497,-0.000,0.001,0.000,15.0
788,-2.488,0.993,1.497,-0.000,0.001,0.000,15.0
789,-2.488,0.993,1.497,-0.000,0.001,0.000,15.0
790,-2.488,0.993,1.497,-0.000,0.001,0.000,15.0
791,-2.488,0.993,1.497,-0.000,0.001,0.000,15.0
792,-2.489,0.993,1.497,-0.000,0.001,0.000,15.0
793,-2.489,0.993,1.497,-0.000,0.001,0.000,15.0
794,-2.489,0.993,1.497,-0.000,0.001,0.000,15.0
795,-2.489,0.993,1.497,-0.000,0.001,0.000,15.0
796,-2.489,0.993,1.497,-0.000,0.001,0.000,15.0
797,-2.489,0.994,1.497,-0.000,0.001,0.000,15.0
798,-2.489,0.994,1.497,-0.000,0.001,0.000,15.0
799,-2.490,0.994,1.497,-0.000,0.001,0.000,15.0
800,-2.490,0.994,1.497,-0.000,0.001,0.000,15.0
801,-2.490,0.994,1.497,-0.000,0.001,0.000,15.0
802,-2.490,0.994,1.497,-0.000,0.001,0.000,15.0
803,-2.490,0.994,1.497,-0.000,0.001,0.000,15.0
804,-2.490,0.994,1.497,-0.000,0.001,0.000,15.0
805,-2.490,0.994,1.497,-0.000,0.001,0.000,15.0
806,-2.491,0.994,1.497,-0.000,0.001,0.000,15.0
807,-2.491,0.994,1.497,-0.000,0.001,0.000,15.0
808,-2.491,0.994,1.497,-0.000,0.001,0.000,15.0
809,-2.491,0.994,1.497,-0.000,0.001,0.000,15.0
810,-2.491,0.995,1.497,-0.000,0.001,0.000,15.0
811,-2.491,0.995,1.497,-0.000,0.001,0.000,15.0
812,-2.491,0.995,1.497,-0.000,0.001,0.000,15.0
813,-2.491,0.995,1.497,-0.000,0.000,0.000,15.0
814,-2.491,0.995,1.497,-0.000,0.000,0.000,15.0
815,-2.492,0.995,1.497,-0.000,0.006,0.004,15.0
816,-2.492,0.995,1.497,-0.000,0.009,0.006,15.0
817,-2.492,0.995,1.497,-0.000,0.009,0.006,15.0
818,-2.492,0.995,1.497,-0.000,0.007,0.004,15.0
819,-2.492,0.995,1.497,-0.000,0.004,0.002,15.0
820,-2.492,0.995,1.497,-0.000,0.000,0.000,15.0
821,-2.492,0.995,1.497,-0.000,-0.002,-0.001,15.0
822,-2.492,0.995,1.497,-0.000,-0.003,-0.002,15.0
823,-2.492,0.995,1.497,-0.000,-0.002,-0.001,15.0
824,-2.492,0.995,1.497,-0.000,-0.001,-0.001,15.0
825,-2.492,0.995,1.497,-0.000,0.000,0.000,15.0
826,-2.492,0.995,1.497,-0.000,0.001,0.001,15.0
827,-2.492,0.995,1.497,-0.000,0.001,0.001,15.0
828,-2.492,0.995,1.497,-0.000,0.001,0.001,15.0
829,-2.492,0.995,1.497,-0.000,0.001,0.001,15.0
830,-2.492,0.995,1.497,-0.000,0.000,0.000,15.0
831,-2.492,0.995,1.497,-0.000,-0.000,-0.000,15.0
832,-2.492,0.995,1.497,-0.000,-0.000,-0.000,15.0
833,-2.492,0.995,1.497,-0.000,-0.001,-0.000,15.0
834,-2.492,0.995,1.497,-0.000,-0.000,-0.000,15.0
835,-2.492,0.995,1.497,-0.000,-0.000,-0.000,15.0
836,-2.492,0.995,1.497,-0.000,0.000,0.000,15.0
837,-2.492,0.995,1.497,-0.000,0.000,0.000,15.0
838,-2.492,0.995,1.497,-0.000,0.000,0.000,15.0
839,-2.492,0.995,1.497,-0.000,0.000,0.000,15.0
840,-2.492,0.995,1.497,-0.000,0.000,0.000,15.0
841,-2.492,0.995,1.497,-0.000,0.000,0.000,15.0
842,-2.492,0.995,1.497,-0.000,-0.000,-0.000,15.0
843,-2.492,0.995,1.497,-0.000,-0.000,-0.000,15.0
844,-2.492,0.995,1.497,-0.000,-0.000,-0.000,15.0
845,-2.492,0.995,1.497,-0.000,-0.000,-0.000,15.0
846,-2.492,0.995,1.497,-0.000,-0.000,-0.000,15.0
847,-2.492,0.995,1.497,-0.000,0.000,0.000,15.0
848,-2.492,0.995,1.497,-0.000,0.000,0.000,15.0
849,-2.492,0.995,1.497,-0.000,0.000,0.000,15.0
850,-2.492,0.995,1.497,-0.000,0.000,0.000,15.0
851,-2.492,0.995,1.497,-0.000,0.000,0.000,15.0
852,-2.492,0.995,1.497,-0.000,-0.000,-0.000,15.0
853,-2.492,0.995,1.497,-0.000,-0.000,-0.000,15.0
854,-2.492,0.995,1.497,-0.000,-0.000,-0.000,15.0
855,-2.492,0.995,1.497,-0.000,-0.000,-0.000,15.0
856,-2.492,0.995,1.497,-0.000,-0.000,-0.000,15.0
857,-2.492,0.995,1.497,-0.000,-0.000,-0.000,15.0
858,-2.492,0.995,1.497,-0.000,0.000,0.000,15.0
859,-2.492,0.995,1.497,-0.000,0.000,0.000,15.0
860,-2.492,0.995,1.497,-0.000,0.000,0.000,15.0
861,-2.492,0.995,1.497,-0.000,0.000,0.000,15.0
862,-2.492,0.995,1.497,-0.000,0.000,0.000,15.0
863,-2.492,0.995,1.497,-0.000,-0.000,-0.000,15.0
864,-2.492,0.995,1.497,-0.000,-0.000,-0.000,15.0
865,-2.492,0.995,1.497,-0.000,-0.000,-0.000,15.0
866,-2.492,0.995,1.497,-0.000,-0.000,-0.000,15.0
867,-2.492,0.995,1.497,-0.000,-0.000,-0.000,15.0
868,-2.492,0.995,1.497,-0.000,0.000,0.000,15.0
869,-2.492,0.995,1.497,-0.000,0.000,0.000,15.0
870,-2.492,0.995,1.497,-0.000,0.000,0.000,15.0
871,-2.492,0.995,1.497,-0.000,0.000,0.000,15.0
872,-2.492,0.995,1.497,-0.000,0.000,0.000,15.0
873,-2.492,0.995,1.497,-0.000,0.000,0.000,15.0
874,-2.492,0.995,1.497,-0.000,-0.000,-0.000,15.0
875,-2.492,0.995,1.497,-0.000,-0.000,-0.000,15.0
876,-2.492,0.995,1.497,-0.000,-0.000,-0.000,15.0
877,-2.492,0.995,1.497,-0.000,-0.000,-0.000,15.0
878,-2.492,0.995,1.497,-0.000,-0.000,-0.000,15.0
879,-2.492,0.995,1.497,-0.000,0.000,0.000,15.0
880,-2.492,0.995,1.497,-0.000,0.000,0.000,15.0
881,-2.492,0.995,1.497,-0.000,0.000,0.000,15.0
882,-2.492,0.995,1.497,-0.000,0.000,0.000,15.0
883,-2.492,0.995,1.497,-0.000,0.000,0.000,15.0
884,-2.492,0.995,1.497,-0.000,-0.000,-0.000,15.0
885,-2.492,0.995,1.497,-0.000,-0.000,-0.000,15.0
886,-2.492,0.995,1.497,-0.000,-0.000,-0.000,15.0
887,-2.492,0.995,1.497,-0.000,-0.000,-0.000,15.0
888,-2.492,0.995,1.497,-0.000,-0.000,-0.000,15.0
889,-2.492,0.995,1.497,-0.000,-0.000,-0.000,15.0
890,-2.492,0.995,1.497,-0.000,0.000,0.000,15.0
891,-2.492,0.995,1.497,-0.000,0.000,0.000,15.0
892,-2.492,0.995,1.497,-0.000,0.000,0.000,15.0
893,-2.492,0.995,1.497,-0.000,0.000,0.000,15.0
894,-2.492,0.995,1.497,-0.000,0.000,0.000,15.0
895,-2.492,0.995,1.497,-0.000,-0.000,-0.000,15.0
896,-2.492,0.995,1.497,-0.000,-0.000,-0.000,15.0
897,-2.492,0.995,1.497,-0.000,-0.000,-0.000,15.0
898,-2.492,0.995,1.497,-0.000,-0.000,-0.000,15.0
899,-2.492,0.995,1.497,-0.000,-0.000,-0.000,15.0
900,-2.492,0.995,1.497,-0.000,0.000,0.000,15.0
901,-2.492,0.995,1.497,-0.000,0.000,0.000,15.0
902,-2.492,0.995,1.497,-0.000,0.000,0.000,15.0
903,-2.492,0.995,1.497,-0.000,0.000,0.000,15.0
904,-2.492,0.995,1.497,-0.000,0.000,0.000,15.0
905,-2.492,0.995,1.497,-0.000,0.000,0.000,15.0
906,-2.492,0.995,1.497,-0.000,-0.000,-0.000,15.0
907,-2.492,0.995,1.497,-0.000,-0.000,-0.000,15.0
908,-2.492,0.995,1.497,-0.000,-0.000,-0.000,15.0
909,-2.492,0.995,1.497,-0.000,-0.000,-0.000,15.0
910,-2.492,0.995,1.497,-0.000,-0.000,-0.000,15.0
911,-2.492,0.995,1.497,-0.000,0.000,0.000,15.0
912,-2.492,0.995,1.497,-0.000,0.000,0.000,15.0
913,-2.492,0.995,1.497,-0.000,0.000,0.000,15.0
914,-2.492,0.995,1.497,-0.000,0.000,0.000,15.0
915,-2.492,0.995,1.497,-0.000,0.000,0.000,15.0
916,-2.492,0.995,1.497,-0.000,-0.000,-0.000,15.0
917,-2.492,0.995,1.497,-0.000,-0.000,-0.000,15.0
918,-2.492,0.995,1.497,-0.000,-0.000,-0.000,15.0
919,-2.492,0.995,1.497,-0.000,-0.000,-0.000,15.0
920,-2.492,0.995,1.497,-0.000,-0.000,-0.000,15.0
921,-2.492,0.995,1.497,-0.000,-0.000,-0.000,15.0
922,-2.492,0.995,1.497,-0.000,0.000,0.000,15.0
923,-2.492,0.995,1.497,-0.000,0.000,0.000,15.0
924,-2.492,0.995,1.497,-0.000,0.000,0.000,15.0
925,-2.492,0.995,1.497,-0.000,0.000,0.000,15.0
926,-2.492,0.995,1.497,-0.000,0.000,0.000,15.0
927,-2.492,0.995,1.497,-0.000,-0.000,-0.000,15.0
928,-2.492,0.995,1.497,-0.000,-0.000,-0.000,15.0
929,-2.492,0.995,1.497,-0.000,-0.000,-0.000,15.0
930,-2.492,0.995,1.497,-0.000,-0.000,-0.000,15.0
931,-2.492,0.995,1.497,-0.000,-0.000,-0.000,15.0
932,-2.492,0.995,1.497,-0.000,0.000,0.000,15.0
933,-2.492,0.995,1.497,-0.000,0.000,0.000,15.0
934,-2.492,0.995,1.497,-0.000,0.000,0.000,15.0
935,-2.492,0.995,1.497,-0.000,0.000,0.000,15.0
936,-2.492,0.995,1.497,-0.000,0.000,0.000,15.0
937,-2.492,0.995,1.497,-0.000,0.000,0.000,15.0
938,-2.492,0.995,1.497,-0.000,-0.000,-0.000,15.0
939,-2.492,0.995,1.497,-0.000,-0.000,-0.000,15.0
940,-2.492,0.995,1.497,-0.000,-0.000,-0.000,15.0
941,-2.492,0.995,1.497,-0.000,-0.000,-0.000,15.0
942,-2.492,0.995,1.497,-0.000,-0.000,-0.000,15.0
943,-2.492,0.995,1.497,-0.000,0.000,0.000,15.0
944,-2.492,0.995,1.497,-0.000,0.000,0.000,15.0
945,-2.492,0.995,1.497,-0.000,0.000,0.000,15.0
946,-2.492,0.995,1.497,-0.000,0.000,0.000,15.0
947,-2.492,0.995,1.497,-0.000,0.000,0.000,15.0
948,-2.492,0.995,1.497,-0.000,-0.000,-0.000,15.0
949,-2.492,0.995,1.497,-0.000,-0.000,-0.000,15.0
950,-2.492,0.995,1.497,-0.000,-0.000,-0.000,15.0
951,-2.492,0.995,1.497,-0.000,-0.000,-0.000,15.0
952,-2.492,0.995,1.497,-0.000,-0.000,-0.000,15.0
953,-2.492,0.995,1.497,-0.000,-0.000,-0.000,15.0
954,-2.492,0.995,1.497,-0.000,0.000,0.000,15.0
955,-2.492,0.995,1.497,-0.000,0.000,0.000,15.0
956,-2.492,0.995,1.497,-0.000,0.000,0.000,15.0
957,-2.492,0.995,1.497,-0.000,0.000,0.000,15.0
958,-2.492,0.995,1.497,-0.000,0.000,0.000,15.0
959,-2.492,0.995,1.497,-0.000,-0.000,-0.000,15.0
960,-2.492,0.995,1.497,-0.000,-0.000,-0.000,15.0
961,-2.492,0.995,1.497,-0.000,-0.000,-0.000,15.0
962,-2.492,0.995,1.497,-0.000,-0.000,-0.000,15.0
963,-2.492,0.995,1.497,-0.000,-0.000,-0.000,15.0
964,-2.492,0.995,1.497,-0.000,0.000,0.000,15.0
965,-2.492,0.995,1.497,-0.000,0.000,0.000,15.0
966,-2.492,0.995,1.497,-0.000,0.000,0.000,15.0
967,-2.492,0.995,1.497,-0.000,0.000,0.000,15.0
968,-2.492,0.995,1.497,-0.000,0.000,0.000,15.0
969,-2.492,0.995,1.497,-0.000,0.000,0.000,15.0
970,-2.492,0.995,1.497,-0.000,-0.000,-0.000,15.0
971,-2.492,0.995,1.497,-0.000,-0.000,-0.000,15.0
972,-2.492,0.995,1.497,-0.000,-0.000,-0.000,15.0
973,-2.492,0.995,1.497,-0.000,-0.000,-0.000,15.0
974,-2.492,0.995,1.497,-0.000,-0.000,-0.000,15.0
975,-2.492,0.995,1.497,-0.000,-0.000,-0.000,15.0
976,-2.492,0.995,1.497,-0.000,0.000,-0.000,15.0
977,-2.492,0.995,1.497,-0.000,0.000,-0.000,15.0
978,-2.492,0.995,1.497,-0.000,0.000,-0.000,15.0
979,-2.492,0.995,1.497,-0.000,0.000,-0.000,15.0
980,-2.492,0.995,1.497,-0.000,0.000,0.000,15.0
981,-2.492,0.995,1.497,-0.000,0.000,0.000,15.0
982,-2.492,0.995,1.497,-0.000,0.000,0.000,15.0
983,-2.492,0.995,1.497,-0.000,0.000,0.000,15.0
984,-2.492,0.995,1.497,-0.000,0.000,0.000,15.0
985,-2.492,0.995,1.497,-0.000,0.000,0.000,15.0
986,-2.492,0.995,1.497,-0.000,-0.000,0.000,15.0
987,-2.492,0.995,1.497,-0.000,-0.000,0.000,15.0
988,-2.492,0.995,1.497,-0.000,-0.000,0.000,15.0
989,-2.492,0.995,1.497,-0.000,-0.000,0.000,15.0
990,-2.492,0.995,1.497,-0.000,-0.000,0.000,15.0
991,-2.492,0.995,1.497,-0.000,-0.000,0.000,15.0
992,-2.492,0.995,1.497,-0.000,-0.000,0.000,15.0
993,-2.492,0.995,1.497,-0.000,-0.000,0.000,15.0
994,-2.492,0.995,1.497,-0.000,-0.000,-0.000,15.0
995,-2.492,0.995,1.497,-0.000,-0.000,-0.000,15.0
996,-2.492,0.995,1.497,-0.000,-0.000,-0.000,15.0
997,-2.492,0.995,1.497,-0.000,-0.000,-0.000,15.0
998,-2.492,0.995,1.497,-0.000,-0.000,-0.000,15.0
999,-2.492,0.995,1.497,-0.000,-0.000,-0.000,15.0
1000,-2.492,0.995,1.497,-0.000,0.000,-0.000,15.0
1001,-2.492,0.995,1.497,-0.000,0.000,-0.000,15.0
1002,-2.492,0.995,1.497,-0.000,0.000,-0.000,15.0
1003,-2.492,0.995,1.497,-0.000,0.000,-0.000,15.0
1004,-2.492,0.995,1.497,-0.000,0.000,-0.000,15.0
1005,-2.492,0.995,1.497,-0.000,0.000,-0.000,15.0
1006,-2.492,0.995,1.497,-0.000,0.000,-0.000,15.0
1007,-2.492,0.995,1.497,-0.000,0.000,-0.000,15.0
1008,-2.492,0.995,1.497,-0.000,0.000,0.000,15.0
1009,-2.492,0.995,1.497,-0.000,0.000,0.000,15.0
1010,-2.492,0.995,1.497,-0.000,0.000,0.000,15.0
1011,-2.492,0.995,1.497,-0.000,0.000,0.000,15.0
1012,-2.492,0.995,1.497,-0.000,0.000,0.000,15.0
1013,-2.492,0.995,1.497,-0.000,0.000,0.000,15.0
1014,-2.492,0.995,1.497,-0.000,-0.000,0.000,15.0
1015,-2.492,0.995,1.497,-0.000,-0.000,0.000,15.0
1016,-2.492,0.995,1.497,-0.000,-0.000,0.000,15.0
1017,-2.492,0.995,1.497,-0.000,-0.000,0.000,15.0
1018,-2.492,0.995,1.497,-0.000,-0.000,0.000,15.0
1019,-2.492,0.995,1.497,-0.000,-0.000,0.000,15.0
1020,-2.492,0.995,1.497,-0.000,-0.000,0.000,15.0
1021,-2.492,0.995,1.497,-0.000,-0.000,-0.000,15.0
1022,-2.492,0.995,1.497,-0.000,-0.000,-0.000,15.0
1023,-2.492,0.995,1.497,-0.000,-0.000,-0.000,15.0
1024,-2.492,0.995,1.497,-0.000,-0.000,-0.000,15.0
1025,-2.492,0.995,1.497,-0.000,-0.000,-0.000,15.0
1026,-2.492,0.995,1.497,-0.000,-0.000,-0.000,15.0
1027,-2.492,0.995,1.497,-0.000,-0.000,-0.000,15.0
1028,-2.492,0.995,1.497,-0.000,0.000,-0.000,15.0
1029,-2.492,0.995,1.497,-0.000,0.000,-0.000,15.0
1030,-2.492,0.995,1.497,-0.000,0.000,-0.000,15.0
1031,-2.492,0.995,1.497,-0.000,0.000,-0.000,15.0
1032,-2.492,0.995,1.497,-0.000,0.000,-0.000,15.0
1033,-2.492,0.995,1.497,-0.000,0.000,-0.000,15.0
1034,-2.492,0.995,1.497,-0.000,0.000,-0.000,15.0
1035,-2.492,0.995,1.497,-0.000,0.000,0.000,15.0
1036,-2.492,0.995,1.497,-0.000,0.000,0.000,15.0
1037,-2.492,0.995,1.497,-0.000,0.000,0.000,15.0
1038,-2.492,0.995,1.497,-0.000,0.000,0.000,15.0
1039,-2.492,0.995,1.497,-0.000,0.000,0.000,15.0
1040,-2.492,0.995,1.497,-0.000,0.000,0.000,15.0
1041,-2.492,0.995,1.497,-0.000,-0.000,0.000,15.0
1042,-2.492,0.995,1.497,-0.000,-0.000,0.000,15.0
1043,-2.492,0.995,1.497,-0.000,-0.000,0.000,15.0
1044,-2.492,0.995,1.497,-0.000,-0.000,0.000,15.0
1045,-2.492,0.995,1.497,-0.000,-0.000,0.000,15.0
1046,-2.492,0.995,1.497,-0.000,-0.000,0.000,15.0
1047,-2.492,0.995,1.497,-0.000,-0.000,0.000,15.0
1048,-2.492,0.995,1.497,-0.000,-0.000,0.000,15.0
1049,-2.492,0.995,1.497,-0.000,-0.000,-0.000,15.0
1050,-2.492,0.995,1.497,-0.000,-0.000,-0.000,15.0
1051,-2.492,0.995,1.497,-0.000,-0.000,-0.000,15.0
1052,-2.492,0.995,1.497,-0.000,-0.000,-0.000,15.0
1053,-2.492,0.995,1.497,-0.000,-0.000,-0.000,15.0
1054,-2.492,0.995,1.497,-0.000,-0.000,-0.000,15.0
1055,-2.492,0.995,1.497,-0.000,0.000,-0.000,15.0
1056,-2.492,0.995,1.497,-0.000,0.000,-0.000,15.0
1057,-2.492,0.995,1.497,-0.000,0.000,-0.000,15.0
1058,-2.492,0.995,1.497,-0.000,0.000,-0.000,15.0
1059,-2.492,0.995,1.497,-0.000,0.000,-0.000,15.0
1060,-2.492,0.995,1.497,-0.000,0.000,-0.000,15.0
1061,-2.492,0.995,1.497,-0.000,0.000,-0.000,15.0
1062,-2.492,0.995,1.497,-0.000,0.000,-0.000,15.0
1063,-2.492,0.995,1.497,-0.000,0.000,0.000,15.0
1064,-2.492,0.995,1.497,-0.000,0.000,0.000,15.0
1065,-2.492,0.995,1.497,-0.000,0.000,0.000,15.0
1066,-2.492,0.995,1.497,-0.000,0.000,0.000,15.0
1067,-2.492,0.995,1.497,-0.000,0.000,0.000,15.0
1068,-2.492,0.995,1.497,-0.000,0.000,0.000,15.0
1069,-2.492,0.995,1.497,-0.000,-0.000,0.000,15.0
1070,-2.492,0.995,1.497,-0.000,-0.000,0.000,15.0
1071,-2.492,0.995,1.497,-0.000,-0.000,0.000,15.0
1072,-2.492,0.995,1.497,-0.000,-0.000,0.000,15.0
1073,-2.492,0.995,1.497,-0.000,-0.000,0.000,15.0
1074,-2.492,0.995,1.497,-0.000,-0.000,0.000,15.0
1075,-2.492,0.995,1.497,-0.000,-0.000,0.000,15.0
1076,-2.492,0.995,1.497,-0.000,-0.000,0.000,15.0
1077,-2.492,0.995,1.497,-0.000,-0.000,-0.000,15.0
1078,-2.492,0.995,1.497,-0.000,-0.000,-0.000,15.0
1079,-2.492,0.995,1.497,-0.000,-0.000,-0.000,15.0
1080,-2.492,0.995,1.497,-0.000,-0.000,-0.000,15.0
1081,-2.492,0.995,1.497,-0.000,-0.000,-0.000,15.0
1082,-2.492,0.995,1.497,-0.000,0.000,-0.000,15.0
1083,-2.492,0.995,1.497,-0.000,0.000,-0.000,15.0
1084,-2.492,0.995,1.497,-0.000,0.000,-0.000,15.0
1085,-2.492,0.995,1.497,-0.000,0.000,-0.000,15.0
1086,-2.492,0.995,1.497,-0.000,0.000,-0.000,15.0
1087,-2.492,0.995,1.497,-0.000,0.000,-0.000,15.0
1088,-2.492,0.995,1.497,-0.000,0.000,-0.000,15.0
1089,-2.492,0.995,1.497,-0.000,0.000,-0.000,15.0
1090,-2.492,0.995,1.497,-0.000,0.000,-0.000,15.0
1091,-2.492,0.995,1.497,-0.000,0.000,0.000,15.0
1092,-2.492,0.995,1.497,-0.000,0.000,0.000,15.0
1093,-2.492,0.995,1.497,-0.000,0.000,0.000,15.0
1094,-2.492,0.995,1.497,-0.000,0.000,0.000,15.0
1095,-2.492,0.995,1.497,-0.000,0.000,0.000,15.0
1096,-2.492,0.995,1.497,-0.000,-0.000,0.000,15.0
1097,-2.492,0.995,1.497,-0.000,-0.000,0.000,15.0
1098,-2.492,0.995,1.497,-0.000,-0.000,0.000,15.0
1099,-2.492,0.995,1.497,-0.000,-0.000,0.000,15.0
1100,-2.492,0.995,1.497,-0.000,-0.000,0.000,15.0
1101,-2.492,0.995,1.497,-0.000,-0.000,0.000,15.0
1102,-2.492,0.995,1.497,-0.000,-0.000,0.000,15.0
1103,-2.492,0.995,1.497,-0.000,-0.000,0.000,15.0
1104,-2.492,0.995,1.497,-0.000,-0.000,-0.000,15.0
1105,-2.492,0.995,1.497,-0.000,-0.000,-0.000,15.0
1106,-2.492,0.995,1.497,-0.000,-0.000,-0.000,15.0
1107,-2.492,0.995,1.497,-0.000,-0.000,-0.000,15.0
1108,-2.492,0.995,1.497,-0.000,-0.000,-0.000,15.0
1109,-2.492,0.995,1.497,-0.000,-0.000,-0.000,15.0
1110,-2.492,0.995,1.497,-0.000,0.000,-0.000,15.0
1111,-2.492,0.995,1.497,-0.000,0.000,-0.000,15.0
1112,-2.492,0.995,1.497,-0.000,0.000,-0.000,15.0
1113,-2.492,0.995,1.497,-0.000,0.000,-0.000,15.0
1114,-2.492,0.995,1.497,-0.000,0.000,-0.000,15.0
1115,-2.492,0.995,1.497,-0.000,0.000,-0.000,15.0
1116,-2.492,0.995,1.497,-0.000,0.000,-0.000,15.0
1117,-2.492,0.995,1.497,-0.000,0.000,-0.000,15.0
1118,-2.492,0.995,1.497,-0.000,0.000,0.000,15.0
1119,-2.492,0.995,1.497,-0.000,0.000,0.000,15.0
1120,-2.492,0.995,1.497,-0.000,0.000,0.000,15.0
1121,-2.492,0.995,1.497,-0.000,0.000,0.000,15.0
1122,-2.492,0.995,1.497,-0.000,0.000,0.000,15.0
1123,-2.492,0.995,1.497,-0.000,0.000,0.000,15.0
1124,-2.492,0.995,1.497,-0.000,-0.000,0.000,15.0
1125,-2.492,0.995,1.497,-0.000,-0.000,0.000,15.0
1126,-2.492,0.995,1.497,-0.000,-0.000,0.000,15.0
1127,-2.492,0.995,1.497,-0.000,-0.000,0.000,15.0
1128,-2.492,0.995,1.497,-0.000,-0.000,0.000,15.0
1129,-2.492,0.995,1.497,-0.000,-0.000,0.000,15.0
1130,-2.492,0.995,1.497,-0.000,-0.000,0.000,15.0
1131,-2.492,0.995,1.497,-0.000,-0.000,0.000,15.0
1132,-2.492,0.995,1.497,-0.000,-0.000,-0.000,15.0
1133,-2.492,0.995,1.497,-0.000,-0.000,-0.000,15.0
1134,-2.492,0.995,1.497,-0.000,-0.000,-0.000,15.0
1135,-2.492,0.995,1.497,-0.000,-0.000,-0.000,15.0
1136,-2.492,0.995,1.497,-0.000,-0.000,-0.000,15.0
1137,-2.492,0.995,1.497,-0.000,0.000,-0.000,15.0
1138,-2.492,0.995,1.497,-0.000,0.000,-0.000,15.0
1139,-2.492,0.995,1.497,-0.000,0.000,-0.000,15.0
1140,-2.492,0.995,1.497,-0.000,0.000,-0.000,15.0
1141,-2.492,0.995,1.497,-0.000,0.000,-0.000,15.0
1142,-2.492,0.995,1.497,-0.000,0.000,-0.000,15.0
1143,-2.492,0.995,1.497,-0.000,0.000,-0.000,15.0
1144,-2.492,0.995,1.497,-0.000,0.000,-0.000,15.0
1145,-2.492,0.995,1.497,-0.000,0.000,-0.000,15.0
1146,-2.492,0.995,1.497,-0.000,0.000,0.000,15.0
1147,-2.492,0.995,1.497,-0.000,0.000,0.000,15.0
1148,-2.492,0.995,1.497,-0.000,0.000,0.000,15.0
1149,-2.492,0.995,1.497,-0.000,0.000,0.000,15.0
1150,-2.492,0.995,1.497,-0.000,0.000,0.000,15.0
1151,-2.492,0.995,1.497,-0.000,-0.000,0.000,15.0
1152,-2.492,0.995,1.497,-0.000,-0.000,0.000,15.0
1153,-2.492,0.995,1.497,-0.000,-0.000,0.000,15.0
1154,-2.492,0.995,1.497,-0.000,-0.000,0.000,15.0
1155,-2.492,0.995,1.497,-0.000,-0.000,0.000,15.0
1156,-2.492,0.995,1.497,-0.000,-0.000,0.000,15.0
1157,-2.492,0.995,1.497,-0.000,-0.000,0.000,15.0
1158,-2.492,0.995,1.497,-0.000,-0.000,0.000,15.0
1159,-2.492,0.995,1.497,-0.000,-0.000,0.000,15.0
1160,-2.492,0.995,1.497,-0.000,-0.000,-0.000,15.0
1161,-2.492,0.995,1.497,-0.000,-0.000,-0.000,15.0
1162,-2.492,0.995,1.497,-0.000,-0.000,-0.000,15.0
1163,-2.492,0.995,1.497,-0.000,-0.000,-0.000,15.0
1164,-2.492,0.995,1.497,-0.000,-0.000,-0.000,15.0
1165,-2.492,0.995,1.497,-0.000,0.000,-0.000,15.0
1166,-2.492,0.995,1.497,-0.000,0.000,-0.000,15.0
1167,-2.492,0.995,1.497,-0.000,0.000,-0.000,15.0
1168,-2.492,0.995,1.497,-0.000,0.000,-0.000,15.0
1169,-2.492,0.995,1.497,-0.000,0.000,-0.000,15.0
1170,-2.492,0.995,1.497,-0.000,0.000,-0.000,15.0
1171,-2.492,0.995,1.497,-0.000,0.000,-0.000,15.0
1172,-2.492,0.995,1.497,-0.000,0.000,-0.000,15.0
1173,-2.492,0.995,1.497,-0.000,0.000,-0.000,15.0
1174,-2.492,0.995,1.497,-0.000,0.000,0.000,15.0
1175,-2.492,0.995,1.497,-0.000,0.000,0.000,15.0
1176,-2.492,0.995,1.497,-0.000,0.000,0.000,15.0
1177,-2.492,0.995,1.497,-0.000,0.000,0.000,15.0
1178,-2.492,0.995,1.497,-0.000,0.000,0.000,15.0
1179,-2.492,0.995,1.497,-0.000,-0.000,0.000,15.0
1180,-2.492,0.995,1.497,-0.000,-0.000,0.000,15.0
1181,-2.492,0.995,1.497,-0.000,-0.000,0.000,15.0
1182,-2.492,0.995,1.497,-0.000,-0.000,0.000,15.0
1183,-2.492,0.995,1.497,-0.000,-0.000,0.000,15.0
1184,-2.492,0.995,1.497,-0.000,-0.000,0.000,15.0
1185,-2.492,0.995,1.497,-0.000,-0.000,0.000,15.0
1186,-2.492,0.995,1.497,-0.000,-0.000,0.000,15.0
1187,-2.492,0.995,1.497,-0.000,-0.000,-0.000,15.0
1188,-2.492,0.995,1.497,-0.000,-0.000,-0.000,15.0
1189,-2.492,0.995,1.497,-0.000,-0.000,-0.000,15.0
1190,-2.492,0.995,1.497,-0.000,-0.000,-0.000,15.0
1191,-2.492,0.995,1.497,-0.000,-0.000,-0.000,15.0
1192,-2.492,0.995,1.497,-0.000,0.000,-0.000,15.0
1193,-2.492,0.995,1.497,-0.000,0.000,-0.000,15.0
1194,-2.492,0.995,1.497,-0.000,0.000,-0.000,15.0
1195,-2.492,0.995,1.497,-0.000,0.000,-0.000,15.0
1196,-2.492,0.995,1.497,-0.000,0.000,-0.000,15.0
1197,-2.492,0.995,1.497,-0.000,0.000,-0.000,15.0
1198,-2.492,0.995,1.497,-0.000,0.000,-0.000,15.0
1199,-2.492,0.995,1.497,-0.000,0.000,-0.000,15.0
1200,-2.492,0.995,1.497,-0.000,0.000,-0.000,15.0
